periodo,id_categoria,categoria,variacao_mensal_pct,precip_nordeste_mm,precip_nordeste_mm_lag1,precip_nordeste_mm_lag2,precip_nordeste_mm_lag3,precip_nordeste_mm_lag6,precip_sul_mm,precip_sul_mm_lag1,precip_sul_mm_lag2,precip_sul_mm_lag3,precip_sul_mm_lag6,ano,mes
201501,acucares,IPCA - Acucares e derivados,2.4667,41.24444444444444,,,,,217.70000000000002,,,,,2015,1
201502,acucares,IPCA - Acucares e derivados,2.6872,125.17777777777776,41.24444444444444,,,,232.4,217.70000000000002,,,,2015,2
201503,acucares,IPCA - Acucares e derivados,0.7721,172.58888888888887,125.17777777777776,41.24444444444444,,,140.6,232.4,217.70000000000002,,,2015,3
201504,acucares,IPCA - Acucares e derivados,3.9767,118.8777777777778,172.58888888888887,125.17777777777776,41.24444444444444,,49.43333333333334,140.6,232.4,217.70000000000002,,2015,4
201505,acucares,IPCA - Acucares e derivados,1.3004,137.45555555555555,118.8777777777778,172.58888888888887,125.17777777777776,,135.20000000000002,49.43333333333334,140.6,232.4,,2015,5
201506,acucares,IPCA - Acucares e derivados,1.8697,124.38888888888889,137.45555555555555,118.8777777777778,172.58888888888887,,129.5,135.20000000000002,49.43333333333334,140.6,,2015,6
201507,acucares,IPCA - Acucares e derivados,-0.9532,113.15555555555557,124.38888888888889,137.45555555555555,118.8777777777778,41.24444444444444,184.46666666666667,129.5,135.20000000000002,49.43333333333334,217.70000000000002,2015,7
201508,acucares,IPCA - Acucares e derivados,0.2806,40.81111111111111,113.15555555555557,124.38888888888889,137.45555555555555,125.17777777777776,57.699999999999996,184.46666666666667,129.5,135.20000000000002,232.4,2015,8
201509,acucares,IPCA - Acucares e derivados,-2.518,20.744444444444444,40.81111111111111,113.15555555555557,124.38888888888889,172.58888888888887,168.9,57.699999999999996,184.46666666666667,129.5,140.6,2015,9
201510,acucares,IPCA - Acucares e derivados,-0.4939,15.566666666666666,20.744444444444444,40.81111111111111,113.15555555555557,118.8777777777778,202.73333333333335,168.9,57.699999999999996,184.46666666666667,49.43333333333334,2015,10
201511,acucares,IPCA - Acucares e derivados,4.0178,6.322222222222222,15.566666666666666,20.744444444444444,40.81111111111111,137.45555555555555,172.83333333333334,202.73333333333335,168.9,57.699999999999996,135.20000000000002,2015,11
201512,acucares,IPCA - Acucares e derivados,2.1506,44.97777777777778,6.322222222222222,15.566666666666666,20.744444444444444,124.38888888888889,244.4,172.83333333333334,202.73333333333335,168.9,129.5,2015,12
201601,acucares,IPCA - Acucares e derivados,10.3939,162.77777777777777,44.97777777777778,6.322222222222222,15.566666666666666,113.15555555555557,114.76666666666667,244.4,172.83333333333334,202.73333333333335,184.46666666666667,2016,1
201602,acucares,IPCA - Acucares e derivados,3.1194,103.48888888888888,162.77777777777777,44.97777777777778,6.322222222222222,40.81111111111111,192.86666666666665,114.76666666666667,244.4,172.83333333333334,57.699999999999996,2016,2
201603,acucares,IPCA - Acucares e derivados,-2.4344,136.75555555555556,103.48888888888888,162.77777777777777,44.97777777777778,20.744444444444444,181.1,192.86666666666665,114.76666666666667,244.4,168.9,2016,3
201604,acucares,IPCA - Acucares e derivados,3.9644,123.32222222222224,136.75555555555556,103.48888888888888,162.77777777777777,15.566666666666666,112.03333333333335,181.1,192.86666666666665,114.76666666666667,202.73333333333335,2016,4
201605,acucares,IPCA - Acucares e derivados,-1.2137,136.92222222222222,123.32222222222224,136.75555555555556,103.48888888888888,6.322222222222222,106.56666666666666,112.03333333333335,181.1,192.86666666666665,172.83333333333334,2016,5
201606,acucares,IPCA - Acucares e derivados,1.2922,78.44444444444444,136.92222222222222,123.32222222222224,136.75555555555556,44.97777777777778,64.93333333333334,106.56666666666666,112.03333333333335,181.1,244.4,2016,6
201607,acucares,IPCA - Acucares e derivados,5.7859,45.25555555555556,78.44444444444444,136.92222222222222,123.32222222222224,162.77777777777777,69.5,64.93333333333334,106.56666666666666,112.03333333333335,114.76666666666667,2016,7
201608,acucares,IPCA - Acucares e derivados,-0.3641,30.577777777777776,45.25555555555556,78.44444444444444,136.92222222222222,103.48888888888888,140.46666666666667,69.5,64.93333333333334,106.56666666666666,192.86666666666665,2016,8
201609,acucares,IPCA - Acucares e derivados,0.2825,27.444444444444443,30.577777777777776,45.25555555555556,78.44444444444444,136.75555555555556,74.0,140.46666666666667,69.5,64.93333333333334,181.1,2016,9
201610,acucares,IPCA - Acucares e derivados,-0.367,20.055555555555557,27.444444444444443,30.577777777777776,45.25555555555556,123.32222222222224,144.63333333333333,74.0,140.46666666666667,69.5,112.03333333333335,2016,10
201611,acucares,IPCA - Acucares e derivados,-3.8521,22.700000000000003,20.055555555555557,27.444444444444443,30.577777777777776,136.92222222222222,85.86666666666667,144.63333333333333,74.0,140.46666666666667,106.56666666666666,2016,11
201612,acucares,IPCA - Acucares e derivados,-1.2114,49.422222222222224,22.700000000000003,20.055555555555557,27.444444444444443,78.44444444444444,162.20000000000002,85.86666666666667,144.63333333333333,74.0,64.93333333333334,2016,12
201701,acucares,IPCA - Acucares e derivados,0.762,104.71111111111112,49.422222222222224,22.700000000000003,20.055555555555557,45.25555555555556,162.23333333333332,162.20000000000002,85.86666666666667,144.63333333333333,69.5,2017,1
201702,acucares,IPCA - Acucares e derivados,-1.1384,129.8777777777778,104.71111111111112,49.422222222222224,22.700000000000003,30.577777777777776,123.63333333333334,162.23333333333332,162.20000000000002,85.86666666666667,140.46666666666667,2017,2
201703,acucares,IPCA - Acucares e derivados,2.5853,214.16666666666666,129.8777777777778,104.71111111111112,49.422222222222224,27.444444444444443,103.96666666666665,123.63333333333334,162.23333333333332,162.20000000000002,74.0,2017,3
201704,acucares,IPCA - Acucares e derivados,2.2289,196.46666666666667,214.16666666666666,129.8777777777778,104.71111111111112,20.055555555555557,104.43333333333334,103.96666666666665,123.63333333333334,162.23333333333332,144.63333333333333,2017,4
201705,acucares,IPCA - Acucares e derivados,0.3372,233.67777777777778,196.46666666666667,214.16666666666666,129.8777777777778,22.700000000000003,192.83333333333334,104.43333333333334,103.96666666666665,123.63333333333334,85.86666666666667,2017,5
201706,acucares,IPCA - Acucares e derivados,-3.6555,157.9888888888889,233.67777777777778,196.46666666666667,214.16666666666666,49.422222222222224,153.06666666666666,192.83333333333334,104.43333333333334,103.96666666666665,162.20000000000002,2017,6
201707,acucares,IPCA - Acucares e derivados,-2.2635,184.63333333333333,157.9888888888889,233.67777777777778,196.46666666666667,104.71111111111112,18.566666666666666,153.06666666666666,192.83333333333334,104.43333333333334,162.23333333333332,2017,7
201708,acucares,IPCA - Acucares e derivados,-2.8582,64.1888888888889,184.63333333333333,157.9888888888889,233.67777777777778,129.8777777777778,76.36666666666666,18.566666666666666,153.06666666666666,192.83333333333334,123.63333333333334,2017,8
201709,acucares,IPCA - Acucares e derivados,-4.62,68.48888888888888,64.1888888888889,184.63333333333333,157.9888888888889,214.16666666666666,103.06666666666666,76.36666666666666,18.566666666666666,153.06666666666666,103.96666666666665,2017,9
201710,acucares,IPCA - Acucares e derivados,-1.3379,45.68888888888889,68.48888888888888,64.1888888888889,184.63333333333333,196.46666666666667,167.36666666666667,103.06666666666666,76.36666666666666,18.566666666666666,104.43333333333334,2017,10
201711,acucares,IPCA - Acucares e derivados,-1.6587,37.52222222222222,45.68888888888889,68.48888888888888,64.1888888888889,233.67777777777778,118.0,167.36666666666667,103.06666666666666,76.36666666666666,192.83333333333334,2017,11
201712,acucares,IPCA - Acucares e derivados,1.422,67.25555555555555,37.52222222222222,45.68888888888889,68.48888888888888,157.9888888888889,140.16666666666666,118.0,167.36666666666667,103.06666666666666,153.06666666666666,2017,12
201801,acucares,IPCA - Acucares e derivados,11.9082,120.67777777777776,67.25555555555555,37.52222222222222,45.68888888888889,184.63333333333333,171.9666666666667,140.16666666666666,118.0,167.36666666666667,18.566666666666666,2018,1
201802,acucares,IPCA - Acucares e derivados,-3.9619,213.72222222222223,120.67777777777776,67.25555555555555,37.52222222222222,64.1888888888889,98.46666666666665,171.9666666666667,140.16666666666666,118.0,76.36666666666666,2018,2
201803,acucares,IPCA - Acucares e derivados,-1.2198,170.17777777777778,213.72222222222223,120.67777777777776,67.25555555555555,68.48888888888888,154.70000000000002,98.46666666666665,171.9666666666667,140.16666666666666,103.06666666666666,2018,3
201804,acucares,IPCA - Acucares e derivados,-4.0191,249.4888888888889,170.17777777777778,213.72222222222223,120.67777777777776,45.68888888888889,32.833333333333336,154.70000000000002,98.46666666666665,171.9666666666667,167.36666666666667,2018,4
201805,acucares,IPCA - Acucares e derivados,3.1718,155.58888888888887,249.4888888888889,170.17777777777778,213.72222222222223,37.52222222222222,49.56666666666666,32.833333333333336,154.70000000000002,98.46666666666665,118.0,2018,5
201806,acucares,IPCA - Acucares e derivados,0.9757,90.58888888888889,155.58888888888887,249.4888888888889,170.17777777777778,67.25555555555555,88.36666666666667,49.56666666666666,32.833333333333336,154.70000000000002,140.16666666666666,2018,6
201807,acucares,IPCA - Acucares e derivados,-0.7576,106.25555555555555,90.58888888888889,155.58888888888887,249.4888888888889,120.67777777777776,93.59999999999998,88.36666666666667,49.56666666666666,32.833333333333336,171.9666666666667,2018,7
201808,acucares,IPCA - Acucares e derivados,-3.3588,50.08888888888889,106.25555555555555,90.58888888888889,155.58888888888887,213.72222222222223,84.60000000000001,93.59999999999998,88.36666666666667,49.56666666666666,98.46666666666665,2018,8
201809,acucares,IPCA - Acucares e derivados,-1.9375,36.96666666666667,50.08888888888889,106.25555555555555,90.58888888888889,170.17777777777778,141.70000000000002,84.60000000000001,93.59999999999998,88.36666666666667,154.70000000000002,2018,9
201810,acucares,IPCA - Acucares e derivados,1.5532,34.644444444444446,36.96666666666667,50.08888888888889,106.25555555555555,249.4888888888889,145.29999999999998,141.70000000000002,84.60000000000001,93.59999999999998,32.833333333333336,2018,10
201811,acucares,IPCA - Acucares e derivados,1.5834,80.63333333333334,34.644444444444446,36.96666666666667,50.08888888888889,155.58888888888887,101.36666666666667,145.29999999999998,141.70000000000002,84.60000000000001,49.56666666666666,2018,11
201812,acucares,IPCA - Acucares e derivados,1.7148,103.41111111111111,80.63333333333334,34.644444444444446,36.96666666666667,90.58888888888889,90.76666666666667,101.36666666666667,145.29999999999998,141.70000000000002,88.36666666666667,2018,12
201901,acucares,IPCA - Acucares e derivados,4.5509,135.39999999999998,103.41111111111111,80.63333333333334,34.644444444444446,106.25555555555555,124.2,90.76666666666667,101.36666666666667,145.29999999999998,93.59999999999998,2019,1
201902,acucares,IPCA - Acucares e derivados,4.8044,189.37777777777777,135.39999999999998,103.41111111111111,80.63333333333334,50.08888888888889,146.53333333333333,124.2,90.76666666666667,101.36666666666667,84.60000000000001,2019,2
201903,acucares,IPCA - Acucares e derivados,5.8478,299.18888888888887,189.37777777777777,135.39999999999998,103.41111111111111,36.96666666666667,105.73333333333333,146.53333333333333,124.2,90.76666666666667,141.70000000000002,2019,3
201904,acucares,IPCA - Acucares e derivados,2.9697,275.8111111111111,299.18888888888887,189.37777777777777,135.39999999999998,34.644444444444446,117.26666666666667,105.73333333333333,146.53333333333333,124.2,145.29999999999998,2019,4
201905,acucares,IPCA - Acucares e derivados,-2.1103,131.56666666666666,275.8111111111111,299.18888888888887,189.37777777777777,80.63333333333334,203.9333333333333,117.26666666666667,105.73333333333333,146.53333333333333,101.36666666666667,2019,5
201906,acucares,IPCA - Acucares e derivados,-1.2018,176.89999999999998,131.56666666666666,275.8111111111111,299.18888888888887,103.41111111111111,63.133333333333326,203.9333333333333,117.26666666666667,105.73333333333333,90.76666666666667,2019,6
201907,acucares,IPCA - Acucares e derivados,-3.2955,135.17777777777778,176.89999999999998,131.56666666666666,275.8111111111111,135.39999999999998,68.43333333333334,63.133333333333326,203.9333333333333,117.26666666666667,124.2,2019,7
201908,acucares,IPCA - Acucares e derivados,-4.5957,62.42222222222222,135.17777777777778,176.89999999999998,131.56666666666666,189.37777777777777,40.56666666666667,68.43333333333334,63.133333333333326,203.9333333333333,146.53333333333333,2019,8
201909,acucares,IPCA - Acucares e derivados,-2.24,50.488888888888894,62.42222222222222,135.17777777777778,176.89999999999998,299.18888888888887,109.93333333333334,40.56666666666667,68.43333333333334,63.133333333333326,105.73333333333333,2019,9
201910,acucares,IPCA - Acucares e derivados,-2.3441,44.77777777777778,50.488888888888894,62.42222222222222,135.17777777777778,275.8111111111111,129.29999999999998,109.93333333333334,40.56666666666667,68.43333333333334,117.26666666666667,2019,10
201911,acucares,IPCA - Acucares e derivados,-1.1532,38.3,44.77777777777778,50.488888888888894,62.42222222222222,131.56666666666666,121.39999999999999,129.29999999999998,109.93333333333334,40.56666666666667,203.9333333333333,2019,11
201912,acucares,IPCA - Acucares e derivados,7.6108,49.666666666666664,38.3,44.77777777777778,50.488888888888894,176.89999999999998,66.56666666666666,121.39999999999999,129.29999999999998,109.93333333333334,63.133333333333326,2019,12
202001,acucares,IPCA - Acucares e derivados,3.8709,150.94444444444446,49.666666666666664,38.3,44.77777777777778,135.17777777777778,166.70000000000002,66.56666666666666,121.39999999999999,129.29999999999998,68.43333333333334,2020,1
202002,acucares,IPCA - Acucares e derivados,4.1132,185.1222222222222,150.94444444444446,49.666666666666664,38.3,62.42222222222222,114.56666666666666,166.70000000000002,66.56666666666666,121.39999999999999,40.56666666666667,2020,2
202003,acucares,IPCA - Acucares e derivados,2.4927,282.65555555555557,185.1222222222222,150.94444444444446,49.666666666666664,50.488888888888894,49.73333333333333,114.56666666666666,166.70000000000002,66.56666666666666,109.93333333333334,2020,3
202004,acucares,IPCA - Acucares e derivados,5.7674,220.44444444444446,282.65555555555557,185.1222222222222,150.94444444444446,44.77777777777778,33.699999999999996,49.73333333333333,114.56666666666666,166.70000000000002,129.29999999999998,2020,4
202005,acucares,IPCA - Acucares e derivados,0.5298,219.42222222222222,220.44444444444446,282.65555555555557,185.1222222222222,38.3,86.33333333333333,33.699999999999996,49.73333333333333,114.56666666666666,121.39999999999999,2020,5
202006,acucares,IPCA - Acucares e derivados,-2.2283,128.60000000000002,219.42222222222222,220.44444444444446,282.65555555555557,49.666666666666664,157.53333333333333,86.33333333333333,33.699999999999996,49.73333333333333,66.56666666666666,2020,6
202007,acucares,IPCA - Acucares e derivados,-2.9481,106.63333333333334,128.60000000000002,219.42222222222222,220.44444444444446,150.94444444444446,114.7,157.53333333333333,86.33333333333333,33.699999999999996,166.70000000000002,2020,7
202008,acucares,IPCA - Acucares e derivados,-0.778,49.37777777777777,106.63333333333334,128.60000000000002,219.42222222222222,185.1222222222222,94.13333333333333,114.7,157.53333333333333,86.33333333333333,114.56666666666666,2020,8
202009,acucares,IPCA - Acucares e derivados,4.2316,41.099999999999994,49.37777777777777,106.63333333333334,128.60000000000002,282.65555555555557,101.76666666666667,94.13333333333333,114.7,157.53333333333333,49.73333333333333,2020,9
202010,acucares,IPCA - Acucares e derivados,4.1501,31.400000000000002,41.099999999999994,49.37777777777777,106.63333333333334,220.44444444444446,99.16666666666667,101.76666666666667,94.13333333333333,114.7,33.699999999999996,2020,10
202011,acucares,IPCA - Acucares e derivados,1.0845,92.12222222222222,31.400000000000002,41.099999999999994,49.37777777777777,219.42222222222222,125.2,99.16666666666667,101.76666666666667,94.13333333333333,86.33333333333333,2020,11
202012,acucares,IPCA - Acucares e derivados,4.4718,48.955555555555556,92.12222222222222,31.400000000000002,41.099999999999994,128.60000000000002,178.76666666666665,125.2,99.16666666666667,101.76666666666667,157.53333333333333,2020,12
202101,acucares,IPCA - Acucares e derivados,-0.6987,74.37777777777778,48.955555555555556,92.12222222222222,31.400000000000002,106.63333333333334,212.10000000000002,178.76666666666665,125.2,99.16666666666667,114.7,2021,1
202102,acucares,IPCA - Acucares e derivados,2.6851,113.0,74.37777777777778,48.955555555555556,92.12222222222222,49.37777777777777,123.59999999999998,212.10000000000002,178.76666666666665,125.2,94.13333333333333,2021,2
202103,acucares,IPCA - Acucares e derivados,-1.2424,169.05555555555554,113.0,74.37777777777778,48.955555555555556,41.099999999999994,162.46666666666667,123.59999999999998,212.10000000000002,178.76666666666665,101.76666666666667,2021,3
202104,acucares,IPCA - Acucares e derivados,2.4074,145.58888888888887,169.05555555555554,113.0,74.37777777777778,31.400000000000002,47.800000000000004,162.46666666666667,123.59999999999998,212.10000000000002,99.16666666666667,2021,4
202105,acucares,IPCA - Acucares e derivados,0.3245,145.33333333333334,145.58888888888887,169.05555555555554,113.0,92.12222222222222,101.66666666666667,47.800000000000004,162.46666666666667,123.59999999999998,125.2,2021,5
202106,acucares,IPCA - Acucares e derivados,0.8401,96.92222222222222,145.33333333333334,145.58888888888887,169.05555555555554,48.955555555555556,161.83333333333334,101.66666666666667,47.800000000000004,162.46666666666667,178.76666666666665,2021,6
202107,acucares,IPCA - Acucares e derivados,-0.6979,105.27777777777777,96.92222222222222,145.33333333333334,145.58888888888887,74.37777777777778,32.36666666666667,161.83333333333334,101.66666666666667,47.800000000000004,212.10000000000002,2021,7
202108,acucares,IPCA - Acucares e derivados,-0.2783,83.4,105.27777777777777,96.92222222222222,145.33333333333334,113.0,87.06666666666666,32.36666666666667,161.83333333333334,101.66666666666667,123.59999999999998,2021,8
202109,acucares,IPCA - Acucares e derivados,-2.9128,59.25555555555555,83.4,105.27777777777777,96.92222222222222,169.05555555555554,119.16666666666667,87.06666666666666,32.36666666666667,161.83333333333334,162.46666666666667,2021,9
202110,acucares,IPCA - Acucares e derivados,3.0401,62.599999999999994,59.25555555555555,83.4,105.27777777777777,145.58888888888887,155.5,119.16666666666667,87.06666666666666,32.36666666666667,47.800000000000004,2021,10
202111,acucares,IPCA - Acucares e derivados,3.6223,79.43333333333334,62.599999999999994,59.25555555555555,83.4,145.33333333333334,84.93333333333334,155.5,119.16666666666667,87.06666666666666,101.66666666666667,2021,11
202112,acucares,IPCA - Acucares e derivados,0.3753,113.62222222222222,79.43333333333334,62.599999999999994,59.25555555555555,96.92222222222222,79.73333333333333,84.93333333333334,155.5,119.16666666666667,161.83333333333334,2021,12
202201,acucares,IPCA - Acucares e derivados,5.4481,192.2111111111111,113.62222222222222,79.43333333333334,62.599999999999994,105.27777777777777,130.4,79.73333333333333,84.93333333333334,155.5,32.36666666666667,2022,1
202202,acucares,IPCA - Acucares e derivados,1.9827,101.64444444444445,192.2111111111111,113.62222222222222,79.43333333333334,83.4,94.23333333333333,130.4,79.73333333333333,84.93333333333334,87.06666666666666,2022,2
202203,acucares,IPCA - Acucares e derivados,3.3696,311.3333333333333,101.64444444444445,192.2111111111111,113.62222222222222,59.25555555555555,169.36666666666667,94.23333333333333,130.4,79.73333333333333,119.16666666666667,2022,3
202204,acucares,IPCA - Acucares e derivados,1.032,198.86666666666667,311.3333333333333,101.64444444444445,192.2111111111111,62.599999999999994,91.5,169.36666666666667,94.23333333333333,130.4,155.5,2022,4
202205,acucares,IPCA - Acucares e derivados,-1.0511,269.43333333333334,198.86666666666667,311.3333333333333,101.64444444444445,79.43333333333334,184.63333333333333,91.5,169.36666666666667,94.23333333333333,84.93333333333334,2022,5
202206,acucares,IPCA - Acucares e derivados,3.3576,184.41111111111113,269.43333333333334,198.86666666666667,311.3333333333333,113.62222222222222,113.63333333333333,184.63333333333333,91.5,169.36666666666667,79.73333333333333,2022,6
202207,acucares,IPCA - Acucares e derivados,-2.4031,150.73333333333335,184.41111111111113,269.43333333333334,198.86666666666667,192.2111111111111,64.46666666666665,113.63333333333333,184.63333333333333,91.5,130.4,2022,7
202208,acucares,IPCA - Acucares e derivados,-0.7719,102.24444444444445,150.73333333333335,184.41111111111113,269.43333333333334,101.64444444444445,157.46666666666667,64.46666666666665,113.63333333333333,184.63333333333333,94.23333333333333,2022,8
202209,acucares,IPCA - Acucares e derivados,-1.0366,52.63333333333333,102.24444444444445,150.73333333333335,184.41111111111113,311.3333333333333,138.46666666666667,157.46666666666667,64.46666666666665,113.63333333333333,169.36666666666667,2022,9
202210,acucares,IPCA - Acucares e derivados,-0.489,54.36666666666666,52.63333333333333,102.24444444444445,150.73333333333335,198.86666666666667,143.70000000000002,138.46666666666667,157.46666666666667,64.46666666666665,91.5,2022,10
202211,acucares,IPCA - Acucares e derivados,-1.276,121.92222222222222,54.36666666666666,52.63333333333333,102.24444444444445,269.43333333333334,133.20000000000002,143.70000000000002,138.46666666666667,157.46666666666667,184.63333333333333,2022,11
202212,acucares,IPCA - Acucares e derivados,1.7034,88.66666666666667,121.92222222222222,54.36666666666666,52.63333333333333,184.41111111111113,192.66666666666666,133.20000000000002,143.70000000000002,138.46666666666667,113.63333333333333,2022,12
202301,acucares,IPCA - Acucares e derivados,6.8026,110.65555555555555,88.66666666666667,121.92222222222222,54.36666666666666,150.73333333333335,125.86666666666667,192.66666666666666,133.20000000000002,143.70000000000002,64.46666666666665,2023,1
202302,acucares,IPCA - Acucares e derivados,0.0067,132.60000000000002,110.65555555555555,88.66666666666667,121.92222222222222,102.24444444444445,170.3,125.86666666666667,192.66666666666666,133.20000000000002,157.46666666666667,2023,2
202303,acucares,IPCA - Acucares e derivados,-3.4211,228.94444444444446,132.60000000000002,110.65555555555555,88.66666666666667,52.63333333333333,112.56666666666666,170.3,125.86666666666667,192.66666666666666,138.46666666666667,2023,3
202304,acucares,IPCA - Acucares e derivados,1.0094,165.0111111111111,228.94444444444446,132.60000000000002,110.65555555555555,54.36666666666666,66.66666666666667,112.56666666666666,170.3,125.86666666666667,143.70000000000002,2023,4
202305,acucares,IPCA - Acucares e derivados,-0.7636,138.42222222222222,165.0111111111111,228.94444444444446,132.60000000000002,121.92222222222222,53.666666666666664,66.66666666666667,112.56666666666666,170.3,133.20000000000002,2023,5
202306,acucares,IPCA - Acucares e derivados,4.1208,181.11111111111111,138.42222222222222,165.0111111111111,228.94444444444446,88.66666666666667,137.9333333333333,53.666666666666664,66.66666666666667,112.56666666666666,192.66666666666666,2023,6
202307,acucares,IPCA - Acucares e derivados,-3.8982,80.5,181.11111111111111,138.42222222222222,165.0111111111111,110.65555555555555,131.06666666666666,137.9333333333333,53.666666666666664,66.66666666666667,125.86666666666667,2023,7
202308,acucares,IPCA - Acucares e derivados,-2.7937,68.1,80.5,181.11111111111111,138.42222222222222,132.60000000000002,102.03333333333335,131.06666666666666,137.9333333333333,53.666666666666664,170.3,2023,8
202309,acucares,IPCA - Acucares e derivados,-0.4371,54.36666666666667,68.1,80.5,181.11111111111111,228.94444444444446,219.83333333333334,102.03333333333335,131.06666666666666,137.9333333333333,112.56666666666666,2023,9
202310,acucares,IPCA - Acucares e derivados,-1.3722,35.52222222222222,54.36666666666667,68.1,80.5,165.0111111111111,285.56666666666666,219.83333333333334,102.03333333333335,131.06666666666666,66.66666666666667,2023,10
202311,acucares,IPCA - Acucares e derivados,-1.1804,38.955555555555556,35.52222222222222,54.36666666666667,68.1,138.42222222222222,218.26666666666665,285.56666666666666,219.83333333333334,102.03333333333335,53.666666666666664,2023,11
202312,acucares,IPCA - Acucares e derivados,-1.0997,86.76666666666668,38.955555555555556,35.52222222222222,54.36666666666667,181.11111111111111,77.53333333333333,218.26666666666665,285.56666666666666,219.83333333333334,137.9333333333333,2023,12
202401,acucares,IPCA - Acucares e derivados,3.2215,96.24444444444444,86.76666666666668,38.955555555555556,35.52222222222222,80.5,167.79999999999998,77.53333333333333,218.26666666666665,285.56666666666666,131.06666666666666,2024,1
202402,acucares,IPCA - Acucares e derivados,0.845,214.94444444444446,96.24444444444444,86.76666666666668,38.955555555555556,68.1,127.0,167.79999999999998,77.53333333333333,218.26666666666665,102.03333333333335,2024,2
202403,acucares,IPCA - Acucares e derivados,3.318,230.7111111111111,214.94444444444446,96.24444444444444,86.76666666666668,54.36666666666667,112.09999999999998,127.0,167.79999999999998,77.53333333333333,219.83333333333334,2024,3
202404,acucares,IPCA - Acucares e derivados,5.4044,224.9888888888889,230.7111111111111,214.94444444444446,96.24444444444444,35.52222222222222,196.1,112.09999999999998,127.0,167.79999999999998,285.56666666666666,2024,4
202405,acucares,IPCA - Acucares e derivados,0.963,158.76666666666668,224.9888888888889,230.7111111111111,214.94444444444446,38.955555555555556,231.10000000000002,196.1,112.09999999999998,127.0,218.26666666666665,2024,5
202406,acucares,IPCA - Acucares e derivados,-3.7621,144.7,158.76666666666668,224.9888888888889,230.7111111111111,86.76666666666668,91.16666666666667,231.10000000000002,196.1,112.09999999999998,77.53333333333333,2024,6
202407,acucares,IPCA - Acucares e derivados,-4.1753,86.37777777777778,144.7,158.76666666666668,224.9888888888889,96.24444444444444,140.20000000000002,91.16666666666667,231.10000000000002,196.1,167.79999999999998,2024,7
202408,acucares,IPCA - Acucares e derivados,-4.1022,51.21111111111111,86.37777777777778,144.7,158.76666666666668,214.94444444444446,58.73333333333333,140.20000000000002,91.16666666666667,231.10000000000002,127.0,2024,8
202409,acucares,IPCA - Acucares e derivados,0.6285,37.900000000000006,51.21111111111111,86.37777777777778,144.7,230.7111111111111,123.13333333333333,58.73333333333333,140.20000000000002,91.16666666666667,112.09999999999998,2024,9
202410,acucares,IPCA - Acucares e derivados,2.5545,27.299999999999997,37.900000000000006,51.21111111111111,86.37777777777778,224.9888888888889,118.80000000000001,123.13333333333333,58.73333333333333,140.20000000000002,196.1,2024,10
202411,acucares,IPCA - Acucares e derivados,4.3004,45.86666666666667,27.299999999999997,37.900000000000006,51.21111111111111,158.76666666666668,132.0,118.80000000000001,123.13333333333333,58.73333333333333,231.10000000000002,2024,11
202412,acucares,IPCA - Acucares e derivados,2.7233,57.98888888888889,45.86666666666667,27.299999999999997,37.900000000000006,144.7,208.5666666666667,132.0,118.80000000000001,123.13333333333333,91.16666666666667,2024,12
202501,acucares,IPCA - Acucares e derivados,1.9327,167.38888888888889,57.98888888888889,45.86666666666667,27.299999999999997,86.37777777777778,137.29999999999998,208.5666666666667,132.0,118.80000000000001,140.20000000000002,2025,1
202502,acucares,IPCA - Acucares e derivados,2.5491,162.24444444444444,167.38888888888889,57.98888888888889,45.86666666666667,51.21111111111111,102.53333333333335,137.29999999999998,208.5666666666667,132.0,58.73333333333333,2025,2
202503,acucares,IPCA - Acucares e derivados,-1.1854,170.27777777777777,162.24444444444444,167.38888888888889,57.98888888888889,37.900000000000006,82.63333333333334,102.53333333333335,137.29999999999998,208.5666666666667,123.13333333333333,2025,3
202504,acucares,IPCA - Acucares e derivados,2.3417,109.91111111111111,170.27777777777777,162.24444444444444,167.38888888888889,27.299999999999997,111.73333333333333,82.63333333333334,102.53333333333335,137.29999999999998,118.80000000000001,2025,4
202505,acucares,IPCA - Acucares e derivados,-0.7544,201.83333333333334,109.91111111111111,170.27777777777777,162.24444444444444,45.86666666666667,97.96666666666665,111.73333333333333,82.63333333333334,102.53333333333335,132.0,2025,5
202506,acucares,IPCA - Acucares e derivados,-0.0895,170.4111111111111,201.83333333333334,109.91111111111111,170.27777777777777,57.98888888888889,148.36666666666667,97.96666666666665,111.73333333333333,82.63333333333334,208.5666666666667,2025,6
201501,aves_ovos,IPCA - Aves e ovos,1.024,41.24444444444444,,,,,217.70000000000002,,,,,2015,1
201502,aves_ovos,IPCA - Aves e ovos,1.3225,125.17777777777776,41.24444444444444,,,,232.4,217.70000000000002,,,,2015,2
201503,aves_ovos,IPCA - Aves e ovos,1.6291,172.58888888888887,125.17777777777776,41.24444444444444,,,140.6,232.4,217.70000000000002,,,2015,3
201504,aves_ovos,IPCA - Aves e ovos,0.8718,118.8777777777778,172.58888888888887,125.17777777777776,41.24444444444444,,49.43333333333334,140.6,232.4,217.70000000000002,,2015,4
201505,aves_ovos,IPCA - Aves e ovos,4.9906,137.45555555555555,118.8777777777778,172.58888888888887,125.17777777777776,,135.20000000000002,49.43333333333334,140.6,232.4,,2015,5
201506,aves_ovos,IPCA - Aves e ovos,5.1104,124.38888888888889,137.45555555555555,118.8777777777778,172.58888888888887,,129.5,135.20000000000002,49.43333333333334,140.6,,2015,6
201507,aves_ovos,IPCA - Aves e ovos,-4.7636,113.15555555555557,124.38888888888889,137.45555555555555,118.8777777777778,41.24444444444444,184.46666666666667,129.5,135.20000000000002,49.43333333333334,217.70000000000002,2015,7
201508,aves_ovos,IPCA - Aves e ovos,-1.4207,40.81111111111111,113.15555555555557,124.38888888888889,137.45555555555555,125.17777777777776,57.699999999999996,184.46666666666667,129.5,135.20000000000002,232.4,2015,8
201509,aves_ovos,IPCA - Aves e ovos,-4.5597,20.744444444444444,40.81111111111111,113.15555555555557,124.38888888888889,172.58888888888887,168.9,57.699999999999996,184.46666666666667,129.5,140.6,2015,9
201510,aves_ovos,IPCA - Aves e ovos,0.7895,15.566666666666666,20.744444444444444,40.81111111111111,113.15555555555557,118.8777777777778,202.73333333333335,168.9,57.699999999999996,184.46666666666667,49.43333333333334,2015,10
201511,aves_ovos,IPCA - Aves e ovos,1.234,6.322222222222222,15.566666666666666,20.744444444444444,40.81111111111111,137.45555555555555,172.83333333333334,202.73333333333335,168.9,57.699999999999996,135.20000000000002,2015,11
201512,aves_ovos,IPCA - Aves e ovos,7.8879,44.97777777777778,6.322222222222222,15.566666666666666,20.744444444444444,124.38888888888889,244.4,172.83333333333334,202.73333333333335,168.9,129.5,2015,12
201601,aves_ovos,IPCA - Aves e ovos,6.5798,162.77777777777777,44.97777777777778,6.322222222222222,15.566666666666666,113.15555555555557,114.76666666666667,244.4,172.83333333333334,202.73333333333335,184.46666666666667,2016,1
201602,aves_ovos,IPCA - Aves e ovos,8.6409,103.48888888888888,162.77777777777777,44.97777777777778,6.322222222222222,40.81111111111111,192.86666666666665,114.76666666666667,244.4,172.83333333333334,57.699999999999996,2016,2
201603,aves_ovos,IPCA - Aves e ovos,1.723,136.75555555555556,103.48888888888888,162.77777777777777,44.97777777777778,20.744444444444444,181.1,192.86666666666665,114.76666666666667,244.4,168.9,2016,3
201604,aves_ovos,IPCA - Aves e ovos,-0.3286,123.32222222222224,136.75555555555556,103.48888888888888,162.77777777777777,15.566666666666666,112.03333333333335,181.1,192.86666666666665,114.76666666666667,202.73333333333335,2016,4
201605,aves_ovos,IPCA - Aves e ovos,-2.3127,136.92222222222222,123.32222222222224,136.75555555555556,103.48888888888888,6.322222222222222,106.56666666666666,112.03333333333335,181.1,192.86666666666665,172.83333333333334,2016,5
201606,aves_ovos,IPCA - Aves e ovos,4.0474,78.44444444444444,136.92222222222222,123.32222222222224,136.75555555555556,44.97777777777778,64.93333333333334,106.56666666666666,112.03333333333335,181.1,244.4,2016,6
201607,aves_ovos,IPCA - Aves e ovos,-0.6034,45.25555555555556,78.44444444444444,136.92222222222222,123.32222222222224,162.77777777777777,69.5,64.93333333333334,106.56666666666666,112.03333333333335,114.76666666666667,2016,7
201608,aves_ovos,IPCA - Aves e ovos,1.099,30.577777777777776,45.25555555555556,78.44444444444444,136.92222222222222,103.48888888888888,140.46666666666667,69.5,64.93333333333334,106.56666666666666,192.86666666666665,2016,8
201609,aves_ovos,IPCA - Aves e ovos,0.7358,27.444444444444443,30.577777777777776,45.25555555555556,78.44444444444444,136.75555555555556,74.0,140.46666666666667,69.5,64.93333333333334,181.1,2016,9
201610,aves_ovos,IPCA - Aves e ovos,0.1414,20.055555555555557,27.444444444444443,30.577777777777776,45.25555555555556,123.32222222222224,144.63333333333333,74.0,140.46666666666667,69.5,112.03333333333335,2016,10
201611,aves_ovos,IPCA - Aves e ovos,-2.1575,22.700000000000003,20.055555555555557,27.444444444444443,30.577777777777776,136.92222222222222,85.86666666666667,144.63333333333333,74.0,140.46666666666667,106.56666666666666,2016,11
201612,aves_ovos,IPCA - Aves e ovos,-1.2384,49.422222222222224,22.700000000000003,20.055555555555557,27.444444444444443,78.44444444444444,162.20000000000002,85.86666666666667,144.63333333333333,74.0,64.93333333333334,2016,12
201701,aves_ovos,IPCA - Aves e ovos,-1.0494,104.71111111111112,49.422222222222224,22.700000000000003,20.055555555555557,45.25555555555556,162.23333333333332,162.20000000000002,85.86666666666667,144.63333333333333,69.5,2017,1
201702,aves_ovos,IPCA - Aves e ovos,-2.6649,129.8777777777778,104.71111111111112,49.422222222222224,22.700000000000003,30.577777777777776,123.63333333333334,162.23333333333332,162.20000000000002,85.86666666666667,140.46666666666667,2017,2
201703,aves_ovos,IPCA - Aves e ovos,-0.3438,214.16666666666666,129.8777777777778,104.71111111111112,49.422222222222224,27.444444444444443,103.96666666666665,123.63333333333334,162.23333333333332,162.20000000000002,74.0,2017,3
201704,aves_ovos,IPCA - Aves e ovos,0.9919,196.46666666666667,214.16666666666666,129.8777777777778,104.71111111111112,20.055555555555557,104.43333333333334,103.96666666666665,123.63333333333334,162.23333333333332,144.63333333333333,2017,4
201705,aves_ovos,IPCA - Aves e ovos,1.1655,233.67777777777778,196.46666666666667,214.16666666666666,129.8777777777778,22.700000000000003,192.83333333333334,104.43333333333334,103.96666666666665,123.63333333333334,85.86666666666667,2017,5
201706,aves_ovos,IPCA - Aves e ovos,-2.4208,157.9888888888889,233.67777777777778,196.46666666666667,214.16666666666666,49.422222222222224,153.06666666666666,192.83333333333334,104.43333333333334,103.96666666666665,162.20000000000002,2017,6
201707,aves_ovos,IPCA - Aves e ovos,-1.1043,184.63333333333333,157.9888888888889,233.67777777777778,196.46666666666667,104.71111111111112,18.566666666666666,153.06666666666666,192.83333333333334,104.43333333333334,162.23333333333332,2017,7
201708,aves_ovos,IPCA - Aves e ovos,-3.3061,64.1888888888889,184.63333333333333,157.9888888888889,233.67777777777778,129.8777777777778,76.36666666666666,18.566666666666666,153.06666666666666,192.83333333333334,123.63333333333334,2017,8
201709,aves_ovos,IPCA - Aves e ovos,-1.5779,68.48888888888888,64.1888888888889,184.63333333333333,157.9888888888889,214.16666666666666,103.06666666666666,76.36666666666666,18.566666666666666,153.06666666666666,103.96666666666665,2017,9
201710,aves_ovos,IPCA - Aves e ovos,-0.7732,45.68888888888889,68.48888888888888,64.1888888888889,184.63333333333333,196.46666666666667,167.36666666666667,103.06666666666666,76.36666666666666,18.566666666666666,104.43333333333334,2017,10
201711,aves_ovos,IPCA - Aves e ovos,-2.2587,37.52222222222222,45.68888888888889,68.48888888888888,64.1888888888889,233.67777777777778,118.0,167.36666666666667,103.06666666666666,76.36666666666666,192.83333333333334,2017,11
201712,aves_ovos,IPCA - Aves e ovos,-0.577,67.25555555555555,37.52222222222222,45.68888888888889,68.48888888888888,157.9888888888889,140.16666666666666,118.0,167.36666666666667,103.06666666666666,153.06666666666666,2017,12
201801,aves_ovos,IPCA - Aves e ovos,2.8934,120.67777777777776,67.25555555555555,37.52222222222222,45.68888888888889,184.63333333333333,171.9666666666667,140.16666666666666,118.0,167.36666666666667,18.566666666666666,2018,1
201802,aves_ovos,IPCA - Aves e ovos,3.3707,213.72222222222223,120.67777777777776,67.25555555555555,37.52222222222222,64.1888888888889,98.46666666666665,171.9666666666667,140.16666666666666,118.0,76.36666666666666,2018,2
201803,aves_ovos,IPCA - Aves e ovos,-3.2423,170.17777777777778,213.72222222222223,120.67777777777776,67.25555555555555,68.48888888888888,154.70000000000002,98.46666666666665,171.9666666666667,140.16666666666666,103.06666666666666,2018,3
201804,aves_ovos,IPCA - Aves e ovos,-0.237,249.4888888888889,170.17777777777778,213.72222222222223,120.67777777777776,45.68888888888889,32.833333333333336,154.70000000000002,98.46666666666665,171.9666666666667,167.36666666666667,2018,4
201805,aves_ovos,IPCA - Aves e ovos,0.3741,155.58888888888887,249.4888888888889,170.17777777777778,213.72222222222223,37.52222222222222,49.56666666666666,32.833333333333336,154.70000000000002,98.46666666666665,118.0,2018,5
201806,aves_ovos,IPCA - Aves e ovos,3.8334,90.58888888888889,155.58888888888887,249.4888888888889,170.17777777777778,67.25555555555555,88.36666666666667,49.56666666666666,32.833333333333336,154.70000000000002,140.16666666666666,2018,6
201807,aves_ovos,IPCA - Aves e ovos,-5.3819,106.25555555555555,90.58888888888889,155.58888888888887,249.4888888888889,120.67777777777776,93.59999999999998,88.36666666666667,49.56666666666666,32.833333333333336,171.9666666666667,2018,7
201808,aves_ovos,IPCA - Aves e ovos,-0.2243,50.08888888888889,106.25555555555555,90.58888888888889,155.58888888888887,213.72222222222223,84.60000000000001,93.59999999999998,88.36666666666667,49.56666666666666,98.46666666666665,2018,8
201809,aves_ovos,IPCA - Aves e ovos,-0.2193,36.96666666666667,50.08888888888889,106.25555555555555,90.58888888888889,170.17777777777778,141.70000000000002,84.60000000000001,93.59999999999998,88.36666666666667,154.70000000000002,2018,9
201810,aves_ovos,IPCA - Aves e ovos,0.6092,34.644444444444446,36.96666666666667,50.08888888888889,106.25555555555555,249.4888888888889,145.29999999999998,141.70000000000002,84.60000000000001,93.59999999999998,32.833333333333336,2018,10
201811,aves_ovos,IPCA - Aves e ovos,2.914,80.63333333333334,34.644444444444446,36.96666666666667,50.08888888888889,155.58888888888887,101.36666666666667,145.29999999999998,141.70000000000002,84.60000000000001,49.56666666666666,2018,11
201812,aves_ovos,IPCA - Aves e ovos,2.7052,103.41111111111111,80.63333333333334,34.644444444444446,36.96666666666667,90.58888888888889,90.76666666666667,101.36666666666667,145.29999999999998,141.70000000000002,88.36666666666667,2018,12
201901,aves_ovos,IPCA - Aves e ovos,0.6461,135.39999999999998,103.41111111111111,80.63333333333334,34.644444444444446,106.25555555555555,124.2,90.76666666666667,101.36666666666667,145.29999999999998,93.59999999999998,2019,1
201902,aves_ovos,IPCA - Aves e ovos,-0.2651,189.37777777777777,135.39999999999998,103.41111111111111,80.63333333333334,50.08888888888889,146.53333333333333,124.2,90.76666666666667,101.36666666666667,84.60000000000001,2019,2
201903,aves_ovos,IPCA - Aves e ovos,6.491,299.18888888888887,189.37777777777777,135.39999999999998,103.41111111111111,36.96666666666667,105.73333333333333,146.53333333333333,124.2,90.76666666666667,141.70000000000002,2019,3
201904,aves_ovos,IPCA - Aves e ovos,3.5481,275.8111111111111,299.18888888888887,189.37777777777777,135.39999999999998,34.644444444444446,117.26666666666667,105.73333333333333,146.53333333333333,124.2,145.29999999999998,2019,4
201905,aves_ovos,IPCA - Aves e ovos,-1.2099,131.56666666666666,275.8111111111111,299.18888888888887,189.37777777777777,80.63333333333334,203.9333333333333,117.26666666666667,105.73333333333333,146.53333333333333,101.36666666666667,2019,5
201906,aves_ovos,IPCA - Aves e ovos,-2.483,176.89999999999998,131.56666666666666,275.8111111111111,299.18888888888887,103.41111111111111,63.133333333333326,203.9333333333333,117.26666666666667,105.73333333333333,90.76666666666667,2019,6
201907,aves_ovos,IPCA - Aves e ovos,-1.0597,135.17777777777778,176.89999999999998,131.56666666666666,275.8111111111111,135.39999999999998,68.43333333333334,63.133333333333326,203.9333333333333,117.26666666666667,124.2,2019,7
201908,aves_ovos,IPCA - Aves e ovos,-2.333,62.42222222222222,135.17777777777778,176.89999999999998,131.56666666666666,189.37777777777777,40.56666666666667,68.43333333333334,63.133333333333326,203.9333333333333,146.53333333333333,2019,8
201909,aves_ovos,IPCA - Aves e ovos,-3.003,50.488888888888894,62.42222222222222,135.17777777777778,176.89999999999998,299.18888888888887,109.93333333333334,40.56666666666667,68.43333333333334,63.133333333333326,105.73333333333333,2019,9
201910,aves_ovos,IPCA - Aves e ovos,-1.2405,44.77777777777778,50.488888888888894,62.42222222222222,135.17777777777778,275.8111111111111,129.29999999999998,109.93333333333334,40.56666666666667,68.43333333333334,117.26666666666667,2019,10
201911,aves_ovos,IPCA - Aves e ovos,1.0361,38.3,44.77777777777778,50.488888888888894,62.42222222222222,131.56666666666666,121.39999999999999,129.29999999999998,109.93333333333334,40.56666666666667,203.9333333333333,2019,11
201912,aves_ovos,IPCA - Aves e ovos,8.6157,49.666666666666664,38.3,44.77777777777778,50.488888888888894,176.89999999999998,66.56666666666666,121.39999999999999,129.29999999999998,109.93333333333334,63.133333333333326,2019,12
202001,aves_ovos,IPCA - Aves e ovos,0.3453,150.94444444444446,49.666666666666664,38.3,44.77777777777778,135.17777777777778,166.70000000000002,66.56666666666666,121.39999999999999,129.29999999999998,68.43333333333334,2020,1
202002,aves_ovos,IPCA - Aves e ovos,4.1847,185.1222222222222,150.94444444444446,49.666666666666664,38.3,62.42222222222222,114.56666666666666,166.70000000000002,66.56666666666666,121.39999999999999,40.56666666666667,2020,2
202003,aves_ovos,IPCA - Aves e ovos,-3.2683,282.65555555555557,185.1222222222222,150.94444444444446,49.666666666666664,50.488888888888894,49.73333333333333,114.56666666666666,166.70000000000002,66.56666666666666,109.93333333333334,2020,3
202004,aves_ovos,IPCA - Aves e ovos,3.6748,220.44444444444446,282.65555555555557,185.1222222222222,150.94444444444446,44.77777777777778,33.699999999999996,49.73333333333333,114.56666666666666,166.70000000000002,129.29999999999998,2020,4
202005,aves_ovos,IPCA - Aves e ovos,4.4151,219.42222222222222,220.44444444444446,282.65555555555557,185.1222222222222,38.3,86.33333333333333,33.699999999999996,49.73333333333333,114.56666666666666,121.39999999999999,2020,5
202006,aves_ovos,IPCA - Aves e ovos,0.1125,128.60000000000002,219.42222222222222,220.44444444444446,282.65555555555557,49.666666666666664,157.53333333333333,86.33333333333333,33.699999999999996,49.73333333333333,66.56666666666666,2020,6
202007,aves_ovos,IPCA - Aves e ovos,-2.8378,106.63333333333334,128.60000000000002,219.42222222222222,220.44444444444446,150.94444444444446,114.7,157.53333333333333,86.33333333333333,33.699999999999996,166.70000000000002,2020,7
202008,aves_ovos,IPCA - Aves e ovos,0.1179,49.37777777777777,106.63333333333334,128.60000000000002,219.42222222222222,185.1222222222222,94.13333333333333,114.7,157.53333333333333,86.33333333333333,114.56666666666666,2020,8
202009,aves_ovos,IPCA - Aves e ovos,4.009,41.099999999999994,49.37777777777777,106.63333333333334,128.60000000000002,282.65555555555557,101.76666666666667,94.13333333333333,114.7,157.53333333333333,49.73333333333333,2020,9
202010,aves_ovos,IPCA - Aves e ovos,1.9621,31.400000000000002,41.099999999999994,49.37777777777777,106.63333333333334,220.44444444444446,99.16666666666667,101.76666666666667,94.13333333333333,114.7,33.699999999999996,2020,10
202011,aves_ovos,IPCA - Aves e ovos,3.9041,92.12222222222222,31.400000000000002,41.099999999999994,49.37777777777777,219.42222222222222,125.2,99.16666666666667,101.76666666666667,94.13333333333333,86.33333333333333,2020,11
202012,aves_ovos,IPCA - Aves e ovos,2.9579,48.955555555555556,92.12222222222222,31.400000000000002,41.099999999999994,128.60000000000002,178.76666666666665,125.2,99.16666666666667,101.76666666666667,157.53333333333333,2020,12
202101,aves_ovos,IPCA - Aves e ovos,1.2817,74.37777777777778,48.955555555555556,92.12222222222222,31.400000000000002,106.63333333333334,212.10000000000002,178.76666666666665,125.2,99.16666666666667,114.7,2021,1
202102,aves_ovos,IPCA - Aves e ovos,1.1117,113.0,74.37777777777778,48.955555555555556,92.12222222222222,49.37777777777777,123.59999999999998,212.10000000000002,178.76666666666665,125.2,94.13333333333333,2021,2
202103,aves_ovos,IPCA - Aves e ovos,0.5498,169.05555555555554,113.0,74.37777777777778,48.955555555555556,41.099999999999994,162.46666666666667,123.59999999999998,212.10000000000002,178.76666666666665,101.76666666666667,2021,3
202104,aves_ovos,IPCA - Aves e ovos,-1.9195,145.58888888888887,169.05555555555554,113.0,74.37777777777778,31.400000000000002,47.800000000000004,162.46666666666667,123.59999999999998,212.10000000000002,99.16666666666667,2021,4
202105,aves_ovos,IPCA - Aves e ovos,1.9709,145.33333333333334,145.58888888888887,169.05555555555554,113.0,92.12222222222222,101.66666666666667,47.800000000000004,162.46666666666667,123.59999999999998,125.2,2021,5
202106,aves_ovos,IPCA - Aves e ovos,0.5215,96.92222222222222,145.33333333333334,145.58888888888887,169.05555555555554,48.955555555555556,161.83333333333334,101.66666666666667,47.800000000000004,162.46666666666667,178.76666666666665,2021,6
202107,aves_ovos,IPCA - Aves e ovos,0.7965,105.27777777777777,96.92222222222222,145.33333333333334,145.58888888888887,74.37777777777778,32.36666666666667,161.83333333333334,101.66666666666667,47.800000000000004,212.10000000000002,2021,7
202108,aves_ovos,IPCA - Aves e ovos,1.4292,83.4,105.27777777777777,96.92222222222222,145.33333333333334,113.0,87.06666666666666,32.36666666666667,161.83333333333334,101.66666666666667,123.59999999999998,2021,8
202109,aves_ovos,IPCA - Aves e ovos,0.4584,59.25555555555555,83.4,105.27777777777777,96.92222222222222,169.05555555555554,119.16666666666667,87.06666666666666,32.36666666666667,161.83333333333334,162.46666666666667,2021,9
202110,aves_ovos,IPCA - Aves e ovos,1.1041,62.599999999999994,59.25555555555555,83.4,105.27777777777777,145.58888888888887,155.5,119.16666666666667,87.06666666666666,32.36666666666667,47.800000000000004,2021,10
202111,aves_ovos,IPCA - Aves e ovos,2.2658,79.43333333333334,62.599999999999994,59.25555555555555,83.4,145.33333333333334,84.93333333333334,155.5,119.16666666666667,87.06666666666666,101.66666666666667,2021,11
202112,aves_ovos,IPCA - Aves e ovos,1.1314,113.62222222222222,79.43333333333334,62.599999999999994,59.25555555555555,96.92222222222222,79.73333333333333,84.93333333333334,155.5,119.16666666666667,161.83333333333334,2021,12
202201,aves_ovos,IPCA - Aves e ovos,1.275,192.2111111111111,113.62222222222222,79.43333333333334,62.599999999999994,105.27777777777777,130.4,79.73333333333333,84.93333333333334,155.5,32.36666666666667,2022,1
202202,aves_ovos,IPCA - Aves e ovos,1.931,101.64444444444445,192.2111111111111,113.62222222222222,79.43333333333334,83.4,94.23333333333333,130.4,79.73333333333333,84.93333333333334,87.06666666666666,2022,2
202203,aves_ovos,IPCA - Aves e ovos,1.9222,311.3333333333333,101.64444444444445,192.2111111111111,113.62222222222222,59.25555555555555,169.36666666666667,94.23333333333333,130.4,79.73333333333333,119.16666666666667,2022,3
202204,aves_ovos,IPCA - Aves e ovos,4.1645,198.86666666666667,311.3333333333333,101.64444444444445,192.2111111111111,62.599999999999994,91.5,169.36666666666667,94.23333333333333,130.4,155.5,2022,4
202205,aves_ovos,IPCA - Aves e ovos,2.9936,269.43333333333334,198.86666666666667,311.3333333333333,101.64444444444445,79.43333333333334,184.63333333333333,91.5,169.36666666666667,94.23333333333333,84.93333333333334,2022,5
202206,aves_ovos,IPCA - Aves e ovos,0.5854,184.41111111111113,269.43333333333334,198.86666666666667,311.3333333333333,113.62222222222222,113.63333333333333,184.63333333333333,91.5,169.36666666666667,79.73333333333333,2022,6
202207,aves_ovos,IPCA - Aves e ovos,0.1392,150.73333333333335,184.41111111111113,269.43333333333334,198.86666666666667,192.2111111111111,64.46666666666665,113.63333333333333,184.63333333333333,91.5,130.4,2022,7
202208,aves_ovos,IPCA - Aves e ovos,0.2701,102.24444444444445,150.73333333333335,184.41111111111113,269.43333333333334,101.64444444444445,157.46666666666667,64.46666666666665,113.63333333333333,184.63333333333333,94.23333333333333,2022,8
202209,aves_ovos,IPCA - Aves e ovos,-1.9516,52.63333333333333,102.24444444444445,150.73333333333335,184.41111111111113,311.3333333333333,138.46666666666667,157.46666666666667,64.46666666666665,113.63333333333333,169.36666666666667,2022,9
202210,aves_ovos,IPCA - Aves e ovos,-1.1631,54.36666666666666,52.63333333333333,102.24444444444445,150.73333333333335,198.86666666666667,143.70000000000002,138.46666666666667,157.46666666666667,64.46666666666665,91.5,2022,10
202211,aves_ovos,IPCA - Aves e ovos,1.4743,121.92222222222222,54.36666666666666,52.63333333333333,102.24444444444445,269.43333333333334,133.20000000000002,143.70000000000002,138.46666666666667,157.46666666666667,184.63333333333333,2022,11
202212,aves_ovos,IPCA - Aves e ovos,2.4268,88.66666666666667,121.92222222222222,54.36666666666666,52.63333333333333,184.41111111111113,192.66666666666666,133.20000000000002,143.70000000000002,138.46666666666667,113.63333333333333,2022,12
202301,aves_ovos,IPCA - Aves e ovos,2.4037,110.65555555555555,88.66666666666667,121.92222222222222,54.36666666666666,150.73333333333335,125.86666666666667,192.66666666666666,133.20000000000002,143.70000000000002,64.46666666666665,2023,1
202302,aves_ovos,IPCA - Aves e ovos,1.2477,132.60000000000002,110.65555555555555,88.66666666666667,121.92222222222222,102.24444444444445,170.3,125.86666666666667,192.66666666666666,133.20000000000002,157.46666666666667,2023,2
202303,aves_ovos,IPCA - Aves e ovos,0.2353,228.94444444444446,132.60000000000002,110.65555555555555,88.66666666666667,52.63333333333333,112.56666666666666,170.3,125.86666666666667,192.66666666666666,138.46666666666667,2023,3
202304,aves_ovos,IPCA - Aves e ovos,-0.5673,165.0111111111111,228.94444444444446,132.60000000000002,110.65555555555555,54.36666666666666,66.66666666666667,112.56666666666666,170.3,125.86666666666667,143.70000000000002,2023,4
202305,aves_ovos,IPCA - Aves e ovos,1.3666,138.42222222222222,165.0111111111111,228.94444444444446,132.60000000000002,121.92222222222222,53.666666666666664,66.66666666666667,112.56666666666666,170.3,133.20000000000002,2023,5
202306,aves_ovos,IPCA - Aves e ovos,-1.4795,181.11111111111111,138.42222222222222,165.0111111111111,228.94444444444446,88.66666666666667,137.9333333333333,53.666666666666664,66.66666666666667,112.56666666666666,192.66666666666666,2023,6
202307,aves_ovos,IPCA - Aves e ovos,-1.4351,80.5,181.11111111111111,138.42222222222222,165.0111111111111,110.65555555555555,131.06666666666666,137.9333333333333,53.666666666666664,66.66666666666667,125.86666666666667,2023,7
202308,aves_ovos,IPCA - Aves e ovos,-1.5851,68.1,80.5,181.11111111111111,138.42222222222222,132.60000000000002,102.03333333333335,131.06666666666666,137.9333333333333,53.666666666666664,170.3,2023,8
202309,aves_ovos,IPCA - Aves e ovos,-1.0279,54.36666666666667,68.1,80.5,181.11111111111111,228.94444444444446,219.83333333333334,102.03333333333335,131.06666666666666,137.9333333333333,112.56666666666666,2023,9
202310,aves_ovos,IPCA - Aves e ovos,-0.0963,35.52222222222222,54.36666666666667,68.1,80.5,165.0111111111111,285.56666666666666,219.83333333333334,102.03333333333335,131.06666666666666,66.66666666666667,2023,10
202311,aves_ovos,IPCA - Aves e ovos,0.3571,38.955555555555556,35.52222222222222,54.36666666666667,68.1,138.42222222222222,218.26666666666665,285.56666666666666,219.83333333333334,102.03333333333335,53.666666666666664,2023,11
202312,aves_ovos,IPCA - Aves e ovos,1.6153,86.76666666666668,38.955555555555556,35.52222222222222,54.36666666666667,181.11111111111111,77.53333333333333,218.26666666666665,285.56666666666666,219.83333333333334,137.9333333333333,2023,12
202401,aves_ovos,IPCA - Aves e ovos,1.7569,96.24444444444444,86.76666666666668,38.955555555555556,35.52222222222222,80.5,167.79999999999998,77.53333333333333,218.26666666666665,285.56666666666666,131.06666666666666,2024,1
202402,aves_ovos,IPCA - Aves e ovos,1.2698,214.94444444444446,96.24444444444444,86.76666666666668,38.955555555555556,68.1,127.0,167.79999999999998,77.53333333333333,218.26666666666665,102.03333333333335,2024,2
202403,aves_ovos,IPCA - Aves e ovos,0.3623,230.7111111111111,214.94444444444446,96.24444444444444,86.76666666666668,54.36666666666667,112.09999999999998,127.0,167.79999999999998,77.53333333333333,219.83333333333334,2024,3
202404,aves_ovos,IPCA - Aves e ovos,2.0853,224.9888888888889,230.7111111111111,214.94444444444446,96.24444444444444,35.52222222222222,196.1,112.09999999999998,127.0,167.79999999999998,285.56666666666666,2024,4
202405,aves_ovos,IPCA - Aves e ovos,1.3985,158.76666666666668,224.9888888888889,230.7111111111111,214.94444444444446,38.955555555555556,231.10000000000002,196.1,112.09999999999998,127.0,218.26666666666665,2024,5
202406,aves_ovos,IPCA - Aves e ovos,0.6657,144.7,158.76666666666668,224.9888888888889,230.7111111111111,86.76666666666668,91.16666666666667,231.10000000000002,196.1,112.09999999999998,77.53333333333333,2024,6
202407,aves_ovos,IPCA - Aves e ovos,-1.8963,86.37777777777778,144.7,158.76666666666668,224.9888888888889,96.24444444444444,140.20000000000002,91.16666666666667,231.10000000000002,196.1,167.79999999999998,2024,7
202408,aves_ovos,IPCA - Aves e ovos,-2.5601,51.21111111111111,86.37777777777778,144.7,158.76666666666668,214.94444444444446,58.73333333333333,140.20000000000002,91.16666666666667,231.10000000000002,127.0,2024,8
202409,aves_ovos,IPCA - Aves e ovos,-2.5762,37.900000000000006,51.21111111111111,86.37777777777778,144.7,230.7111111111111,123.13333333333333,58.73333333333333,140.20000000000002,91.16666666666667,112.09999999999998,2024,9
202410,aves_ovos,IPCA - Aves e ovos,0.3257,27.299999999999997,37.900000000000006,51.21111111111111,86.37777777777778,224.9888888888889,118.80000000000001,123.13333333333333,58.73333333333333,140.20000000000002,196.1,2024,10
202411,aves_ovos,IPCA - Aves e ovos,2.0188,45.86666666666667,27.299999999999997,37.900000000000006,51.21111111111111,158.76666666666668,132.0,118.80000000000001,123.13333333333333,58.73333333333333,231.10000000000002,2024,11
202412,aves_ovos,IPCA - Aves e ovos,0.4238,57.98888888888889,45.86666666666667,27.299999999999997,37.900000000000006,144.7,208.5666666666667,132.0,118.80000000000001,123.13333333333333,91.16666666666667,2024,12
202501,aves_ovos,IPCA - Aves e ovos,4.803,167.38888888888889,57.98888888888889,45.86666666666667,27.299999999999997,86.37777777777778,137.29999999999998,208.5666666666667,132.0,118.80000000000001,140.20000000000002,2025,1
202502,aves_ovos,IPCA - Aves e ovos,0.3224,162.24444444444444,167.38888888888889,57.98888888888889,45.86666666666667,51.21111111111111,102.53333333333335,137.29999999999998,208.5666666666667,132.0,58.73333333333333,2025,2
202503,aves_ovos,IPCA - Aves e ovos,0.6914,170.27777777777777,162.24444444444444,167.38888888888889,57.98888888888889,37.900000000000006,82.63333333333334,102.53333333333335,137.29999999999998,208.5666666666667,123.13333333333333,2025,3
202504,aves_ovos,IPCA - Aves e ovos,3.0231,109.91111111111111,170.27777777777777,162.24444444444444,167.38888888888889,27.299999999999997,111.73333333333333,82.63333333333334,102.53333333333335,137.29999999999998,118.80000000000001,2025,4
202505,aves_ovos,IPCA - Aves e ovos,0.0234,201.83333333333334,109.91111111111111,170.27777777777777,162.24444444444444,45.86666666666667,97.96666666666665,111.73333333333333,82.63333333333334,102.53333333333335,132.0,2025,5
202506,aves_ovos,IPCA - Aves e ovos,-2.3872,170.4111111111111,201.83333333333334,109.91111111111111,170.27777777777777,57.98888888888889,148.36666666666667,97.96666666666665,111.73333333333333,82.63333333333334,208.5666666666667,2025,6
201501,carnes,IPCA - Carnes e peixes,7.79,41.24444444444444,,,,,217.70000000000002,,,,,2015,1
201502,carnes,IPCA - Carnes e peixes,-0.0642,125.17777777777776,41.24444444444444,,,,232.4,217.70000000000002,,,,2015,2
201503,carnes,IPCA - Carnes e peixes,3.2267,172.58888888888887,125.17777777777776,41.24444444444444,,,140.6,232.4,217.70000000000002,,,2015,3
201504,carnes,IPCA - Carnes e peixes,3.0746,118.8777777777778,172.58888888888887,125.17777777777776,41.24444444444444,,49.43333333333334,140.6,232.4,217.70000000000002,,2015,4
201505,carnes,IPCA - Carnes e peixes,-1.5802,137.45555555555555,118.8777777777778,172.58888888888887,125.17777777777776,,135.20000000000002,49.43333333333334,140.6,232.4,,2015,5
201506,carnes,IPCA - Carnes e peixes,-0.6278,124.38888888888889,137.45555555555555,118.8777777777778,172.58888888888887,,129.5,135.20000000000002,49.43333333333334,140.6,,2015,6
201507,carnes,IPCA - Carnes e peixes,3.6381,113.15555555555557,124.38888888888889,137.45555555555555,118.8777777777778,41.24444444444444,184.46666666666667,129.5,135.20000000000002,49.43333333333334,217.70000000000002,2015,7
201508,carnes,IPCA - Carnes e peixes,-0.8478,40.81111111111111,113.15555555555557,124.38888888888889,137.45555555555555,125.17777777777776,57.699999999999996,184.46666666666667,129.5,135.20000000000002,232.4,2015,8
201509,carnes,IPCA - Carnes e peixes,-0.9752,20.744444444444444,40.81111111111111,113.15555555555557,124.38888888888889,172.58888888888887,168.9,57.699999999999996,184.46666666666667,129.5,140.6,2015,9
201510,carnes,IPCA - Carnes e peixes,0.9313,15.566666666666666,20.744444444444444,40.81111111111111,113.15555555555557,118.8777777777778,202.73333333333335,168.9,57.699999999999996,184.46666666666667,49.43333333333334,2015,10
201511,carnes,IPCA - Carnes e peixes,3.1569,6.322222222222222,15.566666666666666,20.744444444444444,40.81111111111111,137.45555555555555,172.83333333333334,202.73333333333335,168.9,57.699999999999996,135.20000000000002,2015,11
201512,carnes,IPCA - Carnes e peixes,1.7204,44.97777777777778,6.322222222222222,15.566666666666666,20.744444444444444,124.38888888888889,244.4,172.83333333333334,202.73333333333335,168.9,129.5,2015,12
201601,carnes,IPCA - Carnes e peixes,18.1625,162.77777777777777,44.97777777777778,6.322222222222222,15.566666666666666,113.15555555555557,114.76666666666667,244.4,172.83333333333334,202.73333333333335,184.46666666666667,2016,1
201602,carnes,IPCA - Carnes e peixes,3.239,103.48888888888888,162.77777777777777,44.97777777777778,6.322222222222222,40.81111111111111,192.86666666666665,114.76666666666667,244.4,172.83333333333334,57.699999999999996,2016,2
201603,carnes,IPCA - Carnes e peixes,-3.5267,136.75555555555556,103.48888888888888,162.77777777777777,44.97777777777778,20.744444444444444,181.1,192.86666666666665,114.76666666666667,244.4,168.9,2016,3
201604,carnes,IPCA - Carnes e peixes,-0.3092,123.32222222222224,136.75555555555556,103.48888888888888,162.77777777777777,15.566666666666666,112.03333333333335,181.1,192.86666666666665,114.76666666666667,202.73333333333335,2016,4
201605,carnes,IPCA - Carnes e peixes,-3.8508,136.92222222222222,123.32222222222224,136.75555555555556,103.48888888888888,6.322222222222222,106.56666666666666,112.03333333333335,181.1,192.86666666666665,172.83333333333334,2016,5
201606,carnes,IPCA - Carnes e peixes,12.5138,78.44444444444444,136.92222222222222,123.32222222222224,136.75555555555556,44.97777777777778,64.93333333333334,106.56666666666666,112.03333333333335,181.1,244.4,2016,6
201607,carnes,IPCA - Carnes e peixes,0.6795,45.25555555555556,78.44444444444444,136.92222222222222,123.32222222222224,162.77777777777777,69.5,64.93333333333334,106.56666666666666,112.03333333333335,114.76666666666667,2016,7
201608,carnes,IPCA - Carnes e peixes,-2.2648,30.577777777777776,45.25555555555556,78.44444444444444,136.92222222222222,103.48888888888888,140.46666666666667,69.5,64.93333333333334,106.56666666666666,192.86666666666665,2016,8
201609,carnes,IPCA - Carnes e peixes,0.1619,27.444444444444443,30.577777777777776,45.25555555555556,78.44444444444444,136.75555555555556,74.0,140.46666666666667,69.5,64.93333333333334,181.1,2016,9
201610,carnes,IPCA - Carnes e peixes,1.8503,20.055555555555557,27.444444444444443,30.577777777777776,45.25555555555556,123.32222222222224,144.63333333333333,74.0,140.46666666666667,69.5,112.03333333333335,2016,10
201611,carnes,IPCA - Carnes e peixes,-2.5518,22.700000000000003,20.055555555555557,27.444444444444443,30.577777777777776,136.92222222222222,85.86666666666667,144.63333333333333,74.0,140.46666666666667,106.56666666666666,2016,11
201612,carnes,IPCA - Carnes e peixes,-5.1123,49.422222222222224,22.700000000000003,20.055555555555557,27.444444444444443,78.44444444444444,162.20000000000002,85.86666666666667,144.63333333333333,74.0,64.93333333333334,2016,12
201701,carnes,IPCA - Carnes e peixes,2.242,104.71111111111112,49.422222222222224,22.700000000000003,20.055555555555557,45.25555555555556,162.23333333333332,162.20000000000002,85.86666666666667,144.63333333333333,69.5,2017,1
201702,carnes,IPCA - Carnes e peixes,-3.5802,129.8777777777778,104.71111111111112,49.422222222222224,22.700000000000003,30.577777777777776,123.63333333333334,162.23333333333332,162.20000000000002,85.86666666666667,140.46666666666667,2017,2
201703,carnes,IPCA - Carnes e peixes,2.0567,214.16666666666666,129.8777777777778,104.71111111111112,49.422222222222224,27.444444444444443,103.96666666666665,123.63333333333334,162.23333333333332,162.20000000000002,74.0,2017,3
201704,carnes,IPCA - Carnes e peixes,3.428,196.46666666666667,214.16666666666666,129.8777777777778,104.71111111111112,20.055555555555557,104.43333333333334,103.96666666666665,123.63333333333334,162.23333333333332,144.63333333333333,2017,4
201705,carnes,IPCA - Carnes e peixes,1.9595,233.67777777777778,196.46666666666667,214.16666666666666,129.8777777777778,22.700000000000003,192.83333333333334,104.43333333333334,103.96666666666665,123.63333333333334,85.86666666666667,2017,5
201706,carnes,IPCA - Carnes e peixes,-1.469,157.9888888888889,233.67777777777778,196.46666666666667,214.16666666666666,49.422222222222224,153.06666666666666,192.83333333333334,104.43333333333334,103.96666666666665,162.20000000000002,2017,6
201707,carnes,IPCA - Carnes e peixes,-0.3502,184.63333333333333,157.9888888888889,233.67777777777778,196.46666666666667,104.71111111111112,18.566666666666666,153.06666666666666,192.83333333333334,104.43333333333334,162.23333333333332,2017,7
201708,carnes,IPCA - Carnes e peixes,-2.8605,64.1888888888889,184.63333333333333,157.9888888888889,233.67777777777778,129.8777777777778,76.36666666666666,18.566666666666666,153.06666666666666,192.83333333333334,123.63333333333334,2017,8
201709,carnes,IPCA - Carnes e peixes,-2.7384,68.48888888888888,64.1888888888889,184.63333333333333,157.9888888888889,214.16666666666666,103.06666666666666,76.36666666666666,18.566666666666666,153.06666666666666,103.96666666666665,2017,9
201710,carnes,IPCA - Carnes e peixes,-1.0722,45.68888888888889,68.48888888888888,64.1888888888889,184.63333333333333,196.46666666666667,167.36666666666667,103.06666666666666,76.36666666666666,18.566666666666666,104.43333333333334,2017,10
201711,carnes,IPCA - Carnes e peixes,0.1821,37.52222222222222,45.68888888888889,68.48888888888888,64.1888888888889,233.67777777777778,118.0,167.36666666666667,103.06666666666666,76.36666666666666,192.83333333333334,2017,11
201712,carnes,IPCA - Carnes e peixes,-0.3137,67.25555555555555,37.52222222222222,45.68888888888889,68.48888888888888,157.9888888888889,140.16666666666666,118.0,167.36666666666667,103.06666666666666,153.06666666666666,2017,12
201801,carnes,IPCA - Carnes e peixes,2.9263,120.67777777777776,67.25555555555555,37.52222222222222,45.68888888888889,184.63333333333333,171.9666666666667,140.16666666666666,118.0,167.36666666666667,18.566666666666666,2018,1
201802,carnes,IPCA - Carnes e peixes,-2.3945,213.72222222222223,120.67777777777776,67.25555555555555,37.52222222222222,64.1888888888889,98.46666666666665,171.9666666666667,140.16666666666666,118.0,76.36666666666666,2018,2
201803,carnes,IPCA - Carnes e peixes,-0.5328,170.17777777777778,213.72222222222223,120.67777777777776,67.25555555555555,68.48888888888888,154.70000000000002,98.46666666666665,171.9666666666667,140.16666666666666,103.06666666666666,2018,3
201804,carnes,IPCA - Carnes e peixes,0.7711,249.4888888888889,170.17777777777778,213.72222222222223,120.67777777777776,45.68888888888889,32.833333333333336,154.70000000000002,98.46666666666665,171.9666666666667,167.36666666666667,2018,4
201805,carnes,IPCA - Carnes e peixes,2.0152,155.58888888888887,249.4888888888889,170.17777777777778,213.72222222222223,37.52222222222222,49.56666666666666,32.833333333333336,154.70000000000002,98.46666666666665,118.0,2018,5
201806,carnes,IPCA - Carnes e peixes,0.0744,90.58888888888889,155.58888888888887,249.4888888888889,170.17777777777778,67.25555555555555,88.36666666666667,49.56666666666666,32.833333333333336,154.70000000000002,140.16666666666666,2018,6
201807,carnes,IPCA - Carnes e peixes,-1.3331,106.25555555555555,90.58888888888889,155.58888888888887,249.4888888888889,120.67777777777776,93.59999999999998,88.36666666666667,49.56666666666666,32.833333333333336,171.9666666666667,2018,7
201808,carnes,IPCA - Carnes e peixes,0.0087,50.08888888888889,106.25555555555555,90.58888888888889,155.58888888888887,213.72222222222223,84.60000000000001,93.59999999999998,88.36666666666667,49.56666666666666,98.46666666666665,2018,8
201809,carnes,IPCA - Carnes e peixes,-0.748,36.96666666666667,50.08888888888889,106.25555555555555,90.58888888888889,170.17777777777778,141.70000000000002,84.60000000000001,93.59999999999998,88.36666666666667,154.70000000000002,2018,9
201810,carnes,IPCA - Carnes e peixes,0.0467,34.644444444444446,36.96666666666667,50.08888888888889,106.25555555555555,249.4888888888889,145.29999999999998,141.70000000000002,84.60000000000001,93.59999999999998,32.833333333333336,2018,10
201811,carnes,IPCA - Carnes e peixes,2.1197,80.63333333333334,34.644444444444446,36.96666666666667,50.08888888888889,155.58888888888887,101.36666666666667,145.29999999999998,141.70000000000002,84.60000000000001,49.56666666666666,2018,11
201812,carnes,IPCA - Carnes e peixes,2.5703,103.41111111111111,80.63333333333334,34.644444444444446,36.96666666666667,90.58888888888889,90.76666666666667,101.36666666666667,145.29999999999998,141.70000000000002,88.36666666666667,2018,12
201901,carnes,IPCA - Carnes e peixes,-0.6105,135.39999999999998,103.41111111111111,80.63333333333334,34.644444444444446,106.25555555555555,124.2,90.76666666666667,101.36666666666667,145.29999999999998,93.59999999999998,2019,1
201902,carnes,IPCA - Carnes e peixes,6.4646,189.37777777777777,135.39999999999998,103.41111111111111,80.63333333333334,50.08888888888889,146.53333333333333,124.2,90.76666666666667,101.36666666666667,84.60000000000001,2019,2
201903,carnes,IPCA - Carnes e peixes,1.5832,299.18888888888887,189.37777777777777,135.39999999999998,103.41111111111111,36.96666666666667,105.73333333333333,146.53333333333333,124.2,90.76666666666667,141.70000000000002,2019,3
201904,carnes,IPCA - Carnes e peixes,4.9427,275.8111111111111,299.18888888888887,189.37777777777777,135.39999999999998,34.644444444444446,117.26666666666667,105.73333333333333,146.53333333333333,124.2,145.29999999999998,2019,4
201905,carnes,IPCA - Carnes e peixes,0.8599,131.56666666666666,275.8111111111111,299.18888888888887,189.37777777777777,80.63333333333334,203.9333333333333,117.26666666666667,105.73333333333333,146.53333333333333,101.36666666666667,2019,5
201906,carnes,IPCA - Carnes e peixes,-6.1422,176.89999999999998,131.56666666666666,275.8111111111111,299.18888888888887,103.41111111111111,63.133333333333326,203.9333333333333,117.26666666666667,105.73333333333333,90.76666666666667,2019,6
201907,carnes,IPCA - Carnes e peixes,-6.0404,135.17777777777778,176.89999999999998,131.56666666666666,275.8111111111111,135.39999999999998,68.43333333333334,63.133333333333326,203.9333333333333,117.26666666666667,124.2,2019,7
201908,carnes,IPCA - Carnes e peixes,-6.1092,62.42222222222222,135.17777777777778,176.89999999999998,131.56666666666666,189.37777777777777,40.56666666666667,68.43333333333334,63.133333333333326,203.9333333333333,146.53333333333333,2019,8
201909,carnes,IPCA - Carnes e peixes,-2.74,50.488888888888894,62.42222222222222,135.17777777777778,176.89999999999998,299.18888888888887,109.93333333333334,40.56666666666667,68.43333333333334,63.133333333333326,105.73333333333333,2019,9
201910,carnes,IPCA - Carnes e peixes,-1.1226,44.77777777777778,50.488888888888894,62.42222222222222,135.17777777777778,275.8111111111111,129.29999999999998,109.93333333333334,40.56666666666667,68.43333333333334,117.26666666666667,2019,10
201911,carnes,IPCA - Carnes e peixes,0.12,38.3,44.77777777777778,50.488888888888894,62.42222222222222,131.56666666666666,121.39999999999999,129.29999999999998,109.93333333333334,40.56666666666667,203.9333333333333,2019,11
201912,carnes,IPCA - Carnes e peixes,8.1653,49.666666666666664,38.3,44.77777777777778,50.488888888888894,176.89999999999998,66.56666666666666,121.39999999999999,129.29999999999998,109.93333333333334,63.133333333333326,2019,12
202001,carnes,IPCA - Carnes e peixes,4.7504,150.94444444444446,49.666666666666664,38.3,44.77777777777778,135.17777777777778,166.70000000000002,66.56666666666666,121.39999999999999,129.29999999999998,68.43333333333334,2020,1
202002,carnes,IPCA - Carnes e peixes,0.6862,185.1222222222222,150.94444444444446,49.666666666666664,38.3,62.42222222222222,114.56666666666666,166.70000000000002,66.56666666666666,121.39999999999999,40.56666666666667,2020,2
202003,carnes,IPCA - Carnes e peixes,5.1129,282.65555555555557,185.1222222222222,150.94444444444446,49.666666666666664,50.488888888888894,49.73333333333333,114.56666666666666,166.70000000000002,66.56666666666666,109.93333333333334,2020,3
202004,carnes,IPCA - Carnes e peixes,2.8626,220.44444444444446,282.65555555555557,185.1222222222222,150.94444444444446,44.77777777777778,33.699999999999996,49.73333333333333,114.56666666666666,166.70000000000002,129.29999999999998,2020,4
202005,carnes,IPCA - Carnes e peixes,-0.304,219.42222222222222,220.44444444444446,282.65555555555557,185.1222222222222,38.3,86.33333333333333,33.699999999999996,49.73333333333333,114.56666666666666,121.39999999999999,2020,5
202006,carnes,IPCA - Carnes e peixes,4.9681,128.60000000000002,219.42222222222222,220.44444444444446,282.65555555555557,49.666666666666664,157.53333333333333,86.33333333333333,33.699999999999996,49.73333333333333,66.56666666666666,2020,6
202007,carnes,IPCA - Carnes e peixes,-6.4948,106.63333333333334,128.60000000000002,219.42222222222222,220.44444444444446,150.94444444444446,114.7,157.53333333333333,86.33333333333333,33.699999999999996,166.70000000000002,2020,7
202008,carnes,IPCA - Carnes e peixes,1.4564,49.37777777777777,106.63333333333334,128.60000000000002,219.42222222222222,185.1222222222222,94.13333333333333,114.7,157.53333333333333,86.33333333333333,114.56666666666666,2020,8
202009,carnes,IPCA - Carnes e peixes,7.1875,41.099999999999994,49.37777777777777,106.63333333333334,128.60000000000002,282.65555555555557,101.76666666666667,94.13333333333333,114.7,157.53333333333333,49.73333333333333,2020,9
202010,carnes,IPCA - Carnes e peixes,3.5471,31.400000000000002,41.099999999999994,49.37777777777777,106.63333333333334,220.44444444444446,99.16666666666667,101.76666666666667,94.13333333333333,114.7,33.699999999999996,2020,10
202011,carnes,IPCA - Carnes e peixes,2.0486,92.12222222222222,31.400000000000002,41.099999999999994,49.37777777777777,219.42222222222222,125.2,99.16666666666667,101.76666666666667,94.13333333333333,86.33333333333333,2020,11
202012,carnes,IPCA - Carnes e peixes,0.4077,48.955555555555556,92.12222222222222,31.400000000000002,41.099999999999994,128.60000000000002,178.76666666666665,125.2,99.16666666666667,101.76666666666667,157.53333333333333,2020,12
202101,carnes,IPCA - Carnes e peixes,-0.512,74.37777777777778,48.955555555555556,92.12222222222222,31.400000000000002,106.63333333333334,212.10000000000002,178.76666666666665,125.2,99.16666666666667,114.7,2021,1
202102,carnes,IPCA - Carnes e peixes,-1.0957,113.0,74.37777777777778,48.955555555555556,92.12222222222222,49.37777777777777,123.59999999999998,212.10000000000002,178.76666666666665,125.2,94.13333333333333,2021,2
202103,carnes,IPCA - Carnes e peixes,5.1334,169.05555555555554,113.0,74.37777777777778,48.955555555555556,41.099999999999994,162.46666666666667,123.59999999999998,212.10000000000002,178.76666666666665,101.76666666666667,2021,3
202104,carnes,IPCA - Carnes e peixes,0.1856,145.58888888888887,169.05555555555554,113.0,74.37777777777778,31.400000000000002,47.800000000000004,162.46666666666667,123.59999999999998,212.10000000000002,99.16666666666667,2021,4
202105,carnes,IPCA - Carnes e peixes,-0.2619,145.33333333333334,145.58888888888887,169.05555555555554,113.0,92.12222222222222,101.66666666666667,47.800000000000004,162.46666666666667,123.59999999999998,125.2,2021,5
202106,carnes,IPCA - Carnes e peixes,0.5422,96.92222222222222,145.33333333333334,145.58888888888887,169.05555555555554,48.955555555555556,161.83333333333334,101.66666666666667,47.800000000000004,162.46666666666667,178.76666666666665,2021,6
202107,carnes,IPCA - Carnes e peixes,3.7051,105.27777777777777,96.92222222222222,145.33333333333334,145.58888888888887,74.37777777777778,32.36666666666667,161.83333333333334,101.66666666666667,47.800000000000004,212.10000000000002,2021,7
202108,carnes,IPCA - Carnes e peixes,-6.5558,83.4,105.27777777777777,96.92222222222222,145.33333333333334,113.0,87.06666666666666,32.36666666666667,161.83333333333334,101.66666666666667,123.59999999999998,2021,8
202109,carnes,IPCA - Carnes e peixes,-0.5193,59.25555555555555,83.4,105.27777777777777,96.92222222222222,169.05555555555554,119.16666666666667,87.06666666666666,32.36666666666667,161.83333333333334,162.46666666666667,2021,9
202110,carnes,IPCA - Carnes e peixes,2.2333,62.599999999999994,59.25555555555555,83.4,105.27777777777777,145.58888888888887,155.5,119.16666666666667,87.06666666666666,32.36666666666667,47.800000000000004,2021,10
202111,carnes,IPCA - Carnes e peixes,1.9583,79.43333333333334,62.599999999999994,59.25555555555555,83.4,145.33333333333334,84.93333333333334,155.5,119.16666666666667,87.06666666666666,101.66666666666667,2021,11
202112,carnes,IPCA - Carnes e peixes,1.0121,113.62222222222222,79.43333333333334,62.599999999999994,59.25555555555555,96.92222222222222,79.73333333333333,84.93333333333334,155.5,119.16666666666667,161.83333333333334,2021,12
202201,carnes,IPCA - Carnes e peixes,6.2274,192.2111111111111,113.62222222222222,79.43333333333334,62.599999999999994,105.27777777777777,130.4,79.73333333333333,84.93333333333334,155.5,32.36666666666667,2022,1
202202,carnes,IPCA - Carnes e peixes,1.7723,101.64444444444445,192.2111111111111,113.62222222222222,79.43333333333334,83.4,94.23333333333333,130.4,79.73333333333333,84.93333333333334,87.06666666666666,2022,2
202203,carnes,IPCA - Carnes e peixes,1.5808,311.3333333333333,101.64444444444445,192.2111111111111,113.62222222222222,59.25555555555555,169.36666666666667,94.23333333333333,130.4,79.73333333333333,119.16666666666667,2022,3
202204,carnes,IPCA - Carnes e peixes,5.0439,198.86666666666667,311.3333333333333,101.64444444444445,192.2111111111111,62.599999999999994,91.5,169.36666666666667,94.23333333333333,130.4,155.5,2022,4
202205,carnes,IPCA - Carnes e peixes,-0.5603,269.43333333333334,198.86666666666667,311.3333333333333,101.64444444444445,79.43333333333334,184.63333333333333,91.5,169.36666666666667,94.23333333333333,84.93333333333334,2022,5
202206,carnes,IPCA - Carnes e peixes,0.279,184.41111111111113,269.43333333333334,198.86666666666667,311.3333333333333,113.62222222222222,113.63333333333333,184.63333333333333,91.5,169.36666666666667,79.73333333333333,2022,6
202207,carnes,IPCA - Carnes e peixes,-1.3475,150.73333333333335,184.41111111111113,269.43333333333334,198.86666666666667,192.2111111111111,64.46666666666665,113.63333333333333,184.63333333333333,91.5,130.4,2022,7
202208,carnes,IPCA - Carnes e peixes,-0.5401,102.24444444444445,150.73333333333335,184.41111111111113,269.43333333333334,101.64444444444445,157.46666666666667,64.46666666666665,113.63333333333333,184.63333333333333,94.23333333333333,2022,8
202209,carnes,IPCA - Carnes e peixes,-3.8716,52.63333333333333,102.24444444444445,150.73333333333335,184.41111111111113,311.3333333333333,138.46666666666667,157.46666666666667,64.46666666666665,113.63333333333333,169.36666666666667,2022,9
202210,carnes,IPCA - Carnes e peixes,-0.6112,54.36666666666666,52.63333333333333,102.24444444444445,150.73333333333335,198.86666666666667,143.70000000000002,138.46666666666667,157.46666666666667,64.46666666666665,91.5,2022,10
202211,carnes,IPCA - Carnes e peixes,-0.6867,121.92222222222222,54.36666666666666,52.63333333333333,102.24444444444445,269.43333333333334,133.20000000000002,143.70000000000002,138.46666666666667,157.46666666666667,184.63333333333333,2022,11
202212,carnes,IPCA - Carnes e peixes,1.7735,88.66666666666667,121.92222222222222,54.36666666666666,52.63333333333333,184.41111111111113,192.66666666666666,133.20000000000002,143.70000000000002,138.46666666666667,113.63333333333333,2022,12
202301,carnes,IPCA - Carnes e peixes,6.5694,110.65555555555555,88.66666666666667,121.92222222222222,54.36666666666666,150.73333333333335,125.86666666666667,192.66666666666666,133.20000000000002,143.70000000000002,64.46666666666665,2023,1
202302,carnes,IPCA - Carnes e peixes,-0.416,132.60000000000002,110.65555555555555,88.66666666666667,121.92222222222222,102.24444444444445,170.3,125.86666666666667,192.66666666666666,133.20000000000002,157.46666666666667,2023,2
202303,carnes,IPCA - Carnes e peixes,-1.2351,228.94444444444446,132.60000000000002,110.65555555555555,88.66666666666667,52.63333333333333,112.56666666666666,170.3,125.86666666666667,192.66666666666666,138.46666666666667,2023,3
202304,carnes,IPCA - Carnes e peixes,1.4191,165.0111111111111,228.94444444444446,132.60000000000002,110.65555555555555,54.36666666666666,66.66666666666667,112.56666666666666,170.3,125.86666666666667,143.70000000000002,2023,4
202305,carnes,IPCA - Carnes e peixes,-0.0235,138.42222222222222,165.0111111111111,228.94444444444446,132.60000000000002,121.92222222222222,53.666666666666664,66.66666666666667,112.56666666666666,170.3,133.20000000000002,2023,5
202306,carnes,IPCA - Carnes e peixes,2.4108,181.11111111111111,138.42222222222222,165.0111111111111,228.94444444444446,88.66666666666667,137.9333333333333,53.666666666666664,66.66666666666667,112.56666666666666,192.66666666666666,2023,6
202307,carnes,IPCA - Carnes e peixes,-3.5073,80.5,181.11111111111111,138.42222222222222,165.0111111111111,110.65555555555555,131.06666666666666,137.9333333333333,53.666666666666664,66.66666666666667,125.86666666666667,2023,7
202308,carnes,IPCA - Carnes e peixes,-0.8315,68.1,80.5,181.11111111111111,138.42222222222222,132.60000000000002,102.03333333333335,131.06666666666666,137.9333333333333,53.666666666666664,170.3,2023,8
202309,carnes,IPCA - Carnes e peixes,-1.9036,54.36666666666667,68.1,80.5,181.11111111111111,228.94444444444446,219.83333333333334,102.03333333333335,131.06666666666666,137.9333333333333,112.56666666666666,2023,9
202310,carnes,IPCA - Carnes e peixes,-1.9499,35.52222222222222,54.36666666666667,68.1,80.5,165.0111111111111,285.56666666666666,219.83333333333334,102.03333333333335,131.06666666666666,66.66666666666667,2023,10
202311,carnes,IPCA - Carnes e peixes,-0.9962,38.955555555555556,35.52222222222222,54.36666666666667,68.1,138.42222222222222,218.26666666666665,285.56666666666666,219.83333333333334,102.03333333333335,53.666666666666664,2023,11
202312,carnes,IPCA - Carnes e peixes,0.0968,86.76666666666668,38.955555555555556,35.52222222222222,54.36666666666667,181.11111111111111,77.53333333333333,218.26666666666665,285.56666666666666,219.83333333333334,137.9333333333333,2023,12
202401,carnes,IPCA - Carnes e peixes,2.1691,96.24444444444444,86.76666666666668,38.955555555555556,35.52222222222222,80.5,167.79999999999998,77.53333333333333,218.26666666666665,285.56666666666666,131.06666666666666,2024,1
202402,carnes,IPCA - Carnes e peixes,1.1202,214.94444444444446,96.24444444444444,86.76666666666668,38.955555555555556,68.1,127.0,167.79999999999998,77.53333333333333,218.26666666666665,102.03333333333335,2024,2
202403,carnes,IPCA - Carnes e peixes,3.896,230.7111111111111,214.94444444444446,96.24444444444444,86.76666666666668,54.36666666666667,112.09999999999998,127.0,167.79999999999998,77.53333333333333,219.83333333333334,2024,3
202404,carnes,IPCA - Carnes e peixes,4.8431,224.9888888888889,230.7111111111111,214.94444444444446,96.24444444444444,35.52222222222222,196.1,112.09999999999998,127.0,167.79999999999998,285.56666666666666,2024,4
202405,carnes,IPCA - Carnes e peixes,-0.4398,158.76666666666668,224.9888888888889,230.7111111111111,214.94444444444446,38.955555555555556,231.10000000000002,196.1,112.09999999999998,127.0,218.26666666666665,2024,5
202406,carnes,IPCA - Carnes e peixes,-3.0351,144.7,158.76666666666668,224.9888888888889,230.7111111111111,86.76666666666668,91.16666666666667,231.10000000000002,196.1,112.09999999999998,77.53333333333333,2024,6
202407,carnes,IPCA - Carnes e peixes,-6.7051,86.37777777777778,144.7,158.76666666666668,224.9888888888889,96.24444444444444,140.20000000000002,91.16666666666667,231.10000000000002,196.1,167.79999999999998,2024,7
202408,carnes,IPCA - Carnes e peixes,-1.503,51.21111111111111,86.37777777777778,144.7,158.76666666666668,214.94444444444446,58.73333333333333,140.20000000000002,91.16666666666667,231.10000000000002,127.0,2024,8
202409,carnes,IPCA - Carnes e peixes,-1.9771,37.900000000000006,51.21111111111111,86.37777777777778,144.7,230.7111111111111,123.13333333333333,58.73333333333333,140.20000000000002,91.16666666666667,112.09999999999998,2024,9
202410,carnes,IPCA - Carnes e peixes,2.5919,27.299999999999997,37.900000000000006,51.21111111111111,86.37777777777778,224.9888888888889,118.80000000000001,123.13333333333333,58.73333333333333,140.20000000000002,196.1,2024,10
202411,carnes,IPCA - Carnes e peixes,2.6863,45.86666666666667,27.299999999999997,37.900000000000006,51.21111111111111,158.76666666666668,132.0,118.80000000000001,123.13333333333333,58.73333333333333,231.10000000000002,2024,11
202412,carnes,IPCA - Carnes e peixes,3.9043,57.98888888888889,45.86666666666667,27.299999999999997,37.900000000000006,144.7,208.5666666666667,132.0,118.80000000000001,123.13333333333333,91.16666666666667,2024,12
202501,carnes,IPCA - Carnes e peixes,3.1313,167.38888888888889,57.98888888888889,45.86666666666667,27.299999999999997,86.37777777777778,137.29999999999998,208.5666666666667,132.0,118.80000000000001,140.20000000000002,2025,1
202502,carnes,IPCA - Carnes e peixes,1.5785,162.24444444444444,167.38888888888889,57.98888888888889,45.86666666666667,51.21111111111111,102.53333333333335,137.29999999999998,208.5666666666667,132.0,58.73333333333333,2025,2
202503,carnes,IPCA - Carnes e peixes,-1.8899,170.27777777777777,162.24444444444444,167.38888888888889,57.98888888888889,37.900000000000006,82.63333333333334,102.53333333333335,137.29999999999998,208.5666666666667,123.13333333333333,2025,3
202504,carnes,IPCA - Carnes e peixes,1.835,109.91111111111111,170.27777777777777,162.24444444444444,167.38888888888889,27.299999999999997,111.73333333333333,82.63333333333334,102.53333333333335,137.29999999999998,118.80000000000001,2025,4
202505,carnes,IPCA - Carnes e peixes,-0.0672,201.83333333333334,109.91111111111111,170.27777777777777,162.24444444444444,45.86666666666667,97.96666666666665,111.73333333333333,82.63333333333334,102.53333333333335,132.0,2025,5
202506,carnes,IPCA - Carnes e peixes,-3.841,170.4111111111111,201.83333333333334,109.91111111111111,170.27777777777777,57.98888888888889,148.36666666666667,97.96666666666665,111.73333333333333,82.63333333333334,208.5666666666667,2025,6
201501,cereais,"IPCA - Cereais, leguminosas e oleag",6.326,41.24444444444444,,,,,217.70000000000002,,,,,2015,1
201502,cereais,"IPCA - Cereais, leguminosas e oleag",1.7331,125.17777777777776,41.24444444444444,,,,232.4,217.70000000000002,,,,2015,2
201503,cereais,"IPCA - Cereais, leguminosas e oleag",2.3563,172.58888888888887,125.17777777777776,41.24444444444444,,,140.6,232.4,217.70000000000002,,,2015,3
201504,cereais,"IPCA - Cereais, leguminosas e oleag",2.7739,118.8777777777778,172.58888888888887,125.17777777777776,41.24444444444444,,49.43333333333334,140.6,232.4,217.70000000000002,,2015,4
201505,cereais,"IPCA - Cereais, leguminosas e oleag",1.5053,137.45555555555555,118.8777777777778,172.58888888888887,125.17777777777776,,135.20000000000002,49.43333333333334,140.6,232.4,,2015,5
201506,cereais,"IPCA - Cereais, leguminosas e oleag",-1.4008,124.38888888888889,137.45555555555555,118.8777777777778,172.58888888888887,,129.5,135.20000000000002,49.43333333333334,140.6,,2015,6
201507,cereais,"IPCA - Cereais, leguminosas e oleag",0.164,113.15555555555557,124.38888888888889,137.45555555555555,118.8777777777778,41.24444444444444,184.46666666666667,129.5,135.20000000000002,49.43333333333334,217.70000000000002,2015,7
201508,cereais,"IPCA - Cereais, leguminosas e oleag",-1.4822,40.81111111111111,113.15555555555557,124.38888888888889,137.45555555555555,125.17777777777776,57.699999999999996,184.46666666666667,129.5,135.20000000000002,232.4,2015,8
201509,cereais,"IPCA - Cereais, leguminosas e oleag",0.4423,20.744444444444444,40.81111111111111,113.15555555555557,124.38888888888889,172.58888888888887,168.9,57.699999999999996,184.46666666666667,129.5,140.6,2015,9
201510,cereais,"IPCA - Cereais, leguminosas e oleag",-1.8457,15.566666666666666,20.744444444444444,40.81111111111111,113.15555555555557,118.8777777777778,202.73333333333335,168.9,57.699999999999996,184.46666666666667,49.43333333333334,2015,10
201511,cereais,"IPCA - Cereais, leguminosas e oleag",7.2386,6.322222222222222,15.566666666666666,20.744444444444444,40.81111111111111,137.45555555555555,172.83333333333334,202.73333333333335,168.9,57.699999999999996,135.20000000000002,2015,11
201512,cereais,"IPCA - Cereais, leguminosas e oleag",3.339,44.97777777777778,6.322222222222222,15.566666666666666,20.744444444444444,124.38888888888889,244.4,172.83333333333334,202.73333333333335,168.9,129.5,2015,12
201601,cereais,"IPCA - Cereais, leguminosas e oleag",2.7515,162.77777777777777,44.97777777777778,6.322222222222222,15.566666666666666,113.15555555555557,114.76666666666667,244.4,172.83333333333334,202.73333333333335,184.46666666666667,2016,1
201602,cereais,"IPCA - Cereais, leguminosas e oleag",-1.433,103.48888888888888,162.77777777777777,44.97777777777778,6.322222222222222,40.81111111111111,192.86666666666665,114.76666666666667,244.4,172.83333333333334,57.699999999999996,2016,2
201603,cereais,"IPCA - Cereais, leguminosas e oleag",2.0446,136.75555555555556,103.48888888888888,162.77777777777777,44.97777777777778,20.744444444444444,181.1,192.86666666666665,114.76666666666667,244.4,168.9,2016,3
201604,cereais,"IPCA - Cereais, leguminosas e oleag",-1.1078,123.32222222222224,136.75555555555556,103.48888888888888,162.77777777777777,15.566666666666666,112.03333333333335,181.1,192.86666666666665,114.76666666666667,202.73333333333335,2016,4
201605,cereais,"IPCA - Cereais, leguminosas e oleag",3.4592,136.92222222222222,123.32222222222224,136.75555555555556,103.48888888888888,6.322222222222222,106.56666666666666,112.03333333333335,181.1,192.86666666666665,172.83333333333334,2016,5
201606,cereais,"IPCA - Cereais, leguminosas e oleag",1.5705,78.44444444444444,136.92222222222222,123.32222222222224,136.75555555555556,44.97777777777778,64.93333333333334,106.56666666666666,112.03333333333335,181.1,244.4,2016,6
201607,cereais,"IPCA - Cereais, leguminosas e oleag",0.9004,45.25555555555556,78.44444444444444,136.92222222222222,123.32222222222224,162.77777777777777,69.5,64.93333333333334,106.56666666666666,112.03333333333335,114.76666666666667,2016,7
201608,cereais,"IPCA - Cereais, leguminosas e oleag",2.5938,30.577777777777776,45.25555555555556,78.44444444444444,136.92222222222222,103.48888888888888,140.46666666666667,69.5,64.93333333333334,106.56666666666666,192.86666666666665,2016,8
201609,cereais,"IPCA - Cereais, leguminosas e oleag",-1.4543,27.444444444444443,30.577777777777776,45.25555555555556,78.44444444444444,136.75555555555556,74.0,140.46666666666667,69.5,64.93333333333334,181.1,2016,9
201610,cereais,"IPCA - Cereais, leguminosas e oleag",1.9088,20.055555555555557,27.444444444444443,30.577777777777776,45.25555555555556,123.32222222222224,144.63333333333333,74.0,140.46666666666667,69.5,112.03333333333335,2016,10
201611,cereais,"IPCA - Cereais, leguminosas e oleag",-2.6791,22.700000000000003,20.055555555555557,27.444444444444443,30.577777777777776,136.92222222222222,85.86666666666667,144.63333333333333,74.0,140.46666666666667,106.56666666666666,2016,11
201612,cereais,"IPCA - Cereais, leguminosas e oleag",-2.7339,49.422222222222224,22.700000000000003,20.055555555555557,27.444444444444443,78.44444444444444,162.20000000000002,85.86666666666667,144.63333333333333,74.0,64.93333333333334,2016,12
201701,cereais,"IPCA - Cereais, leguminosas e oleag",-2.9693,104.71111111111112,49.422222222222224,22.700000000000003,20.055555555555557,45.25555555555556,162.23333333333332,162.20000000000002,85.86666666666667,144.63333333333333,69.5,2017,1
201702,cereais,"IPCA - Cereais, leguminosas e oleag",-2.6201,129.8777777777778,104.71111111111112,49.422222222222224,22.700000000000003,30.577777777777776,123.63333333333334,162.23333333333332,162.20000000000002,85.86666666666667,140.46666666666667,2017,2
201703,cereais,"IPCA - Cereais, leguminosas e oleag",0.581,214.16666666666666,129.8777777777778,104.71111111111112,49.422222222222224,27.444444444444443,103.96666666666665,123.63333333333334,162.23333333333332,162.20000000000002,74.0,2017,3
201704,cereais,"IPCA - Cereais, leguminosas e oleag",3.8586,196.46666666666667,214.16666666666666,129.8777777777778,104.71111111111112,20.055555555555557,104.43333333333334,103.96666666666665,123.63333333333334,162.23333333333332,144.63333333333333,2017,4
201705,cereais,"IPCA - Cereais, leguminosas e oleag",-0.2571,233.67777777777778,196.46666666666667,214.16666666666666,129.8777777777778,22.700000000000003,192.83333333333334,104.43333333333334,103.96666666666665,123.63333333333334,85.86666666666667,2017,5
201706,cereais,"IPCA - Cereais, leguminosas e oleag",-2.2354,157.9888888888889,233.67777777777778,196.46666666666667,214.16666666666666,49.422222222222224,153.06666666666666,192.83333333333334,104.43333333333334,103.96666666666665,162.20000000000002,2017,6
201707,cereais,"IPCA - Cereais, leguminosas e oleag",1.1432,184.63333333333333,157.9888888888889,233.67777777777778,196.46666666666667,104.71111111111112,18.566666666666666,153.06666666666666,192.83333333333334,104.43333333333334,162.23333333333332,2017,7
201708,cereais,"IPCA - Cereais, leguminosas e oleag",-3.4812,64.1888888888889,184.63333333333333,157.9888888888889,233.67777777777778,129.8777777777778,76.36666666666666,18.566666666666666,153.06666666666666,192.83333333333334,123.63333333333334,2017,8
201709,cereais,"IPCA - Cereais, leguminosas e oleag",-2.2461,68.48888888888888,64.1888888888889,184.63333333333333,157.9888888888889,214.16666666666666,103.06666666666666,76.36666666666666,18.566666666666666,153.06666666666666,103.96666666666665,2017,9
201710,cereais,"IPCA - Cereais, leguminosas e oleag",3.0813,45.68888888888889,68.48888888888888,64.1888888888889,184.63333333333333,196.46666666666667,167.36666666666667,103.06666666666666,76.36666666666666,18.566666666666666,104.43333333333334,2017,10
201711,cereais,"IPCA - Cereais, leguminosas e oleag",-1.7523,37.52222222222222,45.68888888888889,68.48888888888888,64.1888888888889,233.67777777777778,118.0,167.36666666666667,103.06666666666666,76.36666666666666,192.83333333333334,2017,11
201712,cereais,"IPCA - Cereais, leguminosas e oleag",-1.6577,67.25555555555555,37.52222222222222,45.68888888888889,68.48888888888888,157.9888888888889,140.16666666666666,118.0,167.36666666666667,103.06666666666666,153.06666666666666,2017,12
201801,cereais,"IPCA - Cereais, leguminosas e oleag",6.6091,120.67777777777776,67.25555555555555,37.52222222222222,45.68888888888889,184.63333333333333,171.9666666666667,140.16666666666666,118.0,167.36666666666667,18.566666666666666,2018,1
201802,cereais,"IPCA - Cereais, leguminosas e oleag",-1.7037,213.72222222222223,120.67777777777776,67.25555555555555,37.52222222222222,64.1888888888889,98.46666666666665,171.9666666666667,140.16666666666666,118.0,76.36666666666666,2018,2
201803,cereais,"IPCA - Cereais, leguminosas e oleag",2.2244,170.17777777777778,213.72222222222223,120.67777777777776,67.25555555555555,68.48888888888888,154.70000000000002,98.46666666666665,171.9666666666667,140.16666666666666,103.06666666666666,2018,3
201804,cereais,"IPCA - Cereais, leguminosas e oleag",-1.8872,249.4888888888889,170.17777777777778,213.72222222222223,120.67777777777776,45.68888888888889,32.833333333333336,154.70000000000002,98.46666666666665,171.9666666666667,167.36666666666667,2018,4
201805,cereais,"IPCA - Cereais, leguminosas e oleag",0.7867,155.58888888888887,249.4888888888889,170.17777777777778,213.72222222222223,37.52222222222222,49.56666666666666,32.833333333333336,154.70000000000002,98.46666666666665,118.0,2018,5
201806,cereais,"IPCA - Cereais, leguminosas e oleag",3.8447,90.58888888888889,155.58888888888887,249.4888888888889,170.17777777777778,67.25555555555555,88.36666666666667,49.56666666666666,32.833333333333336,154.70000000000002,140.16666666666666,2018,6
201807,cereais,"IPCA - Cereais, leguminosas e oleag",-5.1207,106.25555555555555,90.58888888888889,155.58888888888887,249.4888888888889,120.67777777777776,93.59999999999998,88.36666666666667,49.56666666666666,32.833333333333336,171.9666666666667,2018,7
201808,cereais,"IPCA - Cereais, leguminosas e oleag",-0.5545,50.08888888888889,106.25555555555555,90.58888888888889,155.58888888888887,213.72222222222223,84.60000000000001,93.59999999999998,88.36666666666667,49.56666666666666,98.46666666666665,2018,8
201809,cereais,"IPCA - Cereais, leguminosas e oleag",-0.4523,36.96666666666667,50.08888888888889,106.25555555555555,90.58888888888889,170.17777777777778,141.70000000000002,84.60000000000001,93.59999999999998,88.36666666666667,154.70000000000002,2018,9
201810,cereais,"IPCA - Cereais, leguminosas e oleag",4.9124,34.644444444444446,36.96666666666667,50.08888888888889,106.25555555555555,249.4888888888889,145.29999999999998,141.70000000000002,84.60000000000001,93.59999999999998,32.833333333333336,2018,10
201811,cereais,"IPCA - Cereais, leguminosas e oleag",2.458,80.63333333333334,34.644444444444446,36.96666666666667,50.08888888888889,155.58888888888887,101.36666666666667,145.29999999999998,141.70000000000002,84.60000000000001,49.56666666666666,2018,11
201812,cereais,"IPCA - Cereais, leguminosas e oleag",0.634,103.41111111111111,80.63333333333334,34.644444444444446,36.96666666666667,90.58888888888889,90.76666666666667,101.36666666666667,145.29999999999998,141.70000000000002,88.36666666666667,2018,12
201901,cereais,"IPCA - Cereais, leguminosas e oleag",-4.157,135.39999999999998,103.41111111111111,80.63333333333334,34.644444444444446,106.25555555555555,124.2,90.76666666666667,101.36666666666667,145.29999999999998,93.59999999999998,2019,1
201902,cereais,"IPCA - Cereais, leguminosas e oleag",3.0874,189.37777777777777,135.39999999999998,103.41111111111111,80.63333333333334,50.08888888888889,146.53333333333333,124.2,90.76666666666667,101.36666666666667,84.60000000000001,2019,2
201903,cereais,"IPCA - Cereais, leguminosas e oleag",7.2048,299.18888888888887,189.37777777777777,135.39999999999998,103.41111111111111,36.96666666666667,105.73333333333333,146.53333333333333,124.2,90.76666666666667,141.70000000000002,2019,3
201904,cereais,"IPCA - Cereais, leguminosas e oleag",4.0666,275.8111111111111,299.18888888888887,189.37777777777777,135.39999999999998,34.644444444444446,117.26666666666667,105.73333333333333,146.53333333333333,124.2,145.29999999999998,2019,4
201905,cereais,"IPCA - Cereais, leguminosas e oleag",-2.2797,131.56666666666666,275.8111111111111,299.18888888888887,189.37777777777777,80.63333333333334,203.9333333333333,117.26666666666667,105.73333333333333,146.53333333333333,101.36666666666667,2019,5
201906,cereais,"IPCA - Cereais, leguminosas e oleag",-1.0723,176.89999999999998,131.56666666666666,275.8111111111111,299.18888888888887,103.41111111111111,63.133333333333326,203.9333333333333,117.26666666666667,105.73333333333333,90.76666666666667,2019,6
201907,cereais,"IPCA - Cereais, leguminosas e oleag",-0.6405,135.17777777777778,176.89999999999998,131.56666666666666,275.8111111111111,135.39999999999998,68.43333333333334,63.133333333333326,203.9333333333333,117.26666666666667,124.2,2019,7
201908,cereais,"IPCA - Cereais, leguminosas e oleag",-0.5409,62.42222222222222,135.17777777777778,176.89999999999998,131.56666666666666,189.37777777777777,40.56666666666667,68.43333333333334,63.133333333333326,203.9333333333333,146.53333333333333,2019,8
201909,cereais,"IPCA - Cereais, leguminosas e oleag",-3.7323,50.488888888888894,62.42222222222222,135.17777777777778,176.89999999999998,299.18888888888887,109.93333333333334,40.56666666666667,68.43333333333334,63.133333333333326,105.73333333333333,2019,9
201910,cereais,"IPCA - Cereais, leguminosas e oleag",-0.6944,44.77777777777778,50.488888888888894,62.42222222222222,135.17777777777778,275.8111111111111,129.29999999999998,109.93333333333334,40.56666666666667,68.43333333333334,117.26666666666667,2019,10
201911,cereais,"IPCA - Cereais, leguminosas e oleag",-1.9509,38.3,44.77777777777778,50.488888888888894,62.42222222222222,131.56666666666666,121.39999999999999,129.29999999999998,109.93333333333334,40.56666666666667,203.9333333333333,2019,11
201912,cereais,"IPCA - Cereais, leguminosas e oleag",10.9397,49.666666666666664,38.3,44.77777777777778,50.488888888888894,176.89999999999998,66.56666666666666,121.39999999999999,129.29999999999998,109.93333333333334,63.133333333333326,2019,12
202001,cereais,"IPCA - Cereais, leguminosas e oleag",-1.4296,150.94444444444446,49.666666666666664,38.3,44.77777777777778,135.17777777777778,166.70000000000002,66.56666666666666,121.39999999999999,129.29999999999998,68.43333333333334,2020,1
202002,cereais,"IPCA - Cereais, leguminosas e oleag",-0.975,185.1222222222222,150.94444444444446,49.666666666666664,38.3,62.42222222222222,114.56666666666666,166.70000000000002,66.56666666666666,121.39999999999999,40.56666666666667,2020,2
202003,cereais,"IPCA - Cereais, leguminosas e oleag",3.9204,282.65555555555557,185.1222222222222,150.94444444444446,49.666666666666664,50.488888888888894,49.73333333333333,114.56666666666666,166.70000000000002,66.56666666666666,109.93333333333334,2020,3
202004,cereais,"IPCA - Cereais, leguminosas e oleag",9.8309,220.44444444444446,282.65555555555557,185.1222222222222,150.94444444444446,44.77777777777778,33.699999999999996,49.73333333333333,114.56666666666666,166.70000000000002,129.29999999999998,2020,4
202005,cereais,"IPCA - Cereais, leguminosas e oleag",3.92,219.42222222222222,220.44444444444446,282.65555555555557,185.1222222222222,38.3,86.33333333333333,33.699999999999996,49.73333333333333,114.56666666666666,121.39999999999999,2020,5
202006,cereais,"IPCA - Cereais, leguminosas e oleag",-4.749,128.60000000000002,219.42222222222222,220.44444444444446,282.65555555555557,49.666666666666664,157.53333333333333,86.33333333333333,33.699999999999996,49.73333333333333,66.56666666666666,2020,6
202007,cereais,"IPCA - Cereais, leguminosas e oleag",3.972,106.63333333333334,128.60000000000002,219.42222222222222,220.44444444444446,150.94444444444446,114.7,157.53333333333333,86.33333333333333,33.699999999999996,166.70000000000002,2020,7
202008,cereais,"IPCA - Cereais, leguminosas e oleag",-3.9153,49.37777777777777,106.63333333333334,128.60000000000002,219.42222222222222,185.1222222222222,94.13333333333333,114.7,157.53333333333333,86.33333333333333,114.56666666666666,2020,8
202009,cereais,"IPCA - Cereais, leguminosas e oleag",3.701,41.099999999999994,49.37777777777777,106.63333333333334,128.60000000000002,282.65555555555557,101.76666666666667,94.13333333333333,114.7,157.53333333333333,49.73333333333333,2020,9
202010,cereais,"IPCA - Cereais, leguminosas e oleag",-0.597,31.400000000000002,41.099999999999994,49.37777777777777,106.63333333333334,220.44444444444446,99.16666666666667,101.76666666666667,94.13333333333333,114.7,33.699999999999996,2020,10
202011,cereais,"IPCA - Cereais, leguminosas e oleag",5.0219,92.12222222222222,31.400000000000002,41.099999999999994,49.37777777777777,219.42222222222222,125.2,99.16666666666667,101.76666666666667,94.13333333333333,86.33333333333333,2020,11
202012,cereais,"IPCA - Cereais, leguminosas e oleag",-1.2662,48.955555555555556,92.12222222222222,31.400000000000002,41.099999999999994,128.60000000000002,178.76666666666665,125.2,99.16666666666667,101.76666666666667,157.53333333333333,2020,12
202101,cereais,"IPCA - Cereais, leguminosas e oleag",3.5846,74.37777777777778,48.955555555555556,92.12222222222222,31.400000000000002,106.63333333333334,212.10000000000002,178.76666666666665,125.2,99.16666666666667,114.7,2021,1
202102,cereais,"IPCA - Cereais, leguminosas e oleag",2.3297,113.0,74.37777777777778,48.955555555555556,92.12222222222222,49.37777777777777,123.59999999999998,212.10000000000002,178.76666666666665,125.2,94.13333333333333,2021,2
202103,cereais,"IPCA - Cereais, leguminosas e oleag",0.7682,169.05555555555554,113.0,74.37777777777778,48.955555555555556,41.099999999999994,162.46666666666667,123.59999999999998,212.10000000000002,178.76666666666665,101.76666666666667,2021,3
202104,cereais,"IPCA - Cereais, leguminosas e oleag",1.1158,145.58888888888887,169.05555555555554,113.0,74.37777777777778,31.400000000000002,47.800000000000004,162.46666666666667,123.59999999999998,212.10000000000002,99.16666666666667,2021,4
202105,cereais,"IPCA - Cereais, leguminosas e oleag",4.3317,145.33333333333334,145.58888888888887,169.05555555555554,113.0,92.12222222222222,101.66666666666667,47.800000000000004,162.46666666666667,123.59999999999998,125.2,2021,5
202106,cereais,"IPCA - Cereais, leguminosas e oleag",1.5898,96.92222222222222,145.33333333333334,145.58888888888887,169.05555555555554,48.955555555555556,161.83333333333334,101.66666666666667,47.800000000000004,162.46666666666667,178.76666666666665,2021,6
202107,cereais,"IPCA - Cereais, leguminosas e oleag",0.2037,105.27777777777777,96.92222222222222,145.33333333333334,145.58888888888887,74.37777777777778,32.36666666666667,161.83333333333334,101.66666666666667,47.800000000000004,212.10000000000002,2021,7
202108,cereais,"IPCA - Cereais, leguminosas e oleag",-3.1234,83.4,105.27777777777777,96.92222222222222,145.33333333333334,113.0,87.06666666666666,32.36666666666667,161.83333333333334,101.66666666666667,123.59999999999998,2021,8
202109,cereais,"IPCA - Cereais, leguminosas e oleag",1.7286,59.25555555555555,83.4,105.27777777777777,96.92222222222222,169.05555555555554,119.16666666666667,87.06666666666666,32.36666666666667,161.83333333333334,162.46666666666667,2021,9
202110,cereais,"IPCA - Cereais, leguminosas e oleag",4.754,62.599999999999994,59.25555555555555,83.4,105.27777777777777,145.58888888888887,155.5,119.16666666666667,87.06666666666666,32.36666666666667,47.800000000000004,2021,10
202111,cereais,"IPCA - Cereais, leguminosas e oleag",-0.1453,79.43333333333334,62.599999999999994,59.25555555555555,83.4,145.33333333333334,84.93333333333334,155.5,119.16666666666667,87.06666666666666,101.66666666666667,2021,11
202112,cereais,"IPCA - Cereais, leguminosas e oleag",-1.6433,113.62222222222222,79.43333333333334,62.599999999999994,59.25555555555555,96.92222222222222,79.73333333333333,84.93333333333334,155.5,119.16666666666667,161.83333333333334,2021,12
202201,cereais,"IPCA - Cereais, leguminosas e oleag",1.2905,192.2111111111111,113.62222222222222,79.43333333333334,62.599999999999994,105.27777777777777,130.4,79.73333333333333,84.93333333333334,155.5,32.36666666666667,2022,1
202202,cereais,"IPCA - Cereais, leguminosas e oleag",2.5653,101.64444444444445,192.2111111111111,113.62222222222222,79.43333333333334,83.4,94.23333333333333,130.4,79.73333333333333,84.93333333333334,87.06666666666666,2022,2
202203,cereais,"IPCA - Cereais, leguminosas e oleag",7.4575,311.3333333333333,101.64444444444445,192.2111111111111,113.62222222222222,59.25555555555555,169.36666666666667,94.23333333333333,130.4,79.73333333333333,119.16666666666667,2022,3
202204,cereais,"IPCA - Cereais, leguminosas e oleag",5.3721,198.86666666666667,311.3333333333333,101.64444444444445,192.2111111111111,62.599999999999994,91.5,169.36666666666667,94.23333333333333,130.4,155.5,2022,4
202205,cereais,"IPCA - Cereais, leguminosas e oleag",-3.4628,269.43333333333334,198.86666666666667,311.3333333333333,101.64444444444445,79.43333333333334,184.63333333333333,91.5,169.36666666666667,94.23333333333333,84.93333333333334,2022,5
202206,cereais,"IPCA - Cereais, leguminosas e oleag",-1.7403,184.41111111111113,269.43333333333334,198.86666666666667,311.3333333333333,113.62222222222222,113.63333333333333,184.63333333333333,91.5,169.36666666666667,79.73333333333333,2022,6
202207,cereais,"IPCA - Cereais, leguminosas e oleag",-1.7797,150.73333333333335,184.41111111111113,269.43333333333334,198.86666666666667,192.2111111111111,64.46666666666665,113.63333333333333,184.63333333333333,91.5,130.4,2022,7
202208,cereais,"IPCA - Cereais, leguminosas e oleag",-0.4486,102.24444444444445,150.73333333333335,184.41111111111113,269.43333333333334,101.64444444444445,157.46666666666667,64.46666666666665,113.63333333333333,184.63333333333333,94.23333333333333,2022,8
202209,cereais,"IPCA - Cereais, leguminosas e oleag",-1.015,52.63333333333333,102.24444444444445,150.73333333333335,184.41111111111113,311.3333333333333,138.46666666666667,157.46666666666667,64.46666666666665,113.63333333333333,169.36666666666667,2022,9
202210,cereais,"IPCA - Cereais, leguminosas e oleag",2.5901,54.36666666666666,52.63333333333333,102.24444444444445,150.73333333333335,198.86666666666667,143.70000000000002,138.46666666666667,157.46666666666667,64.46666666666665,91.5,2022,10
202211,cereais,"IPCA - Cereais, leguminosas e oleag",1.9431,121.92222222222222,54.36666666666666,52.63333333333333,102.24444444444445,269.43333333333334,133.20000000000002,143.70000000000002,138.46666666666667,157.46666666666667,184.63333333333333,2022,11
202212,cereais,"IPCA - Cereais, leguminosas e oleag",-1.575,88.66666666666667,121.92222222222222,54.36666666666666,52.63333333333333,184.41111111111113,192.66666666666666,133.20000000000002,143.70000000000002,138.46666666666667,113.63333333333333,2022,12
202301,cereais,"IPCA - Cereais, leguminosas e oleag",-0.4981,110.65555555555555,88.66666666666667,121.92222222222222,54.36666666666666,150.73333333333335,125.86666666666667,192.66666666666666,133.20000000000002,143.70000000000002,64.46666666666665,2023,1
202302,cereais,"IPCA - Cereais, leguminosas e oleag",-2.3418,132.60000000000002,110.65555555555555,88.66666666666667,121.92222222222222,102.24444444444445,170.3,125.86666666666667,192.66666666666666,133.20000000000002,157.46666666666667,2023,2
202303,cereais,"IPCA - Cereais, leguminosas e oleag",0.1267,228.94444444444446,132.60000000000002,110.65555555555555,88.66666666666667,52.63333333333333,112.56666666666666,170.3,125.86666666666667,192.66666666666666,138.46666666666667,2023,3
202304,cereais,"IPCA - Cereais, leguminosas e oleag",2.1022,165.0111111111111,228.94444444444446,132.60000000000002,110.65555555555555,54.36666666666666,66.66666666666667,112.56666666666666,170.3,125.86666666666667,143.70000000000002,2023,4
202305,cereais,"IPCA - Cereais, leguminosas e oleag",1.4091,138.42222222222222,165.0111111111111,228.94444444444446,132.60000000000002,121.92222222222222,53.666666666666664,66.66666666666667,112.56666666666666,170.3,133.20000000000002,2023,5
202306,cereais,"IPCA - Cereais, leguminosas e oleag",-0.3708,181.11111111111111,138.42222222222222,165.0111111111111,228.94444444444446,88.66666666666667,137.9333333333333,53.666666666666664,66.66666666666667,112.56666666666666,192.66666666666666,2023,6
202307,cereais,"IPCA - Cereais, leguminosas e oleag",-1.5559,80.5,181.11111111111111,138.42222222222222,165.0111111111111,110.65555555555555,131.06666666666666,137.9333333333333,53.666666666666664,66.66666666666667,125.86666666666667,2023,7
202308,cereais,"IPCA - Cereais, leguminosas e oleag",-0.7504,68.1,80.5,181.11111111111111,138.42222222222222,132.60000000000002,102.03333333333335,131.06666666666666,137.9333333333333,53.666666666666664,170.3,2023,8
202309,cereais,"IPCA - Cereais, leguminosas e oleag",-0.5692,54.36666666666667,68.1,80.5,181.11111111111111,228.94444444444446,219.83333333333334,102.03333333333335,131.06666666666666,137.9333333333333,112.56666666666666,2023,9
202310,cereais,"IPCA - Cereais, leguminosas e oleag",-0.9131,35.52222222222222,54.36666666666667,68.1,80.5,165.0111111111111,285.56666666666666,219.83333333333334,102.03333333333335,131.06666666666666,66.66666666666667,2023,10
202311,cereais,"IPCA - Cereais, leguminosas e oleag",1.2489,38.955555555555556,35.52222222222222,54.36666666666667,68.1,138.42222222222222,218.26666666666665,285.56666666666666,219.83333333333334,102.03333333333335,53.666666666666664,2023,11
202312,cereais,"IPCA - Cereais, leguminosas e oleag",2.0163,86.76666666666668,38.955555555555556,35.52222222222222,54.36666666666667,181.11111111111111,77.53333333333333,218.26666666666665,285.56666666666666,219.83333333333334,137.9333333333333,2023,12
202401,cereais,"IPCA - Cereais, leguminosas e oleag",4.1608,96.24444444444444,86.76666666666668,38.955555555555556,35.52222222222222,80.5,167.79999999999998,77.53333333333333,218.26666666666665,285.56666666666666,131.06666666666666,2024,1
202402,cereais,"IPCA - Cereais, leguminosas e oleag",0.7257,214.94444444444446,96.24444444444444,86.76666666666668,38.955555555555556,68.1,127.0,167.79999999999998,77.53333333333333,218.26666666666665,102.03333333333335,2024,2
202403,cereais,"IPCA - Cereais, leguminosas e oleag",-0.4703,230.7111111111111,214.94444444444446,96.24444444444444,86.76666666666668,54.36666666666667,112.09999999999998,127.0,167.79999999999998,77.53333333333333,219.83333333333334,2024,3
202404,cereais,"IPCA - Cereais, leguminosas e oleag",-0.195,224.9888888888889,230.7111111111111,214.94444444444446,96.24444444444444,35.52222222222222,196.1,112.09999999999998,127.0,167.79999999999998,285.56666666666666,2024,4
202405,cereais,"IPCA - Cereais, leguminosas e oleag",2.0395,158.76666666666668,224.9888888888889,230.7111111111111,214.94444444444446,38.955555555555556,231.10000000000002,196.1,112.09999999999998,127.0,218.26666666666665,2024,5
202406,cereais,"IPCA - Cereais, leguminosas e oleag",1.814,144.7,158.76666666666668,224.9888888888889,230.7111111111111,86.76666666666668,91.16666666666667,231.10000000000002,196.1,112.09999999999998,77.53333333333333,2024,6
202407,cereais,"IPCA - Cereais, leguminosas e oleag",-4.8469,86.37777777777778,144.7,158.76666666666668,224.9888888888889,96.24444444444444,140.20000000000002,91.16666666666667,231.10000000000002,196.1,167.79999999999998,2024,7
202408,cereais,"IPCA - Cereais, leguminosas e oleag",-2.9569,51.21111111111111,86.37777777777778,144.7,158.76666666666668,214.94444444444446,58.73333333333333,140.20000000000002,91.16666666666667,231.10000000000002,127.0,2024,8
202409,cereais,"IPCA - Cereais, leguminosas e oleag",0.1951,37.900000000000006,51.21111111111111,86.37777777777778,144.7,230.7111111111111,123.13333333333333,58.73333333333333,140.20000000000002,91.16666666666667,112.09999999999998,2024,9
202410,cereais,"IPCA - Cereais, leguminosas e oleag",4.0347,27.299999999999997,37.900000000000006,51.21111111111111,86.37777777777778,224.9888888888889,118.80000000000001,123.13333333333333,58.73333333333333,140.20000000000002,196.1,2024,10
202411,cereais,"IPCA - Cereais, leguminosas e oleag",1.7588,45.86666666666667,27.299999999999997,37.900000000000006,51.21111111111111,158.76666666666668,132.0,118.80000000000001,123.13333333333333,58.73333333333333,231.10000000000002,2024,11
202412,cereais,"IPCA - Cereais, leguminosas e oleag",0.3381,57.98888888888889,45.86666666666667,27.299999999999997,37.900000000000006,144.7,208.5666666666667,132.0,118.80000000000001,123.13333333333333,91.16666666666667,2024,12
202501,cereais,"IPCA - Cereais, leguminosas e oleag",0.2413,167.38888888888889,57.98888888888889,45.86666666666667,27.299999999999997,86.37777777777778,137.29999999999998,208.5666666666667,132.0,118.80000000000001,140.20000000000002,2025,1
202502,cereais,"IPCA - Cereais, leguminosas e oleag",0.2945,162.24444444444444,167.38888888888889,57.98888888888889,45.86666666666667,51.21111111111111,102.53333333333335,137.29999999999998,208.5666666666667,132.0,58.73333333333333,2025,2
202503,cereais,"IPCA - Cereais, leguminosas e oleag",3.6132,170.27777777777777,162.24444444444444,167.38888888888889,57.98888888888889,37.900000000000006,82.63333333333334,102.53333333333335,137.29999999999998,208.5666666666667,123.13333333333333,2025,3
202504,cereais,"IPCA - Cereais, leguminosas e oleag",2.7031,109.91111111111111,170.27777777777777,162.24444444444444,167.38888888888889,27.299999999999997,111.73333333333333,82.63333333333334,102.53333333333335,137.29999999999998,118.80000000000001,2025,4
202505,cereais,"IPCA - Cereais, leguminosas e oleag",-0.2936,201.83333333333334,109.91111111111111,170.27777777777777,162.24444444444444,45.86666666666667,97.96666666666665,111.73333333333333,82.63333333333334,102.53333333333335,132.0,2025,5
202506,cereais,"IPCA - Cereais, leguminosas e oleag",-0.1933,170.4111111111111,201.83333333333334,109.91111111111111,170.27777777777777,57.98888888888889,148.36666666666667,97.96666666666665,111.73333333333333,82.63333333333334,208.5666666666667,2025,6
201501,frutas,IPCA - Frutas,7.4765,41.24444444444444,,,,,217.70000000000002,,,,,2015,1
201502,frutas,IPCA - Frutas,0.59,125.17777777777776,41.24444444444444,,,,232.4,217.70000000000002,,,,2015,2
201503,frutas,IPCA - Frutas,-0.6633,172.58888888888887,125.17777777777776,41.24444444444444,,,140.6,232.4,217.70000000000002,,,2015,3
201504,frutas,IPCA - Frutas,1.3015,118.8777777777778,172.58888888888887,125.17777777777776,41.24444444444444,,49.43333333333334,140.6,232.4,217.70000000000002,,2015,4
201505,frutas,IPCA - Frutas,5.9019,137.45555555555555,118.8777777777778,172.58888888888887,125.17777777777776,,135.20000000000002,49.43333333333334,140.6,232.4,,2015,5
201506,frutas,IPCA - Frutas,-5.0082,124.38888888888889,137.45555555555555,118.8777777777778,172.58888888888887,,129.5,135.20000000000002,49.43333333333334,140.6,,2015,6
201507,frutas,IPCA - Frutas,-0.6613,113.15555555555557,124.38888888888889,137.45555555555555,118.8777777777778,41.24444444444444,184.46666666666667,129.5,135.20000000000002,49.43333333333334,217.70000000000002,2015,7
201508,frutas,IPCA - Frutas,-2.0704,40.81111111111111,113.15555555555557,124.38888888888889,137.45555555555555,125.17777777777776,57.699999999999996,184.46666666666667,129.5,135.20000000000002,232.4,2015,8
201509,frutas,IPCA - Frutas,-2.9592,20.744444444444444,40.81111111111111,113.15555555555557,124.38888888888889,172.58888888888887,168.9,57.699999999999996,184.46666666666667,129.5,140.6,2015,9
201510,frutas,IPCA - Frutas,-0.151,15.566666666666666,20.744444444444444,40.81111111111111,113.15555555555557,118.8777777777778,202.73333333333335,168.9,57.699999999999996,184.46666666666667,49.43333333333334,2015,10
201511,frutas,IPCA - Frutas,3.5787,6.322222222222222,15.566666666666666,20.744444444444444,40.81111111111111,137.45555555555555,172.83333333333334,202.73333333333335,168.9,57.699999999999996,135.20000000000002,2015,11
201512,frutas,IPCA - Frutas,4.3561,44.97777777777778,6.322222222222222,15.566666666666666,20.744444444444444,124.38888888888889,244.4,172.83333333333334,202.73333333333335,168.9,129.5,2015,12
201601,frutas,IPCA - Frutas,15.6549,162.77777777777777,44.97777777777778,6.322222222222222,15.566666666666666,113.15555555555557,114.76666666666667,244.4,172.83333333333334,202.73333333333335,184.46666666666667,2016,1
201602,frutas,IPCA - Frutas,-4.2863,103.48888888888888,162.77777777777777,44.97777777777778,6.322222222222222,40.81111111111111,192.86666666666665,114.76666666666667,244.4,172.83333333333334,57.699999999999996,2016,2
201603,frutas,IPCA - Frutas,1.7886,136.75555555555556,103.48888888888888,162.77777777777777,44.97777777777778,20.744444444444444,181.1,192.86666666666665,114.76666666666667,244.4,168.9,2016,3
201604,frutas,IPCA - Frutas,0.9803,123.32222222222224,136.75555555555556,103.48888888888888,162.77777777777777,15.566666666666666,112.03333333333335,181.1,192.86666666666665,114.76666666666667,202.73333333333335,2016,4
201605,frutas,IPCA - Frutas,0.8059,136.92222222222222,123.32222222222224,136.75555555555556,103.48888888888888,6.322222222222222,106.56666666666666,112.03333333333335,181.1,192.86666666666665,172.83333333333334,2016,5
201606,frutas,IPCA - Frutas,9.4019,78.44444444444444,136.92222222222222,123.32222222222224,136.75555555555556,44.97777777777778,64.93333333333334,106.56666666666666,112.03333333333335,181.1,244.4,2016,6
201607,frutas,IPCA - Frutas,0.7142,45.25555555555556,78.44444444444444,136.92222222222222,123.32222222222224,162.77777777777777,69.5,64.93333333333334,106.56666666666666,112.03333333333335,114.76666666666667,2016,7
201608,frutas,IPCA - Frutas,-3.1451,30.577777777777776,45.25555555555556,78.44444444444444,136.92222222222222,103.48888888888888,140.46666666666667,69.5,64.93333333333334,106.56666666666666,192.86666666666665,2016,8
201609,frutas,IPCA - Frutas,-4.3126,27.444444444444443,30.577777777777776,45.25555555555556,78.44444444444444,136.75555555555556,74.0,140.46666666666667,69.5,64.93333333333334,181.1,2016,9
201610,frutas,IPCA - Frutas,-1.0041,20.055555555555557,27.444444444444443,30.577777777777776,45.25555555555556,123.32222222222224,144.63333333333333,74.0,140.46666666666667,69.5,112.03333333333335,2016,10
201611,frutas,IPCA - Frutas,-0.4827,22.700000000000003,20.055555555555557,27.444444444444443,30.577777777777776,136.92222222222222,85.86666666666667,144.63333333333333,74.0,140.46666666666667,106.56666666666666,2016,11
201612,frutas,IPCA - Frutas,-0.1858,49.422222222222224,22.700000000000003,20.055555555555557,27.444444444444443,78.44444444444444,162.20000000000002,85.86666666666667,144.63333333333333,74.0,64.93333333333334,2016,12
201701,frutas,IPCA - Frutas,-0.2585,104.71111111111112,49.422222222222224,22.700000000000003,20.055555555555557,45.25555555555556,162.23333333333332,162.20000000000002,85.86666666666667,144.63333333333333,69.5,2017,1
201702,frutas,IPCA - Frutas,-1.4669,129.8777777777778,104.71111111111112,49.422222222222224,22.700000000000003,30.577777777777776,123.63333333333334,162.23333333333332,162.20000000000002,85.86666666666667,140.46666666666667,2017,2
201703,frutas,IPCA - Frutas,2.1385,214.16666666666666,129.8777777777778,104.71111111111112,49.422222222222224,27.444444444444443,103.96666666666665,123.63333333333334,162.23333333333332,162.20000000000002,74.0,2017,3
201704,frutas,IPCA - Frutas,0.1339,196.46666666666667,214.16666666666666,129.8777777777778,104.71111111111112,20.055555555555557,104.43333333333334,103.96666666666665,123.63333333333334,162.23333333333332,144.63333333333333,2017,4
201705,frutas,IPCA - Frutas,1.0004,233.67777777777778,196.46666666666667,214.16666666666666,129.8777777777778,22.700000000000003,192.83333333333334,104.43333333333334,103.96666666666665,123.63333333333334,85.86666666666667,2017,5
201706,frutas,IPCA - Frutas,-0.6671,157.9888888888889,233.67777777777778,196.46666666666667,214.16666666666666,49.422222222222224,153.06666666666666,192.83333333333334,104.43333333333334,103.96666666666665,162.20000000000002,2017,6
201707,frutas,IPCA - Frutas,-0.8793,184.63333333333333,157.9888888888889,233.67777777777778,196.46666666666667,104.71111111111112,18.566666666666666,153.06666666666666,192.83333333333334,104.43333333333334,162.23333333333332,2017,7
201708,frutas,IPCA - Frutas,0.0362,64.1888888888889,184.63333333333333,157.9888888888889,233.67777777777778,129.8777777777778,76.36666666666666,18.566666666666666,153.06666666666666,192.83333333333334,123.63333333333334,2017,8
201709,frutas,IPCA - Frutas,-3.5728,68.48888888888888,64.1888888888889,184.63333333333333,157.9888888888889,214.16666666666666,103.06666666666666,76.36666666666666,18.566666666666666,153.06666666666666,103.96666666666665,2017,9
201710,frutas,IPCA - Frutas,-2.791,45.68888888888889,68.48888888888888,64.1888888888889,184.63333333333333,196.46666666666667,167.36666666666667,103.06666666666666,76.36666666666666,18.566666666666666,104.43333333333334,2017,10
201711,frutas,IPCA - Frutas,-0.171,37.52222222222222,45.68888888888889,68.48888888888888,64.1888888888889,233.67777777777778,118.0,167.36666666666667,103.06666666666666,76.36666666666666,192.83333333333334,2017,11
201712,frutas,IPCA - Frutas,-0.3481,67.25555555555555,37.52222222222222,45.68888888888889,68.48888888888888,157.9888888888889,140.16666666666666,118.0,167.36666666666667,103.06666666666666,153.06666666666666,2017,12
201801,frutas,IPCA - Frutas,0.4242,120.67777777777776,67.25555555555555,37.52222222222222,45.68888888888889,184.63333333333333,171.9666666666667,140.16666666666666,118.0,167.36666666666667,18.566666666666666,2018,1
201802,frutas,IPCA - Frutas,0.4914,213.72222222222223,120.67777777777776,67.25555555555555,37.52222222222222,64.1888888888889,98.46666666666665,171.9666666666667,140.16666666666666,118.0,76.36666666666666,2018,2
201803,frutas,IPCA - Frutas,-0.9835,170.17777777777778,213.72222222222223,120.67777777777776,67.25555555555555,68.48888888888888,154.70000000000002,98.46666666666665,171.9666666666667,140.16666666666666,103.06666666666666,2018,3
201804,frutas,IPCA - Frutas,1.4927,249.4888888888889,170.17777777777778,213.72222222222223,120.67777777777776,45.68888888888889,32.833333333333336,154.70000000000002,98.46666666666665,171.9666666666667,167.36666666666667,2018,4
201805,frutas,IPCA - Frutas,0.2296,155.58888888888887,249.4888888888889,170.17777777777778,213.72222222222223,37.52222222222222,49.56666666666666,32.833333333333336,154.70000000000002,98.46666666666665,118.0,2018,5
201806,frutas,IPCA - Frutas,-0.2291,90.58888888888889,155.58888888888887,249.4888888888889,170.17777777777778,67.25555555555555,88.36666666666667,49.56666666666666,32.833333333333336,154.70000000000002,140.16666666666666,2018,6
201807,frutas,IPCA - Frutas,0.1558,106.25555555555555,90.58888888888889,155.58888888888887,249.4888888888889,120.67777777777776,93.59999999999998,88.36666666666667,49.56666666666666,32.833333333333336,171.9666666666667,2018,7
201808,frutas,IPCA - Frutas,-1.0672,50.08888888888889,106.25555555555555,90.58888888888889,155.58888888888887,213.72222222222223,84.60000000000001,93.59999999999998,88.36666666666667,49.56666666666666,98.46666666666665,2018,8
201809,frutas,IPCA - Frutas,-2.3064,36.96666666666667,50.08888888888889,106.25555555555555,90.58888888888889,170.17777777777778,141.70000000000002,84.60000000000001,93.59999999999998,88.36666666666667,154.70000000000002,2018,9
201810,frutas,IPCA - Frutas,1.0195,34.644444444444446,36.96666666666667,50.08888888888889,106.25555555555555,249.4888888888889,145.29999999999998,141.70000000000002,84.60000000000001,93.59999999999998,32.833333333333336,2018,10
201811,frutas,IPCA - Frutas,2.8905,80.63333333333334,34.644444444444446,36.96666666666667,50.08888888888889,155.58888888888887,101.36666666666667,145.29999999999998,141.70000000000002,84.60000000000001,49.56666666666666,2018,11
201812,frutas,IPCA - Frutas,5.6513,103.41111111111111,80.63333333333334,34.644444444444446,36.96666666666667,90.58888888888889,90.76666666666667,101.36666666666667,145.29999999999998,141.70000000000002,88.36666666666667,2018,12
201901,frutas,IPCA - Frutas,2.4096,135.39999999999998,103.41111111111111,80.63333333333334,34.644444444444446,106.25555555555555,124.2,90.76666666666667,101.36666666666667,145.29999999999998,93.59999999999998,2019,1
201902,frutas,IPCA - Frutas,4.5627,189.37777777777777,135.39999999999998,103.41111111111111,80.63333333333334,50.08888888888889,146.53333333333333,124.2,90.76666666666667,101.36666666666667,84.60000000000001,2019,2
201903,frutas,IPCA - Frutas,4.0898,299.18888888888887,189.37777777777777,135.39999999999998,103.41111111111111,36.96666666666667,105.73333333333333,146.53333333333333,124.2,90.76666666666667,141.70000000000002,2019,3
201904,frutas,IPCA - Frutas,2.734,275.8111111111111,299.18888888888887,189.37777777777777,135.39999999999998,34.644444444444446,117.26666666666667,105.73333333333333,146.53333333333333,124.2,145.29999999999998,2019,4
201905,frutas,IPCA - Frutas,-4.4758,131.56666666666666,275.8111111111111,299.18888888888887,189.37777777777777,80.63333333333334,203.9333333333333,117.26666666666667,105.73333333333333,146.53333333333333,101.36666666666667,2019,5
201906,frutas,IPCA - Frutas,-0.8699,176.89999999999998,131.56666666666666,275.8111111111111,299.18888888888887,103.41111111111111,63.133333333333326,203.9333333333333,117.26666666666667,105.73333333333333,90.76666666666667,2019,6
201907,frutas,IPCA - Frutas,-0.2609,135.17777777777778,176.89999999999998,131.56666666666666,275.8111111111111,135.39999999999998,68.43333333333334,63.133333333333326,203.9333333333333,117.26666666666667,124.2,2019,7
201908,frutas,IPCA - Frutas,-5.0291,62.42222222222222,135.17777777777778,176.89999999999998,131.56666666666666,189.37777777777777,40.56666666666667,68.43333333333334,63.133333333333326,203.9333333333333,146.53333333333333,2019,8
201909,frutas,IPCA - Frutas,-2.0255,50.488888888888894,62.42222222222222,135.17777777777778,176.89999999999998,299.18888888888887,109.93333333333334,40.56666666666667,68.43333333333334,63.133333333333326,105.73333333333333,2019,9
201910,frutas,IPCA - Frutas,1.1219,44.77777777777778,50.488888888888894,62.42222222222222,135.17777777777778,275.8111111111111,129.29999999999998,109.93333333333334,40.56666666666667,68.43333333333334,117.26666666666667,2019,10
201911,frutas,IPCA - Frutas,1.1271,38.3,44.77777777777778,50.488888888888894,62.42222222222222,131.56666666666666,121.39999999999999,129.29999999999998,109.93333333333334,40.56666666666667,203.9333333333333,2019,11
201912,frutas,IPCA - Frutas,13.642,49.666666666666664,38.3,44.77777777777778,50.488888888888894,176.89999999999998,66.56666666666666,121.39999999999999,129.29999999999998,109.93333333333334,63.133333333333326,2019,12
202001,frutas,IPCA - Frutas,0.0726,150.94444444444446,49.666666666666664,38.3,44.77777777777778,135.17777777777778,166.70000000000002,66.56666666666666,121.39999999999999,129.29999999999998,68.43333333333334,2020,1
202002,frutas,IPCA - Frutas,-1.4195,185.1222222222222,150.94444444444446,49.666666666666664,38.3,62.42222222222222,114.56666666666666,166.70000000000002,66.56666666666666,121.39999999999999,40.56666666666667,2020,2
202003,frutas,IPCA - Frutas,1.6852,282.65555555555557,185.1222222222222,150.94444444444446,49.666666666666664,50.488888888888894,49.73333333333333,114.56666666666666,166.70000000000002,66.56666666666666,109.93333333333334,2020,3
202004,frutas,IPCA - Frutas,8.1174,220.44444444444446,282.65555555555557,185.1222222222222,150.94444444444446,44.77777777777778,33.699999999999996,49.73333333333333,114.56666666666666,166.70000000000002,129.29999999999998,2020,4
202005,frutas,IPCA - Frutas,2.5912,219.42222222222222,220.44444444444446,282.65555555555557,185.1222222222222,38.3,86.33333333333333,33.699999999999996,49.73333333333333,114.56666666666666,121.39999999999999,2020,5
202006,frutas,IPCA - Frutas,-4.9823,128.60000000000002,219.42222222222222,220.44444444444446,282.65555555555557,49.666666666666664,157.53333333333333,86.33333333333333,33.699999999999996,49.73333333333333,66.56666666666666,2020,6
202007,frutas,IPCA - Frutas,-1.6473,106.63333333333334,128.60000000000002,219.42222222222222,220.44444444444446,150.94444444444446,114.7,157.53333333333333,86.33333333333333,33.699999999999996,166.70000000000002,2020,7
202008,frutas,IPCA - Frutas,2.1761,49.37777777777777,106.63333333333334,128.60000000000002,219.42222222222222,185.1222222222222,94.13333333333333,114.7,157.53333333333333,86.33333333333333,114.56666666666666,2020,8
202009,frutas,IPCA - Frutas,5.6649,41.099999999999994,49.37777777777777,106.63333333333334,128.60000000000002,282.65555555555557,101.76666666666667,94.13333333333333,114.7,157.53333333333333,49.73333333333333,2020,9
202010,frutas,IPCA - Frutas,5.3064,31.400000000000002,41.099999999999994,49.37777777777777,106.63333333333334,220.44444444444446,99.16666666666667,101.76666666666667,94.13333333333333,114.7,33.699999999999996,2020,10
202011,frutas,IPCA - Frutas,3.6923,92.12222222222222,31.400000000000002,41.099999999999994,49.37777777777777,219.42222222222222,125.2,99.16666666666667,101.76666666666667,94.13333333333333,86.33333333333333,2020,11
202012,frutas,IPCA - Frutas,1.1373,48.955555555555556,92.12222222222222,31.400000000000002,41.099999999999994,128.60000000000002,178.76666666666665,125.2,99.16666666666667,101.76666666666667,157.53333333333333,2020,12
202101,frutas,IPCA - Frutas,1.944,74.37777777777778,48.955555555555556,92.12222222222222,31.400000000000002,106.63333333333334,212.10000000000002,178.76666666666665,125.2,99.16666666666667,114.7,2021,1
202102,frutas,IPCA - Frutas,-2.4515,113.0,74.37777777777778,48.955555555555556,92.12222222222222,49.37777777777777,123.59999999999998,212.10000000000002,178.76666666666665,125.2,94.13333333333333,2021,2
202103,frutas,IPCA - Frutas,-1.5374,169.05555555555554,113.0,74.37777777777778,48.955555555555556,41.099999999999994,162.46666666666667,123.59999999999998,212.10000000000002,178.76666666666665,101.76666666666667,2021,3
202104,frutas,IPCA - Frutas,0.7644,145.58888888888887,169.05555555555554,113.0,74.37777777777778,31.400000000000002,47.800000000000004,162.46666666666667,123.59999999999998,212.10000000000002,99.16666666666667,2021,4
202105,frutas,IPCA - Frutas,1.3968,145.33333333333334,145.58888888888887,169.05555555555554,113.0,92.12222222222222,101.66666666666667,47.800000000000004,162.46666666666667,123.59999999999998,125.2,2021,5
202106,frutas,IPCA - Frutas,-2.225,96.92222222222222,145.33333333333334,145.58888888888887,169.05555555555554,48.955555555555556,161.83333333333334,101.66666666666667,47.800000000000004,162.46666666666667,178.76666666666665,2021,6
202107,frutas,IPCA - Frutas,1.9293,105.27777777777777,96.92222222222222,145.33333333333334,145.58888888888887,74.37777777777778,32.36666666666667,161.83333333333334,101.66666666666667,47.800000000000004,212.10000000000002,2021,7
202108,frutas,IPCA - Frutas,0.5817,83.4,105.27777777777777,96.92222222222222,145.33333333333334,113.0,87.06666666666666,32.36666666666667,161.83333333333334,101.66666666666667,123.59999999999998,2021,8
202109,frutas,IPCA - Frutas,1.5352,59.25555555555555,83.4,105.27777777777777,96.92222222222222,169.05555555555554,119.16666666666667,87.06666666666666,32.36666666666667,161.83333333333334,162.46666666666667,2021,9
202110,frutas,IPCA - Frutas,3.0832,62.599999999999994,59.25555555555555,83.4,105.27777777777777,145.58888888888887,155.5,119.16666666666667,87.06666666666666,32.36666666666667,47.800000000000004,2021,10
202111,frutas,IPCA - Frutas,1.3282,79.43333333333334,62.599999999999994,59.25555555555555,83.4,145.33333333333334,84.93333333333334,155.5,119.16666666666667,87.06666666666666,101.66666666666667,2021,11
202112,frutas,IPCA - Frutas,-0.4002,113.62222222222222,79.43333333333334,62.599999999999994,59.25555555555555,96.92222222222222,79.73333333333333,84.93333333333334,155.5,119.16666666666667,161.83333333333334,2021,12
202201,frutas,IPCA - Frutas,4.633,192.2111111111111,113.62222222222222,79.43333333333334,62.599999999999994,105.27777777777777,130.4,79.73333333333333,84.93333333333334,155.5,32.36666666666667,2022,1
202202,frutas,IPCA - Frutas,2.5892,101.64444444444445,192.2111111111111,113.62222222222222,79.43333333333334,83.4,94.23333333333333,130.4,79.73333333333333,84.93333333333334,87.06666666666666,2022,2
202203,frutas,IPCA - Frutas,3.4925,311.3333333333333,101.64444444444445,192.2111111111111,113.62222222222222,59.25555555555555,169.36666666666667,94.23333333333333,130.4,79.73333333333333,119.16666666666667,2022,3
202204,frutas,IPCA - Frutas,2.9225,198.86666666666667,311.3333333333333,101.64444444444445,192.2111111111111,62.599999999999994,91.5,169.36666666666667,94.23333333333333,130.4,155.5,2022,4
202205,frutas,IPCA - Frutas,-1.2067,269.43333333333334,198.86666666666667,311.3333333333333,101.64444444444445,79.43333333333334,184.63333333333333,91.5,169.36666666666667,94.23333333333333,84.93333333333334,2022,5
202206,frutas,IPCA - Frutas,-0.0815,184.41111111111113,269.43333333333334,198.86666666666667,311.3333333333333,113.62222222222222,113.63333333333333,184.63333333333333,91.5,169.36666666666667,79.73333333333333,2022,6
202207,frutas,IPCA - Frutas,-0.1736,150.73333333333335,184.41111111111113,269.43333333333334,198.86666666666667,192.2111111111111,64.46666666666665,113.63333333333333,184.63333333333333,91.5,130.4,2022,7
202208,frutas,IPCA - Frutas,-1.7952,102.24444444444445,150.73333333333335,184.41111111111113,269.43333333333334,101.64444444444445,157.46666666666667,64.46666666666665,113.63333333333333,184.63333333333333,94.23333333333333,2022,8
202209,frutas,IPCA - Frutas,-0.3223,52.63333333333333,102.24444444444445,150.73333333333335,184.41111111111113,311.3333333333333,138.46666666666667,157.46666666666667,64.46666666666665,113.63333333333333,169.36666666666667,2022,9
202210,frutas,IPCA - Frutas,2.5945,54.36666666666666,52.63333333333333,102.24444444444445,150.73333333333335,198.86666666666667,143.70000000000002,138.46666666666667,157.46666666666667,64.46666666666665,91.5,2022,10
202211,frutas,IPCA - Frutas,2.0273,121.92222222222222,54.36666666666666,52.63333333333333,102.24444444444445,269.43333333333334,133.20000000000002,143.70000000000002,138.46666666666667,157.46666666666667,184.63333333333333,2022,11
202212,frutas,IPCA - Frutas,2.1958,88.66666666666667,121.92222222222222,54.36666666666666,52.63333333333333,184.41111111111113,192.66666666666666,133.20000000000002,143.70000000000002,138.46666666666667,113.63333333333333,2022,12
202301,frutas,IPCA - Frutas,0.8501,110.65555555555555,88.66666666666667,121.92222222222222,54.36666666666666,150.73333333333335,125.86666666666667,192.66666666666666,133.20000000000002,143.70000000000002,64.46666666666665,2023,1
202302,frutas,IPCA - Frutas,-2.1728,132.60000000000002,110.65555555555555,88.66666666666667,121.92222222222222,102.24444444444445,170.3,125.86666666666667,192.66666666666666,133.20000000000002,157.46666666666667,2023,2
202303,frutas,IPCA - Frutas,-2.0513,228.94444444444446,132.60000000000002,110.65555555555555,88.66666666666667,52.63333333333333,112.56666666666666,170.3,125.86666666666667,192.66666666666666,138.46666666666667,2023,3
202304,frutas,IPCA - Frutas,3.5276,165.0111111111111,228.94444444444446,132.60000000000002,110.65555555555555,54.36666666666666,66.66666666666667,112.56666666666666,170.3,125.86666666666667,143.70000000000002,2023,4
202305,frutas,IPCA - Frutas,-0.0071,138.42222222222222,165.0111111111111,228.94444444444446,132.60000000000002,121.92222222222222,53.666666666666664,66.66666666666667,112.56666666666666,170.3,133.20000000000002,2023,5
202306,frutas,IPCA - Frutas,-5.0362,181.11111111111111,138.42222222222222,165.0111111111111,228.94444444444446,88.66666666666667,137.9333333333333,53.666666666666664,66.66666666666667,112.56666666666666,192.66666666666666,2023,6
202307,frutas,IPCA - Frutas,-1.7449,80.5,181.11111111111111,138.42222222222222,165.0111111111111,110.65555555555555,131.06666666666666,137.9333333333333,53.666666666666664,66.66666666666667,125.86666666666667,2023,7
202308,frutas,IPCA - Frutas,-2.4601,68.1,80.5,181.11111111111111,138.42222222222222,132.60000000000002,102.03333333333335,131.06666666666666,137.9333333333333,53.666666666666664,170.3,2023,8
202309,frutas,IPCA - Frutas,-1.6492,54.36666666666667,68.1,80.5,181.11111111111111,228.94444444444446,219.83333333333334,102.03333333333335,131.06666666666666,137.9333333333333,112.56666666666666,2023,9
202310,frutas,IPCA - Frutas,0.8115,35.52222222222222,54.36666666666667,68.1,80.5,165.0111111111111,285.56666666666666,219.83333333333334,102.03333333333335,131.06666666666666,66.66666666666667,2023,10
202311,frutas,IPCA - Frutas,1.9683,38.955555555555556,35.52222222222222,54.36666666666667,68.1,138.42222222222222,218.26666666666665,285.56666666666666,219.83333333333334,102.03333333333335,53.666666666666664,2023,11
202312,frutas,IPCA - Frutas,3.2023,86.76666666666668,38.955555555555556,35.52222222222222,54.36666666666667,181.11111111111111,77.53333333333333,218.26666666666665,285.56666666666666,219.83333333333334,137.9333333333333,2023,12
202401,frutas,IPCA - Frutas,6.176,96.24444444444444,86.76666666666668,38.955555555555556,35.52222222222222,80.5,167.79999999999998,77.53333333333333,218.26666666666665,285.56666666666666,131.06666666666666,2024,1
202402,frutas,IPCA - Frutas,-0.4066,214.94444444444446,96.24444444444444,86.76666666666668,38.955555555555556,68.1,127.0,167.79999999999998,77.53333333333333,218.26666666666665,102.03333333333335,2024,2
202403,frutas,IPCA - Frutas,-0.599,230.7111111111111,214.94444444444446,96.24444444444444,86.76666666666668,54.36666666666667,112.09999999999998,127.0,167.79999999999998,77.53333333333333,219.83333333333334,2024,3
202404,frutas,IPCA - Frutas,-0.3639,224.9888888888889,230.7111111111111,214.94444444444446,96.24444444444444,35.52222222222222,196.1,112.09999999999998,127.0,167.79999999999998,285.56666666666666,2024,4
202405,frutas,IPCA - Frutas,0.4993,158.76666666666668,224.9888888888889,230.7111111111111,214.94444444444446,38.955555555555556,231.10000000000002,196.1,112.09999999999998,127.0,218.26666666666665,2024,5
202406,frutas,IPCA - Frutas,0.9822,144.7,158.76666666666668,224.9888888888889,230.7111111111111,86.76666666666668,91.16666666666667,231.10000000000002,196.1,112.09999999999998,77.53333333333333,2024,6
202407,frutas,IPCA - Frutas,-2.1717,86.37777777777778,144.7,158.76666666666668,224.9888888888889,96.24444444444444,140.20000000000002,91.16666666666667,231.10000000000002,196.1,167.79999999999998,2024,7
202408,frutas,IPCA - Frutas,-4.0389,51.21111111111111,86.37777777777778,144.7,158.76666666666668,214.94444444444446,58.73333333333333,140.20000000000002,91.16666666666667,231.10000000000002,127.0,2024,8
202409,frutas,IPCA - Frutas,0.7576,37.900000000000006,51.21111111111111,86.37777777777778,144.7,230.7111111111111,123.13333333333333,58.73333333333333,140.20000000000002,91.16666666666667,112.09999999999998,2024,9
202410,frutas,IPCA - Frutas,3.3347,27.299999999999997,37.900000000000006,51.21111111111111,86.37777777777778,224.9888888888889,118.80000000000001,123.13333333333333,58.73333333333333,140.20000000000002,196.1,2024,10
202411,frutas,IPCA - Frutas,4.6421,45.86666666666667,27.299999999999997,37.900000000000006,51.21111111111111,158.76666666666668,132.0,118.80000000000001,123.13333333333333,58.73333333333333,231.10000000000002,2024,11
202412,frutas,IPCA - Frutas,0.6665,57.98888888888889,45.86666666666667,27.299999999999997,37.900000000000006,144.7,208.5666666666667,132.0,118.80000000000001,123.13333333333333,91.16666666666667,2024,12
202501,frutas,IPCA - Frutas,3.3338,167.38888888888889,57.98888888888889,45.86666666666667,27.299999999999997,86.37777777777778,137.29999999999998,208.5666666666667,132.0,118.80000000000001,140.20000000000002,2025,1
202502,frutas,IPCA - Frutas,-2.3226,162.24444444444444,167.38888888888889,57.98888888888889,45.86666666666667,51.21111111111111,102.53333333333335,137.29999999999998,208.5666666666667,132.0,58.73333333333333,2025,2
202503,frutas,IPCA - Frutas,1.991,170.27777777777777,162.24444444444444,167.38888888888889,57.98888888888889,37.900000000000006,82.63333333333334,102.53333333333335,137.29999999999998,208.5666666666667,123.13333333333333,2025,3
202504,frutas,IPCA - Frutas,1.7731,109.91111111111111,170.27777777777777,162.24444444444444,167.38888888888889,27.299999999999997,111.73333333333333,82.63333333333334,102.53333333333335,137.29999999999998,118.80000000000001,2025,4
202505,frutas,IPCA - Frutas,-1.1415,201.83333333333334,109.91111111111111,170.27777777777777,162.24444444444444,45.86666666666667,97.96666666666665,111.73333333333333,82.63333333333334,102.53333333333335,132.0,2025,5
202506,frutas,IPCA - Frutas,-1.8981,170.4111111111111,201.83333333333334,109.91111111111111,170.27777777777777,57.98888888888889,148.36666666666667,97.96666666666665,111.73333333333333,82.63333333333334,208.5666666666667,2025,6
201501,horticultura,IPCA - Horticultura,3.0672,41.24444444444444,,,,,217.70000000000002,,,,,2015,1
201502,horticultura,IPCA - Horticultura,1.1211,125.17777777777776,41.24444444444444,,,,232.4,217.70000000000002,,,,2015,2
201503,horticultura,IPCA - Horticultura,4.2295,172.58888888888887,125.17777777777776,41.24444444444444,,,140.6,232.4,217.70000000000002,,,2015,3
201504,horticultura,IPCA - Horticultura,3.8117,118.8777777777778,172.58888888888887,125.17777777777776,41.24444444444444,,49.43333333333334,140.6,232.4,217.70000000000002,,2015,4
201505,horticultura,IPCA - Horticultura,8.8868,137.45555555555555,118.8777777777778,172.58888888888887,125.17777777777776,,135.20000000000002,49.43333333333334,140.6,232.4,,2015,5
201506,horticultura,IPCA - Horticultura,-5.4894,124.38888888888889,137.45555555555555,118.8777777777778,172.58888888888887,,129.5,135.20000000000002,49.43333333333334,140.6,,2015,6
201507,horticultura,IPCA - Horticultura,2.2803,113.15555555555557,124.38888888888889,137.45555555555555,118.8777777777778,41.24444444444444,184.46666666666667,129.5,135.20000000000002,49.43333333333334,217.70000000000002,2015,7
201508,horticultura,IPCA - Horticultura,-4.5971,40.81111111111111,113.15555555555557,124.38888888888889,137.45555555555555,125.17777777777776,57.699999999999996,184.46666666666667,129.5,135.20000000000002,232.4,2015,8
201509,horticultura,IPCA - Horticultura,-3.8801,20.744444444444444,40.81111111111111,113.15555555555557,124.38888888888889,172.58888888888887,168.9,57.699999999999996,184.46666666666667,129.5,140.6,2015,9
201510,horticultura,IPCA - Horticultura,0.3375,15.566666666666666,20.744444444444444,40.81111111111111,113.15555555555557,118.8777777777778,202.73333333333335,168.9,57.699999999999996,184.46666666666667,49.43333333333334,2015,10
201511,horticultura,IPCA - Horticultura,3.7978,6.322222222222222,15.566666666666666,20.744444444444444,40.81111111111111,137.45555555555555,172.83333333333334,202.73333333333335,168.9,57.699999999999996,135.20000000000002,2015,11
201512,horticultura,IPCA - Horticultura,5.5779,44.97777777777778,6.322222222222222,15.566666666666666,20.744444444444444,124.38888888888889,244.4,172.83333333333334,202.73333333333335,168.9,129.5,2015,12
201601,horticultura,IPCA - Horticultura,9.8483,162.77777777777777,44.97777777777778,6.322222222222222,15.566666666666666,113.15555555555557,114.76666666666667,244.4,172.83333333333334,202.73333333333335,184.46666666666667,2016,1
201602,horticultura,IPCA - Horticultura,5.1514,103.48888888888888,162.77777777777777,44.97777777777778,6.322222222222222,40.81111111111111,192.86666666666665,114.76666666666667,244.4,172.83333333333334,57.699999999999996,2016,2
201603,horticultura,IPCA - Horticultura,-0.3431,136.75555555555556,103.48888888888888,162.77777777777777,44.97777777777778,20.744444444444444,181.1,192.86666666666665,114.76666666666667,244.4,168.9,2016,3
201604,horticultura,IPCA - Horticultura,-0.3003,123.32222222222224,136.75555555555556,103.48888888888888,162.77777777777777,15.566666666666666,112.03333333333335,181.1,192.86666666666665,114.76666666666667,202.73333333333335,2016,4
201605,horticultura,IPCA - Horticultura,-2.5991,136.92222222222222,123.32222222222224,136.75555555555556,103.48888888888888,6.322222222222222,106.56666666666666,112.03333333333335,181.1,192.86666666666665,172.83333333333334,2016,5
201606,horticultura,IPCA - Horticultura,3.1056,78.44444444444444,136.92222222222222,123.32222222222224,136.75555555555556,44.97777777777778,64.93333333333334,106.56666666666666,112.03333333333335,181.1,244.4,2016,6
201607,horticultura,IPCA - Horticultura,4.2918,45.25555555555556,78.44444444444444,136.92222222222222,123.32222222222224,162.77777777777777,69.5,64.93333333333334,106.56666666666666,112.03333333333335,114.76666666666667,2016,7
201608,horticultura,IPCA - Horticultura,1.6684,30.577777777777776,45.25555555555556,78.44444444444444,136.92222222222222,103.48888888888888,140.46666666666667,69.5,64.93333333333334,106.56666666666666,192.86666666666665,2016,8
201609,horticultura,IPCA - Horticultura,1.4216,27.444444444444443,30.577777777777776,45.25555555555556,78.44444444444444,136.75555555555556,74.0,140.46666666666667,69.5,64.93333333333334,181.1,2016,9
201610,horticultura,IPCA - Horticultura,-0.1274,20.055555555555557,27.444444444444443,30.577777777777776,45.25555555555556,123.32222222222224,144.63333333333333,74.0,140.46666666666667,69.5,112.03333333333335,2016,10
201611,horticultura,IPCA - Horticultura,-2.1401,22.700000000000003,20.055555555555557,27.444444444444443,30.577777777777776,136.92222222222222,85.86666666666667,144.63333333333333,74.0,140.46666666666667,106.56666666666666,2016,11
201612,horticultura,IPCA - Horticultura,-3.0331,49.422222222222224,22.700000000000003,20.055555555555557,27.444444444444443,78.44444444444444,162.20000000000002,85.86666666666667,144.63333333333333,74.0,64.93333333333334,2016,12
201701,horticultura,IPCA - Horticultura,4.6399,104.71111111111112,49.422222222222224,22.700000000000003,20.055555555555557,45.25555555555556,162.23333333333332,162.20000000000002,85.86666666666667,144.63333333333333,69.5,2017,1
201702,horticultura,IPCA - Horticultura,-2.5625,129.8777777777778,104.71111111111112,49.422222222222224,22.700000000000003,30.577777777777776,123.63333333333334,162.23333333333332,162.20000000000002,85.86666666666667,140.46666666666667,2017,2
201703,horticultura,IPCA - Horticultura,1.7218,214.16666666666666,129.8777777777778,104.71111111111112,49.422222222222224,27.444444444444443,103.96666666666665,123.63333333333334,162.23333333333332,162.20000000000002,74.0,2017,3
201704,horticultura,IPCA - Horticultura,3.4856,196.46666666666667,214.16666666666666,129.8777777777778,104.71111111111112,20.055555555555557,104.43333333333334,103.96666666666665,123.63333333333334,162.23333333333332,144.63333333333333,2017,4
201705,horticultura,IPCA - Horticultura,-4.3916,233.67777777777778,196.46666666666667,214.16666666666666,129.8777777777778,22.700000000000003,192.83333333333334,104.43333333333334,103.96666666666665,123.63333333333334,85.86666666666667,2017,5
201706,horticultura,IPCA - Horticultura,0.9864,157.9888888888889,233.67777777777778,196.46666666666667,214.16666666666666,49.422222222222224,153.06666666666666,192.83333333333334,104.43333333333334,103.96666666666665,162.20000000000002,2017,6
201707,horticultura,IPCA - Horticultura,-1.9144,184.63333333333333,157.9888888888889,233.67777777777778,196.46666666666667,104.71111111111112,18.566666666666666,153.06666666666666,192.83333333333334,104.43333333333334,162.23333333333332,2017,7
201708,horticultura,IPCA - Horticultura,-2.8253,64.1888888888889,184.63333333333333,157.9888888888889,233.67777777777778,129.8777777777778,76.36666666666666,18.566666666666666,153.06666666666666,192.83333333333334,123.63333333333334,2017,8
201709,horticultura,IPCA - Horticultura,-4.8517,68.48888888888888,64.1888888888889,184.63333333333333,157.9888888888889,214.16666666666666,103.06666666666666,76.36666666666666,18.566666666666666,153.06666666666666,103.96666666666665,2017,9
201710,horticultura,IPCA - Horticultura,-0.7693,45.68888888888889,68.48888888888888,64.1888888888889,184.63333333333333,196.46666666666667,167.36666666666667,103.06666666666666,76.36666666666666,18.566666666666666,104.43333333333334,2017,10
201711,horticultura,IPCA - Horticultura,-1.0038,37.52222222222222,45.68888888888889,68.48888888888888,64.1888888888889,233.67777777777778,118.0,167.36666666666667,103.06666666666666,76.36666666666666,192.83333333333334,2017,11
201712,horticultura,IPCA - Horticultura,0.97,67.25555555555555,37.52222222222222,45.68888888888889,68.48888888888888,157.9888888888889,140.16666666666666,118.0,167.36666666666667,103.06666666666666,153.06666666666666,2017,12
201801,horticultura,IPCA - Horticultura,5.4865,120.67777777777776,67.25555555555555,37.52222222222222,45.68888888888889,184.63333333333333,171.9666666666667,140.16666666666666,118.0,167.36666666666667,18.566666666666666,2018,1
201802,horticultura,IPCA - Horticultura,2.0278,213.72222222222223,120.67777777777776,67.25555555555555,37.52222222222222,64.1888888888889,98.46666666666665,171.9666666666667,140.16666666666666,118.0,76.36666666666666,2018,2
201803,horticultura,IPCA - Horticultura,-1.636,170.17777777777778,213.72222222222223,120.67777777777776,67.25555555555555,68.48888888888888,154.70000000000002,98.46666666666665,171.9666666666667,140.16666666666666,103.06666666666666,2018,3
201804,horticultura,IPCA - Horticultura,-2.5758,249.4888888888889,170.17777777777778,213.72222222222223,120.67777777777776,45.68888888888889,32.833333333333336,154.70000000000002,98.46666666666665,171.9666666666667,167.36666666666667,2018,4
201805,horticultura,IPCA - Horticultura,3.1163,155.58888888888887,249.4888888888889,170.17777777777778,213.72222222222223,37.52222222222222,49.56666666666666,32.833333333333336,154.70000000000002,98.46666666666665,118.0,2018,5
201806,horticultura,IPCA - Horticultura,0.3992,90.58888888888889,155.58888888888887,249.4888888888889,170.17777777777778,67.25555555555555,88.36666666666667,49.56666666666666,32.833333333333336,154.70000000000002,140.16666666666666,2018,6
201807,horticultura,IPCA - Horticultura,-3.3363,106.25555555555555,90.58888888888889,155.58888888888887,249.4888888888889,120.67777777777776,93.59999999999998,88.36666666666667,49.56666666666666,32.833333333333336,171.9666666666667,2018,7
201808,horticultura,IPCA - Horticultura,-1.6796,50.08888888888889,106.25555555555555,90.58888888888889,155.58888888888887,213.72222222222223,84.60000000000001,93.59999999999998,88.36666666666667,49.56666666666666,98.46666666666665,2018,8
201809,horticultura,IPCA - Horticultura,-1.542,36.96666666666667,50.08888888888889,106.25555555555555,90.58888888888889,170.17777777777778,141.70000000000002,84.60000000000001,93.59999999999998,88.36666666666667,154.70000000000002,2018,9
201810,horticultura,IPCA - Horticultura,7.1526,34.644444444444446,36.96666666666667,50.08888888888889,106.25555555555555,249.4888888888889,145.29999999999998,141.70000000000002,84.60000000000001,93.59999999999998,32.833333333333336,2018,10
201811,horticultura,IPCA - Horticultura,4.6416,80.63333333333334,34.644444444444446,36.96666666666667,50.08888888888889,155.58888888888887,101.36666666666667,145.29999999999998,141.70000000000002,84.60000000000001,49.56666666666666,2018,11
201812,horticultura,IPCA - Horticultura,-3.4786,103.41111111111111,80.63333333333334,34.644444444444446,36.96666666666667,90.58888888888889,90.76666666666667,101.36666666666667,145.29999999999998,141.70000000000002,88.36666666666667,2018,12
201901,horticultura,IPCA - Horticultura,1.6736,135.39999999999998,103.41111111111111,80.63333333333334,34.644444444444446,106.25555555555555,124.2,90.76666666666667,101.36666666666667,145.29999999999998,93.59999999999998,2019,1
201902,horticultura,IPCA - Horticultura,3.1857,189.37777777777777,135.39999999999998,103.41111111111111,80.63333333333334,50.08888888888889,146.53333333333333,124.2,90.76666666666667,101.36666666666667,84.60000000000001,2019,2
201903,horticultura,IPCA - Horticultura,6.7793,299.18888888888887,189.37777777777777,135.39999999999998,103.41111111111111,36.96666666666667,105.73333333333333,146.53333333333333,124.2,90.76666666666667,141.70000000000002,2019,3
201904,horticultura,IPCA - Horticultura,3.1632,275.8111111111111,299.18888888888887,189.37777777777777,135.39999999999998,34.644444444444446,117.26666666666667,105.73333333333333,146.53333333333333,124.2,145.29999999999998,2019,4
201905,horticultura,IPCA - Horticultura,-3.2143,131.56666666666666,275.8111111111111,299.18888888888887,189.37777777777777,80.63333333333334,203.9333333333333,117.26666666666667,105.73333333333333,146.53333333333333,101.36666666666667,2019,5
201906,horticultura,IPCA - Horticultura,0.9653,176.89999999999998,131.56666666666666,275.8111111111111,299.18888888888887,103.41111111111111,63.133333333333326,203.9333333333333,117.26666666666667,105.73333333333333,90.76666666666667,2019,6
201907,horticultura,IPCA - Horticultura,-3.5144,135.17777777777778,176.89999999999998,131.56666666666666,275.8111111111111,135.39999999999998,68.43333333333334,63.133333333333326,203.9333333333333,117.26666666666667,124.2,2019,7
201908,horticultura,IPCA - Horticultura,-6.9568,62.42222222222222,135.17777777777778,176.89999999999998,131.56666666666666,189.37777777777777,40.56666666666667,68.43333333333334,63.133333333333326,203.9333333333333,146.53333333333333,2019,8
201909,horticultura,IPCA - Horticultura,-4.6346,50.488888888888894,62.42222222222222,135.17777777777778,176.89999999999998,299.18888888888887,109.93333333333334,40.56666666666667,68.43333333333334,63.133333333333326,105.73333333333333,2019,9
201910,horticultura,IPCA - Horticultura,0.7835,44.77777777777778,50.488888888888894,62.42222222222222,135.17777777777778,275.8111111111111,129.29999999999998,109.93333333333334,40.56666666666667,68.43333333333334,117.26666666666667,2019,10
201911,horticultura,IPCA - Horticultura,2.2315,38.3,44.77777777777778,50.488888888888894,62.42222222222222,131.56666666666666,121.39999999999999,129.29999999999998,109.93333333333334,40.56666666666667,203.9333333333333,2019,11
201912,horticultura,IPCA - Horticultura,9.5548,49.666666666666664,38.3,44.77777777777778,50.488888888888894,176.89999999999998,66.56666666666666,121.39999999999999,129.29999999999998,109.93333333333334,63.133333333333326,2019,12
202001,horticultura,IPCA - Horticultura,-0.0577,150.94444444444446,49.666666666666664,38.3,44.77777777777778,135.17777777777778,166.70000000000002,66.56666666666666,121.39999999999999,129.29999999999998,68.43333333333334,2020,1
202002,horticultura,IPCA - Horticultura,6.8299,185.1222222222222,150.94444444444446,49.666666666666664,38.3,62.42222222222222,114.56666666666666,166.70000000000002,66.56666666666666,121.39999999999999,40.56666666666667,2020,2
202003,horticultura,IPCA - Horticultura,2.6178,282.65555555555557,185.1222222222222,150.94444444444446,49.666666666666664,50.488888888888894,49.73333333333333,114.56666666666666,166.70000000000002,66.56666666666666,109.93333333333334,2020,3
202004,horticultura,IPCA - Horticultura,1.547,220.44444444444446,282.65555555555557,185.1222222222222,150.94444444444446,44.77777777777778,33.699999999999996,49.73333333333333,114.56666666666666,166.70000000000002,129.29999999999998,2020,4
202005,horticultura,IPCA - Horticultura,-5.6544,219.42222222222222,220.44444444444446,282.65555555555557,185.1222222222222,38.3,86.33333333333333,33.699999999999996,49.73333333333333,114.56666666666666,121.39999999999999,2020,5
202006,horticultura,IPCA - Horticultura,2.0058,128.60000000000002,219.42222222222222,220.44444444444446,282.65555555555557,49.666666666666664,157.53333333333333,86.33333333333333,33.699999999999996,49.73333333333333,66.56666666666666,2020,6
202007,horticultura,IPCA - Horticultura,-2.0611,106.63333333333334,128.60000000000002,219.42222222222222,220.44444444444446,150.94444444444446,114.7,157.53333333333333,86.33333333333333,33.699999999999996,166.70000000000002,2020,7
202008,horticultura,IPCA - Horticultura,1.6251,49.37777777777777,106.63333333333334,128.60000000000002,219.42222222222222,185.1222222222222,94.13333333333333,114.7,157.53333333333333,86.33333333333333,114.56666666666666,2020,8
202009,horticultura,IPCA - Horticultura,5.1111,41.099999999999994,49.37777777777777,106.63333333333334,128.60000000000002,282.65555555555557,101.76666666666667,94.13333333333333,114.7,157.53333333333333,49.73333333333333,2020,9
202010,horticultura,IPCA - Horticultura,5.1034,31.400000000000002,41.099999999999994,49.37777777777777,106.63333333333334,220.44444444444446,99.16666666666667,101.76666666666667,94.13333333333333,114.7,33.699999999999996,2020,10
202011,horticultura,IPCA - Horticultura,5.6391,92.12222222222222,31.400000000000002,41.099999999999994,49.37777777777777,219.42222222222222,125.2,99.16666666666667,101.76666666666667,94.13333333333333,86.33333333333333,2020,11
202012,horticultura,IPCA - Horticultura,-0.8103,48.955555555555556,92.12222222222222,31.400000000000002,41.099999999999994,128.60000000000002,178.76666666666665,125.2,99.16666666666667,101.76666666666667,157.53333333333333,2020,12
202101,horticultura,IPCA - Horticultura,-0.372,74.37777777777778,48.955555555555556,92.12222222222222,31.400000000000002,106.63333333333334,212.10000000000002,178.76666666666665,125.2,99.16666666666667,114.7,2021,1
202102,horticultura,IPCA - Horticultura,-1.7843,113.0,74.37777777777778,48.955555555555556,92.12222222222222,49.37777777777777,123.59999999999998,212.10000000000002,178.76666666666665,125.2,94.13333333333333,2021,2
202103,horticultura,IPCA - Horticultura,-1.2245,169.05555555555554,113.0,74.37777777777778,48.955555555555556,41.099999999999994,162.46666666666667,123.59999999999998,212.10000000000002,178.76666666666665,101.76666666666667,2021,3
202104,horticultura,IPCA - Horticultura,1.5879,145.58888888888887,169.05555555555554,113.0,74.37777777777778,31.400000000000002,47.800000000000004,162.46666666666667,123.59999999999998,212.10000000000002,99.16666666666667,2021,4
202105,horticultura,IPCA - Horticultura,1.3232,145.33333333333334,145.58888888888887,169.05555555555554,113.0,92.12222222222222,101.66666666666667,47.800000000000004,162.46666666666667,123.59999999999998,125.2,2021,5
202106,horticultura,IPCA - Horticultura,1.7662,96.92222222222222,145.33333333333334,145.58888888888887,169.05555555555554,48.955555555555556,161.83333333333334,101.66666666666667,47.800000000000004,162.46666666666667,178.76666666666665,2021,6
202107,horticultura,IPCA - Horticultura,3.9161,105.27777777777777,96.92222222222222,145.33333333333334,145.58888888888887,74.37777777777778,32.36666666666667,161.83333333333334,101.66666666666667,47.800000000000004,212.10000000000002,2021,7
202108,horticultura,IPCA - Horticultura,-1.8798,83.4,105.27777777777777,96.92222222222222,145.33333333333334,113.0,87.06666666666666,32.36666666666667,161.83333333333334,101.66666666666667,123.59999999999998,2021,8
202109,horticultura,IPCA - Horticultura,-0.0272,59.25555555555555,83.4,105.27777777777777,96.92222222222222,169.05555555555554,119.16666666666667,87.06666666666666,32.36666666666667,161.83333333333334,162.46666666666667,2021,9
202110,horticultura,IPCA - Horticultura,2.15,62.599999999999994,59.25555555555555,83.4,105.27777777777777,145.58888888888887,155.5,119.16666666666667,87.06666666666666,32.36666666666667,47.800000000000004,2021,10
202111,horticultura,IPCA - Horticultura,2.908,79.43333333333334,62.599999999999994,59.25555555555555,83.4,145.33333333333334,84.93333333333334,155.5,119.16666666666667,87.06666666666666,101.66666666666667,2021,11
202112,horticultura,IPCA - Horticultura,-0.224,113.62222222222222,79.43333333333334,62.599999999999994,59.25555555555555,96.92222222222222,79.73333333333333,84.93333333333334,155.5,119.16666666666667,161.83333333333334,2021,12
202201,horticultura,IPCA - Horticultura,4.8855,192.2111111111111,113.62222222222222,79.43333333333334,62.599999999999994,105.27777777777777,130.4,79.73333333333333,84.93333333333334,155.5,32.36666666666667,2022,1
202202,horticultura,IPCA - Horticultura,0.3705,101.64444444444445,192.2111111111111,113.62222222222222,79.43333333333334,83.4,94.23333333333333,130.4,79.73333333333333,84.93333333333334,87.06666666666666,2022,2
202203,horticultura,IPCA - Horticultura,4.1699,311.3333333333333,101.64444444444445,192.2111111111111,113.62222222222222,59.25555555555555,169.36666666666667,94.23333333333333,130.4,79.73333333333333,119.16666666666667,2022,3
202204,horticultura,IPCA - Horticultura,1.9858,198.86666666666667,311.3333333333333,101.64444444444445,192.2111111111111,62.599999999999994,91.5,169.36666666666667,94.23333333333333,130.4,155.5,2022,4
202205,horticultura,IPCA - Horticultura,-2.96,269.43333333333334,198.86666666666667,311.3333333333333,101.64444444444445,79.43333333333334,184.63333333333333,91.5,169.36666666666667,94.23333333333333,84.93333333333334,2022,5
202206,horticultura,IPCA - Horticultura,4.5413,184.41111111111113,269.43333333333334,198.86666666666667,311.3333333333333,113.62222222222222,113.63333333333333,184.63333333333333,91.5,169.36666666666667,79.73333333333333,2022,6
202207,horticultura,IPCA - Horticultura,-2.3653,150.73333333333335,184.41111111111113,269.43333333333334,198.86666666666667,192.2111111111111,64.46666666666665,113.63333333333333,184.63333333333333,91.5,130.4,2022,7
202208,horticultura,IPCA - Horticultura,-2.2574,102.24444444444445,150.73333333333335,184.41111111111113,269.43333333333334,101.64444444444445,157.46666666666667,64.46666666666665,113.63333333333333,184.63333333333333,94.23333333333333,2022,8
202209,horticultura,IPCA - Horticultura,-0.9745,52.63333333333333,102.24444444444445,150.73333333333335,184.41111111111113,311.3333333333333,138.46666666666667,157.46666666666667,64.46666666666665,113.63333333333333,169.36666666666667,2022,9
202210,horticultura,IPCA - Horticultura,0.2738,54.36666666666666,52.63333333333333,102.24444444444445,150.73333333333335,198.86666666666667,143.70000000000002,138.46666666666667,157.46666666666667,64.46666666666665,91.5,2022,10
202211,horticultura,IPCA - Horticultura,1.3011,121.92222222222222,54.36666666666666,52.63333333333333,102.24444444444445,269.43333333333334,133.20000000000002,143.70000000000002,138.46666666666667,157.46666666666667,184.63333333333333,2022,11
202212,horticultura,IPCA - Horticultura,3.6977,88.66666666666667,121.92222222222222,54.36666666666666,52.63333333333333,184.41111111111113,192.66666666666666,133.20000000000002,143.70000000000002,138.46666666666667,113.63333333333333,2022,12
202301,horticultura,IPCA - Horticultura,3.9481,110.65555555555555,88.66666666666667,121.92222222222222,54.36666666666666,150.73333333333335,125.86666666666667,192.66666666666666,133.20000000000002,143.70000000000002,64.46666666666665,2023,1
202302,horticultura,IPCA - Horticultura,-1.2489,132.60000000000002,110.65555555555555,88.66666666666667,121.92222222222222,102.24444444444445,170.3,125.86666666666667,192.66666666666666,133.20000000000002,157.46666666666667,2023,2
202303,horticultura,IPCA - Horticultura,-3.4857,228.94444444444446,132.60000000000002,110.65555555555555,88.66666666666667,52.63333333333333,112.56666666666666,170.3,125.86666666666667,192.66666666666666,138.46666666666667,2023,3
202304,horticultura,IPCA - Horticultura,3.3754,165.0111111111111,228.94444444444446,132.60000000000002,110.65555555555555,54.36666666666666,66.66666666666667,112.56666666666666,170.3,125.86666666666667,143.70000000000002,2023,4
202305,horticultura,IPCA - Horticultura,0.4285,138.42222222222222,165.0111111111111,228.94444444444446,132.60000000000002,121.92222222222222,53.666666666666664,66.66666666666667,112.56666666666666,170.3,133.20000000000002,2023,5
202306,horticultura,IPCA - Horticultura,-1.7096,181.11111111111111,138.42222222222222,165.0111111111111,228.94444444444446,88.66666666666667,137.9333333333333,53.666666666666664,66.66666666666667,112.56666666666666,192.66666666666666,2023,6
202307,horticultura,IPCA - Horticultura,0.0514,80.5,181.11111111111111,138.42222222222222,165.0111111111111,110.65555555555555,131.06666666666666,137.9333333333333,53.666666666666664,66.66666666666667,125.86666666666667,2023,7
202308,horticultura,IPCA - Horticultura,-2.845,68.1,80.5,181.11111111111111,138.42222222222222,132.60000000000002,102.03333333333335,131.06666666666666,137.9333333333333,53.666666666666664,170.3,2023,8
202309,horticultura,IPCA - Horticultura,-0.3423,54.36666666666667,68.1,80.5,181.11111111111111,228.94444444444446,219.83333333333334,102.03333333333335,131.06666666666666,137.9333333333333,112.56666666666666,2023,9
202310,horticultura,IPCA - Horticultura,1.3193,35.52222222222222,54.36666666666667,68.1,80.5,165.0111111111111,285.56666666666666,219.83333333333334,102.03333333333335,131.06666666666666,66.66666666666667,2023,10
202311,horticultura,IPCA - Horticultura,-1.39,38.955555555555556,35.52222222222222,54.36666666666667,68.1,138.42222222222222,218.26666666666665,285.56666666666666,219.83333333333334,102.03333333333335,53.666666666666664,2023,11
202312,horticultura,IPCA - Horticultura,-1.4893,86.76666666666668,38.955555555555556,35.52222222222222,54.36666666666667,181.11111111111111,77.53333333333333,218.26666666666665,285.56666666666666,219.83333333333334,137.9333333333333,2023,12
202401,horticultura,IPCA - Horticultura,-1.9131,96.24444444444444,86.76666666666668,38.955555555555556,35.52222222222222,80.5,167.79999999999998,77.53333333333333,218.26666666666665,285.56666666666666,131.06666666666666,2024,1
202402,horticultura,IPCA - Horticultura,1.5122,214.94444444444446,96.24444444444444,86.76666666666668,38.955555555555556,68.1,127.0,167.79999999999998,77.53333333333333,218.26666666666665,102.03333333333335,2024,2
202403,horticultura,IPCA - Horticultura,5.6638,230.7111111111111,214.94444444444446,96.24444444444444,86.76666666666668,54.36666666666667,112.09999999999998,127.0,167.79999999999998,77.53333333333333,219.83333333333334,2024,3
202404,horticultura,IPCA - Horticultura,7.7591,224.9888888888889,230.7111111111111,214.94444444444446,96.24444444444444,35.52222222222222,196.1,112.09999999999998,127.0,167.79999999999998,285.56666666666666,2024,4
202405,horticultura,IPCA - Horticultura,-0.6688,158.76666666666668,224.9888888888889,230.7111111111111,214.94444444444446,38.955555555555556,231.10000000000002,196.1,112.09999999999998,127.0,218.26666666666665,2024,5
202406,horticultura,IPCA - Horticultura,-1.7707,144.7,158.76666666666668,224.9888888888889,230.7111111111111,86.76666666666668,91.16666666666667,231.10000000000002,196.1,112.09999999999998,77.53333333333333,2024,6
202407,horticultura,IPCA - Horticultura,-2.8394,86.37777777777778,144.7,158.76666666666668,224.9888888888889,96.24444444444444,140.20000000000002,91.16666666666667,231.10000000000002,196.1,167.79999999999998,2024,7
202408,horticultura,IPCA - Horticultura,-6.9443,51.21111111111111,86.37777777777778,144.7,158.76666666666668,214.94444444444446,58.73333333333333,140.20000000000002,91.16666666666667,231.10000000000002,127.0,2024,8
202409,horticultura,IPCA - Horticultura,-2.3094,37.900000000000006,51.21111111111111,86.37777777777778,144.7,230.7111111111111,123.13333333333333,58.73333333333333,140.20000000000002,91.16666666666667,112.09999999999998,2024,9
202410,horticultura,IPCA - Horticultura,4.1272,27.299999999999997,37.900000000000006,51.21111111111111,86.37777777777778,224.9888888888889,118.80000000000001,123.13333333333333,58.73333333333333,140.20000000000002,196.1,2024,10
202411,horticultura,IPCA - Horticultura,3.5254,45.86666666666667,27.299999999999997,37.900000000000006,51.21111111111111,158.76666666666668,132.0,118.80000000000001,123.13333333333333,58.73333333333333,231.10000000000002,2024,11
202412,horticultura,IPCA - Horticultura,1.479,57.98888888888889,45.86666666666667,27.299999999999997,37.900000000000006,144.7,208.5666666666667,132.0,118.80000000000001,123.13333333333333,91.16666666666667,2024,12
202501,horticultura,IPCA - Horticultura,3.9583,167.38888888888889,57.98888888888889,45.86666666666667,27.299999999999997,86.37777777777778,137.29999999999998,208.5666666666667,132.0,118.80000000000001,140.20000000000002,2025,1
202502,horticultura,IPCA - Horticultura,1.4591,162.24444444444444,167.38888888888889,57.98888888888889,45.86666666666667,51.21111111111111,102.53333333333335,137.29999999999998,208.5666666666667,132.0,58.73333333333333,2025,2
202503,horticultura,IPCA - Horticultura,2.364,170.27777777777777,162.24444444444444,167.38888888888889,57.98888888888889,37.900000000000006,82.63333333333334,102.53333333333335,137.29999999999998,208.5666666666667,123.13333333333333,2025,3
202504,horticultura,IPCA - Horticultura,2.6201,109.91111111111111,170.27777777777777,162.24444444444444,167.38888888888889,27.299999999999997,111.73333333333333,82.63333333333334,102.53333333333335,137.29999999999998,118.80000000000001,2025,4
202505,horticultura,IPCA - Horticultura,-2.4152,201.83333333333334,109.91111111111111,170.27777777777777,162.24444444444444,45.86666666666667,97.96666666666665,111.73333333333333,82.63333333333334,102.53333333333335,132.0,2025,5
202506,horticultura,IPCA - Horticultura,0.9087,170.4111111111111,201.83333333333334,109.91111111111111,170.27777777777777,57.98888888888889,148.36666666666667,97.96666666666665,111.73333333333333,82.63333333333334,208.5666666666667,2025,6
201501,ipca_geral,IPCA - Geral,1.24,41.24444444444444,,,,,217.70000000000002,,,,,2015,1
201502,ipca_geral,IPCA - Geral,1.22,125.17777777777776,41.24444444444444,,,,232.4,217.70000000000002,,,,2015,2
201503,ipca_geral,IPCA - Geral,1.32,172.58888888888887,125.17777777777776,41.24444444444444,,,140.6,232.4,217.70000000000002,,,2015,3
201504,ipca_geral,IPCA - Geral,0.71,118.8777777777778,172.58888888888887,125.17777777777776,41.24444444444444,,49.43333333333334,140.6,232.4,217.70000000000002,,2015,4
201505,ipca_geral,IPCA - Geral,0.74,137.45555555555555,118.8777777777778,172.58888888888887,125.17777777777776,,135.20000000000002,49.43333333333334,140.6,232.4,,2015,5
201506,ipca_geral,IPCA - Geral,0.79,124.38888888888889,137.45555555555555,118.8777777777778,172.58888888888887,,129.5,135.20000000000002,49.43333333333334,140.6,,2015,6
201507,ipca_geral,IPCA - Geral,0.62,113.15555555555557,124.38888888888889,137.45555555555555,118.8777777777778,41.24444444444444,184.46666666666667,129.5,135.20000000000002,49.43333333333334,217.70000000000002,2015,7
201508,ipca_geral,IPCA - Geral,0.22,40.81111111111111,113.15555555555557,124.38888888888889,137.45555555555555,125.17777777777776,57.699999999999996,184.46666666666667,129.5,135.20000000000002,232.4,2015,8
201509,ipca_geral,IPCA - Geral,0.54,20.744444444444444,40.81111111111111,113.15555555555557,124.38888888888889,172.58888888888887,168.9,57.699999999999996,184.46666666666667,129.5,140.6,2015,9
201510,ipca_geral,IPCA - Geral,0.82,15.566666666666666,20.744444444444444,40.81111111111111,113.15555555555557,118.8777777777778,202.73333333333335,168.9,57.699999999999996,184.46666666666667,49.43333333333334,2015,10
201511,ipca_geral,IPCA - Geral,1.01,6.322222222222222,15.566666666666666,20.744444444444444,40.81111111111111,137.45555555555555,172.83333333333334,202.73333333333335,168.9,57.699999999999996,135.20000000000002,2015,11
201512,ipca_geral,IPCA - Geral,0.96,44.97777777777778,6.322222222222222,15.566666666666666,20.744444444444444,124.38888888888889,244.4,172.83333333333334,202.73333333333335,168.9,129.5,2015,12
201601,ipca_geral,IPCA - Geral,1.27,162.77777777777777,44.97777777777778,6.322222222222222,15.566666666666666,113.15555555555557,114.76666666666667,244.4,172.83333333333334,202.73333333333335,184.46666666666667,2016,1
201602,ipca_geral,IPCA - Geral,0.9,103.48888888888888,162.77777777777777,44.97777777777778,6.322222222222222,40.81111111111111,192.86666666666665,114.76666666666667,244.4,172.83333333333334,57.699999999999996,2016,2
201603,ipca_geral,IPCA - Geral,0.43,136.75555555555556,103.48888888888888,162.77777777777777,44.97777777777778,20.744444444444444,181.1,192.86666666666665,114.76666666666667,244.4,168.9,2016,3
201604,ipca_geral,IPCA - Geral,0.61,123.32222222222224,136.75555555555556,103.48888888888888,162.77777777777777,15.566666666666666,112.03333333333335,181.1,192.86666666666665,114.76666666666667,202.73333333333335,2016,4
201605,ipca_geral,IPCA - Geral,0.78,136.92222222222222,123.32222222222224,136.75555555555556,103.48888888888888,6.322222222222222,106.56666666666666,112.03333333333335,181.1,192.86666666666665,172.83333333333334,2016,5
201606,ipca_geral,IPCA - Geral,0.35,78.44444444444444,136.92222222222222,123.32222222222224,136.75555555555556,44.97777777777778,64.93333333333334,106.56666666666666,112.03333333333335,181.1,244.4,2016,6
201607,ipca_geral,IPCA - Geral,0.52,45.25555555555556,78.44444444444444,136.92222222222222,123.32222222222224,162.77777777777777,69.5,64.93333333333334,106.56666666666666,112.03333333333335,114.76666666666667,2016,7
201608,ipca_geral,IPCA - Geral,0.44,30.577777777777776,45.25555555555556,78.44444444444444,136.92222222222222,103.48888888888888,140.46666666666667,69.5,64.93333333333334,106.56666666666666,192.86666666666665,2016,8
201609,ipca_geral,IPCA - Geral,0.08,27.444444444444443,30.577777777777776,45.25555555555556,78.44444444444444,136.75555555555556,74.0,140.46666666666667,69.5,64.93333333333334,181.1,2016,9
201610,ipca_geral,IPCA - Geral,0.26,20.055555555555557,27.444444444444443,30.577777777777776,45.25555555555556,123.32222222222224,144.63333333333333,74.0,140.46666666666667,69.5,112.03333333333335,2016,10
201611,ipca_geral,IPCA - Geral,0.18,22.700000000000003,20.055555555555557,27.444444444444443,30.577777777777776,136.92222222222222,85.86666666666667,144.63333333333333,74.0,140.46666666666667,106.56666666666666,2016,11
201612,ipca_geral,IPCA - Geral,0.3,49.422222222222224,22.700000000000003,20.055555555555557,27.444444444444443,78.44444444444444,162.20000000000002,85.86666666666667,144.63333333333333,74.0,64.93333333333334,2016,12
201701,ipca_geral,IPCA - Geral,0.38,104.71111111111112,49.422222222222224,22.700000000000003,20.055555555555557,45.25555555555556,162.23333333333332,162.20000000000002,85.86666666666667,144.63333333333333,69.5,2017,1
201702,ipca_geral,IPCA - Geral,0.33,129.8777777777778,104.71111111111112,49.422222222222224,22.700000000000003,30.577777777777776,123.63333333333334,162.23333333333332,162.20000000000002,85.86666666666667,140.46666666666667,2017,2
201703,ipca_geral,IPCA - Geral,0.25,214.16666666666666,129.8777777777778,104.71111111111112,49.422222222222224,27.444444444444443,103.96666666666665,123.63333333333334,162.23333333333332,162.20000000000002,74.0,2017,3
201704,ipca_geral,IPCA - Geral,0.14,196.46666666666667,214.16666666666666,129.8777777777778,104.71111111111112,20.055555555555557,104.43333333333334,103.96666666666665,123.63333333333334,162.23333333333332,144.63333333333333,2017,4
201705,ipca_geral,IPCA - Geral,0.31,233.67777777777778,196.46666666666667,214.16666666666666,129.8777777777778,22.700000000000003,192.83333333333334,104.43333333333334,103.96666666666665,123.63333333333334,85.86666666666667,2017,5
201706,ipca_geral,IPCA - Geral,-0.23,157.9888888888889,233.67777777777778,196.46666666666667,214.16666666666666,49.422222222222224,153.06666666666666,192.83333333333334,104.43333333333334,103.96666666666665,162.20000000000002,2017,6
201707,ipca_geral,IPCA - Geral,0.24,184.63333333333333,157.9888888888889,233.67777777777778,196.46666666666667,104.71111111111112,18.566666666666666,153.06666666666666,192.83333333333334,104.43333333333334,162.23333333333332,2017,7
201708,ipca_geral,IPCA - Geral,0.19,64.1888888888889,184.63333333333333,157.9888888888889,233.67777777777778,129.8777777777778,76.36666666666666,18.566666666666666,153.06666666666666,192.83333333333334,123.63333333333334,2017,8
201709,ipca_geral,IPCA - Geral,0.16,68.48888888888888,64.1888888888889,184.63333333333333,157.9888888888889,214.16666666666666,103.06666666666666,76.36666666666666,18.566666666666666,153.06666666666666,103.96666666666665,2017,9
201710,ipca_geral,IPCA - Geral,0.42,45.68888888888889,68.48888888888888,64.1888888888889,184.63333333333333,196.46666666666667,167.36666666666667,103.06666666666666,76.36666666666666,18.566666666666666,104.43333333333334,2017,10
201711,ipca_geral,IPCA - Geral,0.28,37.52222222222222,45.68888888888889,68.48888888888888,64.1888888888889,233.67777777777778,118.0,167.36666666666667,103.06666666666666,76.36666666666666,192.83333333333334,2017,11
201712,ipca_geral,IPCA - Geral,0.44,67.25555555555555,37.52222222222222,45.68888888888889,68.48888888888888,157.9888888888889,140.16666666666666,118.0,167.36666666666667,103.06666666666666,153.06666666666666,2017,12
201801,ipca_geral,IPCA - Geral,0.29,120.67777777777776,67.25555555555555,37.52222222222222,45.68888888888889,184.63333333333333,171.9666666666667,140.16666666666666,118.0,167.36666666666667,18.566666666666666,2018,1
201802,ipca_geral,IPCA - Geral,0.32,213.72222222222223,120.67777777777776,67.25555555555555,37.52222222222222,64.1888888888889,98.46666666666665,171.9666666666667,140.16666666666666,118.0,76.36666666666666,2018,2
201803,ipca_geral,IPCA - Geral,0.09,170.17777777777778,213.72222222222223,120.67777777777776,67.25555555555555,68.48888888888888,154.70000000000002,98.46666666666665,171.9666666666667,140.16666666666666,103.06666666666666,2018,3
201804,ipca_geral,IPCA - Geral,0.22,249.4888888888889,170.17777777777778,213.72222222222223,120.67777777777776,45.68888888888889,32.833333333333336,154.70000000000002,98.46666666666665,171.9666666666667,167.36666666666667,2018,4
201805,ipca_geral,IPCA - Geral,0.4,155.58888888888887,249.4888888888889,170.17777777777778,213.72222222222223,37.52222222222222,49.56666666666666,32.833333333333336,154.70000000000002,98.46666666666665,118.0,2018,5
201806,ipca_geral,IPCA - Geral,1.26,90.58888888888889,155.58888888888887,249.4888888888889,170.17777777777778,67.25555555555555,88.36666666666667,49.56666666666666,32.833333333333336,154.70000000000002,140.16666666666666,2018,6
201807,ipca_geral,IPCA - Geral,0.33,106.25555555555555,90.58888888888889,155.58888888888887,249.4888888888889,120.67777777777776,93.59999999999998,88.36666666666667,49.56666666666666,32.833333333333336,171.9666666666667,2018,7
201808,ipca_geral,IPCA - Geral,-0.09,50.08888888888889,106.25555555555555,90.58888888888889,155.58888888888887,213.72222222222223,84.60000000000001,93.59999999999998,88.36666666666667,49.56666666666666,98.46666666666665,2018,8
201809,ipca_geral,IPCA - Geral,0.48,36.96666666666667,50.08888888888889,106.25555555555555,90.58888888888889,170.17777777777778,141.70000000000002,84.60000000000001,93.59999999999998,88.36666666666667,154.70000000000002,2018,9
201810,ipca_geral,IPCA - Geral,0.45,34.644444444444446,36.96666666666667,50.08888888888889,106.25555555555555,249.4888888888889,145.29999999999998,141.70000000000002,84.60000000000001,93.59999999999998,32.833333333333336,2018,10
201811,ipca_geral,IPCA - Geral,-0.21,80.63333333333334,34.644444444444446,36.96666666666667,50.08888888888889,155.58888888888887,101.36666666666667,145.29999999999998,141.70000000000002,84.60000000000001,49.56666666666666,2018,11
201812,ipca_geral,IPCA - Geral,0.15,103.41111111111111,80.63333333333334,34.644444444444446,36.96666666666667,90.58888888888889,90.76666666666667,101.36666666666667,145.29999999999998,141.70000000000002,88.36666666666667,2018,12
201901,ipca_geral,IPCA - Geral,0.32,135.39999999999998,103.41111111111111,80.63333333333334,34.644444444444446,106.25555555555555,124.2,90.76666666666667,101.36666666666667,145.29999999999998,93.59999999999998,2019,1
201902,ipca_geral,IPCA - Geral,0.43,189.37777777777777,135.39999999999998,103.41111111111111,80.63333333333334,50.08888888888889,146.53333333333333,124.2,90.76666666666667,101.36666666666667,84.60000000000001,2019,2
201903,ipca_geral,IPCA - Geral,0.75,299.18888888888887,189.37777777777777,135.39999999999998,103.41111111111111,36.96666666666667,105.73333333333333,146.53333333333333,124.2,90.76666666666667,141.70000000000002,2019,3
201904,ipca_geral,IPCA - Geral,0.57,275.8111111111111,299.18888888888887,189.37777777777777,135.39999999999998,34.644444444444446,117.26666666666667,105.73333333333333,146.53333333333333,124.2,145.29999999999998,2019,4
201905,ipca_geral,IPCA - Geral,0.13,131.56666666666666,275.8111111111111,299.18888888888887,189.37777777777777,80.63333333333334,203.9333333333333,117.26666666666667,105.73333333333333,146.53333333333333,101.36666666666667,2019,5
201906,ipca_geral,IPCA - Geral,0.01,176.89999999999998,131.56666666666666,275.8111111111111,299.18888888888887,103.41111111111111,63.133333333333326,203.9333333333333,117.26666666666667,105.73333333333333,90.76666666666667,2019,6
201907,ipca_geral,IPCA - Geral,0.19,135.17777777777778,176.89999999999998,131.56666666666666,275.8111111111111,135.39999999999998,68.43333333333334,63.133333333333326,203.9333333333333,117.26666666666667,124.2,2019,7
201908,ipca_geral,IPCA - Geral,0.11,62.42222222222222,135.17777777777778,176.89999999999998,131.56666666666666,189.37777777777777,40.56666666666667,68.43333333333334,63.133333333333326,203.9333333333333,146.53333333333333,2019,8
201909,ipca_geral,IPCA - Geral,-0.04,50.488888888888894,62.42222222222222,135.17777777777778,176.89999999999998,299.18888888888887,109.93333333333334,40.56666666666667,68.43333333333334,63.133333333333326,105.73333333333333,2019,9
201910,ipca_geral,IPCA - Geral,0.1,44.77777777777778,50.488888888888894,62.42222222222222,135.17777777777778,275.8111111111111,129.29999999999998,109.93333333333334,40.56666666666667,68.43333333333334,117.26666666666667,2019,10
201911,ipca_geral,IPCA - Geral,0.51,38.3,44.77777777777778,50.488888888888894,62.42222222222222,131.56666666666666,121.39999999999999,129.29999999999998,109.93333333333334,40.56666666666667,203.9333333333333,2019,11
201912,ipca_geral,IPCA - Geral,1.15,49.666666666666664,38.3,44.77777777777778,50.488888888888894,176.89999999999998,66.56666666666666,121.39999999999999,129.29999999999998,109.93333333333334,63.133333333333326,2019,12
202001,ipca_geral,IPCA - Geral,0.21,150.94444444444446,49.666666666666664,38.3,44.77777777777778,135.17777777777778,166.70000000000002,66.56666666666666,121.39999999999999,129.29999999999998,68.43333333333334,2020,1
202002,ipca_geral,IPCA - Geral,0.25,185.1222222222222,150.94444444444446,49.666666666666664,38.3,62.42222222222222,114.56666666666666,166.70000000000002,66.56666666666666,121.39999999999999,40.56666666666667,2020,2
202003,ipca_geral,IPCA - Geral,0.07,282.65555555555557,185.1222222222222,150.94444444444446,49.666666666666664,50.488888888888894,49.73333333333333,114.56666666666666,166.70000000000002,66.56666666666666,109.93333333333334,2020,3
202004,ipca_geral,IPCA - Geral,-0.31,220.44444444444446,282.65555555555557,185.1222222222222,150.94444444444446,44.77777777777778,33.699999999999996,49.73333333333333,114.56666666666666,166.70000000000002,129.29999999999998,2020,4
202005,ipca_geral,IPCA - Geral,-0.38,219.42222222222222,220.44444444444446,282.65555555555557,185.1222222222222,38.3,86.33333333333333,33.699999999999996,49.73333333333333,114.56666666666666,121.39999999999999,2020,5
202006,ipca_geral,IPCA - Geral,0.26,128.60000000000002,219.42222222222222,220.44444444444446,282.65555555555557,49.666666666666664,157.53333333333333,86.33333333333333,33.699999999999996,49.73333333333333,66.56666666666666,2020,6
202007,ipca_geral,IPCA - Geral,0.36,106.63333333333334,128.60000000000002,219.42222222222222,220.44444444444446,150.94444444444446,114.7,157.53333333333333,86.33333333333333,33.699999999999996,166.70000000000002,2020,7
202008,ipca_geral,IPCA - Geral,0.24,49.37777777777777,106.63333333333334,128.60000000000002,219.42222222222222,185.1222222222222,94.13333333333333,114.7,157.53333333333333,86.33333333333333,114.56666666666666,2020,8
202009,ipca_geral,IPCA - Geral,0.64,41.099999999999994,49.37777777777777,106.63333333333334,128.60000000000002,282.65555555555557,101.76666666666667,94.13333333333333,114.7,157.53333333333333,49.73333333333333,2020,9
202010,ipca_geral,IPCA - Geral,0.86,31.400000000000002,41.099999999999994,49.37777777777777,106.63333333333334,220.44444444444446,99.16666666666667,101.76666666666667,94.13333333333333,114.7,33.699999999999996,2020,10
202011,ipca_geral,IPCA - Geral,0.89,92.12222222222222,31.400000000000002,41.099999999999994,49.37777777777777,219.42222222222222,125.2,99.16666666666667,101.76666666666667,94.13333333333333,86.33333333333333,2020,11
202012,ipca_geral,IPCA - Geral,1.35,48.955555555555556,92.12222222222222,31.400000000000002,41.099999999999994,128.60000000000002,178.76666666666665,125.2,99.16666666666667,101.76666666666667,157.53333333333333,2020,12
202101,ipca_geral,IPCA - Geral,0.25,74.37777777777778,48.955555555555556,92.12222222222222,31.400000000000002,106.63333333333334,212.10000000000002,178.76666666666665,125.2,99.16666666666667,114.7,2021,1
202102,ipca_geral,IPCA - Geral,0.86,113.0,74.37777777777778,48.955555555555556,92.12222222222222,49.37777777777777,123.59999999999998,212.10000000000002,178.76666666666665,125.2,94.13333333333333,2021,2
202103,ipca_geral,IPCA - Geral,0.93,169.05555555555554,113.0,74.37777777777778,48.955555555555556,41.099999999999994,162.46666666666667,123.59999999999998,212.10000000000002,178.76666666666665,101.76666666666667,2021,3
202104,ipca_geral,IPCA - Geral,0.31,145.58888888888887,169.05555555555554,113.0,74.37777777777778,31.400000000000002,47.800000000000004,162.46666666666667,123.59999999999998,212.10000000000002,99.16666666666667,2021,4
202105,ipca_geral,IPCA - Geral,0.83,145.33333333333334,145.58888888888887,169.05555555555554,113.0,92.12222222222222,101.66666666666667,47.800000000000004,162.46666666666667,123.59999999999998,125.2,2021,5
202106,ipca_geral,IPCA - Geral,0.53,96.92222222222222,145.33333333333334,145.58888888888887,169.05555555555554,48.955555555555556,161.83333333333334,101.66666666666667,47.800000000000004,162.46666666666667,178.76666666666665,2021,6
202107,ipca_geral,IPCA - Geral,0.96,105.27777777777777,96.92222222222222,145.33333333333334,145.58888888888887,74.37777777777778,32.36666666666667,161.83333333333334,101.66666666666667,47.800000000000004,212.10000000000002,2021,7
202108,ipca_geral,IPCA - Geral,0.87,83.4,105.27777777777777,96.92222222222222,145.33333333333334,113.0,87.06666666666666,32.36666666666667,161.83333333333334,101.66666666666667,123.59999999999998,2021,8
202109,ipca_geral,IPCA - Geral,1.16,59.25555555555555,83.4,105.27777777777777,96.92222222222222,169.05555555555554,119.16666666666667,87.06666666666666,32.36666666666667,161.83333333333334,162.46666666666667,2021,9
202110,ipca_geral,IPCA - Geral,1.25,62.599999999999994,59.25555555555555,83.4,105.27777777777777,145.58888888888887,155.5,119.16666666666667,87.06666666666666,32.36666666666667,47.800000000000004,2021,10
202111,ipca_geral,IPCA - Geral,0.95,79.43333333333334,62.599999999999994,59.25555555555555,83.4,145.33333333333334,84.93333333333334,155.5,119.16666666666667,87.06666666666666,101.66666666666667,2021,11
202112,ipca_geral,IPCA - Geral,0.73,113.62222222222222,79.43333333333334,62.599999999999994,59.25555555555555,96.92222222222222,79.73333333333333,84.93333333333334,155.5,119.16666666666667,161.83333333333334,2021,12
202201,ipca_geral,IPCA - Geral,0.54,192.2111111111111,113.62222222222222,79.43333333333334,62.599999999999994,105.27777777777777,130.4,79.73333333333333,84.93333333333334,155.5,32.36666666666667,2022,1
202202,ipca_geral,IPCA - Geral,1.01,101.64444444444445,192.2111111111111,113.62222222222222,79.43333333333334,83.4,94.23333333333333,130.4,79.73333333333333,84.93333333333334,87.06666666666666,2022,2
202203,ipca_geral,IPCA - Geral,1.62,311.3333333333333,101.64444444444445,192.2111111111111,113.62222222222222,59.25555555555555,169.36666666666667,94.23333333333333,130.4,79.73333333333333,119.16666666666667,2022,3
202204,ipca_geral,IPCA - Geral,1.06,198.86666666666667,311.3333333333333,101.64444444444445,192.2111111111111,62.599999999999994,91.5,169.36666666666667,94.23333333333333,130.4,155.5,2022,4
202205,ipca_geral,IPCA - Geral,0.47,269.43333333333334,198.86666666666667,311.3333333333333,101.64444444444445,79.43333333333334,184.63333333333333,91.5,169.36666666666667,94.23333333333333,84.93333333333334,2022,5
202206,ipca_geral,IPCA - Geral,0.67,184.41111111111113,269.43333333333334,198.86666666666667,311.3333333333333,113.62222222222222,113.63333333333333,184.63333333333333,91.5,169.36666666666667,79.73333333333333,2022,6
202207,ipca_geral,IPCA - Geral,-0.68,150.73333333333335,184.41111111111113,269.43333333333334,198.86666666666667,192.2111111111111,64.46666666666665,113.63333333333333,184.63333333333333,91.5,130.4,2022,7
202208,ipca_geral,IPCA - Geral,-0.36,102.24444444444445,150.73333333333335,184.41111111111113,269.43333333333334,101.64444444444445,157.46666666666667,64.46666666666665,113.63333333333333,184.63333333333333,94.23333333333333,2022,8
202209,ipca_geral,IPCA - Geral,-0.29,52.63333333333333,102.24444444444445,150.73333333333335,184.41111111111113,311.3333333333333,138.46666666666667,157.46666666666667,64.46666666666665,113.63333333333333,169.36666666666667,2022,9
202210,ipca_geral,IPCA - Geral,0.59,54.36666666666666,52.63333333333333,102.24444444444445,150.73333333333335,198.86666666666667,143.70000000000002,138.46666666666667,157.46666666666667,64.46666666666665,91.5,2022,10
202211,ipca_geral,IPCA - Geral,0.41,121.92222222222222,54.36666666666666,52.63333333333333,102.24444444444445,269.43333333333334,133.20000000000002,143.70000000000002,138.46666666666667,157.46666666666667,184.63333333333333,2022,11
202212,ipca_geral,IPCA - Geral,0.62,88.66666666666667,121.92222222222222,54.36666666666666,52.63333333333333,184.41111111111113,192.66666666666666,133.20000000000002,143.70000000000002,138.46666666666667,113.63333333333333,2022,12
202301,ipca_geral,IPCA - Geral,0.53,110.65555555555555,88.66666666666667,121.92222222222222,54.36666666666666,150.73333333333335,125.86666666666667,192.66666666666666,133.20000000000002,143.70000000000002,64.46666666666665,2023,1
202302,ipca_geral,IPCA - Geral,0.84,132.60000000000002,110.65555555555555,88.66666666666667,121.92222222222222,102.24444444444445,170.3,125.86666666666667,192.66666666666666,133.20000000000002,157.46666666666667,2023,2
202303,ipca_geral,IPCA - Geral,0.71,228.94444444444446,132.60000000000002,110.65555555555555,88.66666666666667,52.63333333333333,112.56666666666666,170.3,125.86666666666667,192.66666666666666,138.46666666666667,2023,3
202304,ipca_geral,IPCA - Geral,0.61,165.0111111111111,228.94444444444446,132.60000000000002,110.65555555555555,54.36666666666666,66.66666666666667,112.56666666666666,170.3,125.86666666666667,143.70000000000002,2023,4
202305,ipca_geral,IPCA - Geral,0.23,138.42222222222222,165.0111111111111,228.94444444444446,132.60000000000002,121.92222222222222,53.666666666666664,66.66666666666667,112.56666666666666,170.3,133.20000000000002,2023,5
202306,ipca_geral,IPCA - Geral,-0.08,181.11111111111111,138.42222222222222,165.0111111111111,228.94444444444446,88.66666666666667,137.9333333333333,53.666666666666664,66.66666666666667,112.56666666666666,192.66666666666666,2023,6
202307,ipca_geral,IPCA - Geral,0.12,80.5,181.11111111111111,138.42222222222222,165.0111111111111,110.65555555555555,131.06666666666666,137.9333333333333,53.666666666666664,66.66666666666667,125.86666666666667,2023,7
202308,ipca_geral,IPCA - Geral,0.23,68.1,80.5,181.11111111111111,138.42222222222222,132.60000000000002,102.03333333333335,131.06666666666666,137.9333333333333,53.666666666666664,170.3,2023,8
202309,ipca_geral,IPCA - Geral,0.26,54.36666666666667,68.1,80.5,181.11111111111111,228.94444444444446,219.83333333333334,102.03333333333335,131.06666666666666,137.9333333333333,112.56666666666666,2023,9
202310,ipca_geral,IPCA - Geral,0.24,35.52222222222222,54.36666666666667,68.1,80.5,165.0111111111111,285.56666666666666,219.83333333333334,102.03333333333335,131.06666666666666,66.66666666666667,2023,10
202311,ipca_geral,IPCA - Geral,0.28,38.955555555555556,35.52222222222222,54.36666666666667,68.1,138.42222222222222,218.26666666666665,285.56666666666666,219.83333333333334,102.03333333333335,53.666666666666664,2023,11
202312,ipca_geral,IPCA - Geral,0.56,86.76666666666668,38.955555555555556,35.52222222222222,54.36666666666667,181.11111111111111,77.53333333333333,218.26666666666665,285.56666666666666,219.83333333333334,137.9333333333333,2023,12
202401,ipca_geral,IPCA - Geral,0.42,96.24444444444444,86.76666666666668,38.955555555555556,35.52222222222222,80.5,167.79999999999998,77.53333333333333,218.26666666666665,285.56666666666666,131.06666666666666,2024,1
202402,ipca_geral,IPCA - Geral,0.83,214.94444444444446,96.24444444444444,86.76666666666668,38.955555555555556,68.1,127.0,167.79999999999998,77.53333333333333,218.26666666666665,102.03333333333335,2024,2
202403,ipca_geral,IPCA - Geral,0.16,230.7111111111111,214.94444444444446,96.24444444444444,86.76666666666668,54.36666666666667,112.09999999999998,127.0,167.79999999999998,77.53333333333333,219.83333333333334,2024,3
202404,ipca_geral,IPCA - Geral,0.38,224.9888888888889,230.7111111111111,214.94444444444446,96.24444444444444,35.52222222222222,196.1,112.09999999999998,127.0,167.79999999999998,285.56666666666666,2024,4
202405,ipca_geral,IPCA - Geral,0.46,158.76666666666668,224.9888888888889,230.7111111111111,214.94444444444446,38.955555555555556,231.10000000000002,196.1,112.09999999999998,127.0,218.26666666666665,2024,5
202406,ipca_geral,IPCA - Geral,0.21,144.7,158.76666666666668,224.9888888888889,230.7111111111111,86.76666666666668,91.16666666666667,231.10000000000002,196.1,112.09999999999998,77.53333333333333,2024,6
202407,ipca_geral,IPCA - Geral,0.38,86.37777777777778,144.7,158.76666666666668,224.9888888888889,96.24444444444444,140.20000000000002,91.16666666666667,231.10000000000002,196.1,167.79999999999998,2024,7
202408,ipca_geral,IPCA - Geral,-0.02,51.21111111111111,86.37777777777778,144.7,158.76666666666668,214.94444444444446,58.73333333333333,140.20000000000002,91.16666666666667,231.10000000000002,127.0,2024,8
202409,ipca_geral,IPCA - Geral,0.44,37.900000000000006,51.21111111111111,86.37777777777778,144.7,230.7111111111111,123.13333333333333,58.73333333333333,140.20000000000002,91.16666666666667,112.09999999999998,2024,9
202410,ipca_geral,IPCA - Geral,0.56,27.299999999999997,37.900000000000006,51.21111111111111,86.37777777777778,224.9888888888889,118.80000000000001,123.13333333333333,58.73333333333333,140.20000000000002,196.1,2024,10
202411,ipca_geral,IPCA - Geral,0.39,45.86666666666667,27.299999999999997,37.900000000000006,51.21111111111111,158.76666666666668,132.0,118.80000000000001,123.13333333333333,58.73333333333333,231.10000000000002,2024,11
202412,ipca_geral,IPCA - Geral,0.52,57.98888888888889,45.86666666666667,27.299999999999997,37.900000000000006,144.7,208.5666666666667,132.0,118.80000000000001,123.13333333333333,91.16666666666667,2024,12
202501,ipca_geral,IPCA - Geral,0.16,167.38888888888889,57.98888888888889,45.86666666666667,27.299999999999997,86.37777777777778,137.29999999999998,208.5666666666667,132.0,118.80000000000001,140.20000000000002,2025,1
202502,ipca_geral,IPCA - Geral,1.31,162.24444444444444,167.38888888888889,57.98888888888889,45.86666666666667,51.21111111111111,102.53333333333335,137.29999999999998,208.5666666666667,132.0,58.73333333333333,2025,2
202503,ipca_geral,IPCA - Geral,0.56,170.27777777777777,162.24444444444444,167.38888888888889,57.98888888888889,37.900000000000006,82.63333333333334,102.53333333333335,137.29999999999998,208.5666666666667,123.13333333333333,2025,3
202504,ipca_geral,IPCA - Geral,0.43,109.91111111111111,170.27777777777777,162.24444444444444,167.38888888888889,27.299999999999997,111.73333333333333,82.63333333333334,102.53333333333335,137.29999999999998,118.80000000000001,2025,4
202505,ipca_geral,IPCA - Geral,0.26,201.83333333333334,109.91111111111111,170.27777777777777,162.24444444444444,45.86666666666667,97.96666666666665,111.73333333333333,82.63333333333334,102.53333333333335,132.0,2025,5
202506,ipca_geral,IPCA - Geral,0.24,170.4111111111111,201.83333333333334,109.91111111111111,170.27777777777777,57.98888888888889,148.36666666666667,97.96666666666665,111.73333333333333,82.63333333333334,208.5666666666667,2025,6
202507,ipca_geral,IPCA - Geral,0.26,112.17777777777776,170.4111111111111,201.83333333333334,109.91111111111111,167.38888888888889,55.76666666666667,148.36666666666667,97.96666666666665,111.73333333333333,137.29999999999998,2025,7
202508,ipca_geral,IPCA - Geral,-0.11,99.41111111111111,112.17777777777776,170.4111111111111,201.83333333333334,162.24444444444444,89.86666666666667,55.76666666666667,148.36666666666667,97.96666666666665,102.53333333333335,2025,8
202509,ipca_geral,IPCA - Geral,0.48,58.65555555555555,99.41111111111111,112.17777777777776,170.4111111111111,170.27777777777777,126.33333333333333,89.86666666666667,55.76666666666667,148.36666666666667,82.63333333333334,2025,9
202510,ipca_geral,IPCA - Geral,0.09,63.455555555555556,58.65555555555555,99.41111111111111,112.17777777777776,109.91111111111111,164.06666666666666,126.33333333333333,89.86666666666667,55.76666666666667,111.73333333333333,2025,10
202511,ipca_geral,IPCA - Geral,0.18,45.98888888888889,63.455555555555556,58.65555555555555,99.41111111111111,201.83333333333334,113.33333333333333,164.06666666666666,126.33333333333333,89.86666666666667,97.96666666666665,2025,11
202512,ipca_geral,IPCA - Geral,0.33,58.111111111111114,45.98888888888889,63.455555555555556,58.65555555555555,170.4111111111111,177.6,113.33333333333333,164.06666666666666,126.33333333333333,148.36666666666667,2025,12
202601,ipca_geral,IPCA - Geral,0.33,86.30000000000001,58.111111111111114,45.98888888888889,63.455555555555556,112.17777777777776,128.96666666666667,177.6,113.33333333333333,164.06666666666666,55.76666666666667,2026,1
202602,ipca_geral,IPCA - Geral,0.7,150.55555555555554,86.30000000000001,58.111111111111114,45.98888888888889,99.41111111111111,150.16666666666666,128.96666666666667,177.6,113.33333333333333,89.86666666666667,2026,2
202603,ipca_geral,IPCA - Geral,0.88,159.6888888888889,150.55555555555554,86.30000000000001,58.111111111111114,58.65555555555555,96.83333333333333,150.16666666666666,128.96666666666667,177.6,126.33333333333333,2026,3
202604,ipca_geral,IPCA - Geral,0.67,269.7444444444444,159.6888888888889,150.55555555555554,86.30000000000001,63.455555555555556,96.0,96.83333333333333,150.16666666666666,128.96666666666667,164.06666666666666,2026,4
201501,leite,IPCA - Leite e derivados,6.8057,41.24444444444444,,,,,217.70000000000002,,,,,2015,1
201502,leite,IPCA - Leite e derivados,1.2294,125.17777777777776,41.24444444444444,,,,232.4,217.70000000000002,,,,2015,2
201503,leite,IPCA - Leite e derivados,0.439,172.58888888888887,125.17777777777776,41.24444444444444,,,140.6,232.4,217.70000000000002,,,2015,3
201504,leite,IPCA - Leite e derivados,1.4976,118.8777777777778,172.58888888888887,125.17777777777776,41.24444444444444,,49.43333333333334,140.6,232.4,217.70000000000002,,2015,4
201505,leite,IPCA - Leite e derivados,2.1702,137.45555555555555,118.8777777777778,172.58888888888887,125.17777777777776,,135.20000000000002,49.43333333333334,140.6,232.4,,2015,5
201506,leite,IPCA - Leite e derivados,-4.8213,124.38888888888889,137.45555555555555,118.8777777777778,172.58888888888887,,129.5,135.20000000000002,49.43333333333334,140.6,,2015,6
201507,leite,IPCA - Leite e derivados,1.8479,113.15555555555557,124.38888888888889,137.45555555555555,118.8777777777778,41.24444444444444,184.46666666666667,129.5,135.20000000000002,49.43333333333334,217.70000000000002,2015,7
201508,leite,IPCA - Leite e derivados,-2.2028,40.81111111111111,113.15555555555557,124.38888888888889,137.45555555555555,125.17777777777776,57.699999999999996,184.46666666666667,129.5,135.20000000000002,232.4,2015,8
201509,leite,IPCA - Leite e derivados,0.2282,20.744444444444444,40.81111111111111,113.15555555555557,124.38888888888889,172.58888888888887,168.9,57.699999999999996,184.46666666666667,129.5,140.6,2015,9
201510,leite,IPCA - Leite e derivados,0.1242,15.566666666666666,20.744444444444444,40.81111111111111,113.15555555555557,118.8777777777778,202.73333333333335,168.9,57.699999999999996,184.46666666666667,49.43333333333334,2015,10
201511,leite,IPCA - Leite e derivados,6.9638,6.322222222222222,15.566666666666666,20.744444444444444,40.81111111111111,137.45555555555555,172.83333333333334,202.73333333333335,168.9,57.699999999999996,135.20000000000002,2015,11
201512,leite,IPCA - Leite e derivados,4.0642,44.97777777777778,6.322222222222222,15.566666666666666,20.744444444444444,124.38888888888889,244.4,172.83333333333334,202.73333333333335,168.9,129.5,2015,12
201601,leite,IPCA - Leite e derivados,10.8275,162.77777777777777,44.97777777777778,6.322222222222222,15.566666666666666,113.15555555555557,114.76666666666667,244.4,172.83333333333334,202.73333333333335,184.46666666666667,2016,1
201602,leite,IPCA - Leite e derivados,-4.1727,103.48888888888888,162.77777777777777,44.97777777777778,6.322222222222222,40.81111111111111,192.86666666666665,114.76666666666667,244.4,172.83333333333334,57.699999999999996,2016,2
201603,leite,IPCA - Leite e derivados,2.136,136.75555555555556,103.48888888888888,162.77777777777777,44.97777777777778,20.744444444444444,181.1,192.86666666666665,114.76666666666667,244.4,168.9,2016,3
201604,leite,IPCA - Leite e derivados,-2.3481,123.32222222222224,136.75555555555556,103.48888888888888,162.77777777777777,15.566666666666666,112.03333333333335,181.1,192.86666666666665,114.76666666666667,202.73333333333335,2016,4
201605,leite,IPCA - Leite e derivados,2.3194,136.92222222222222,123.32222222222224,136.75555555555556,103.48888888888888,6.322222222222222,106.56666666666666,112.03333333333335,181.1,192.86666666666665,172.83333333333334,2016,5
201606,leite,IPCA - Leite e derivados,4.2399,78.44444444444444,136.92222222222222,123.32222222222224,136.75555555555556,44.97777777777778,64.93333333333334,106.56666666666666,112.03333333333335,181.1,244.4,2016,6
201607,leite,IPCA - Leite e derivados,-0.6388,45.25555555555556,78.44444444444444,136.92222222222222,123.32222222222224,162.77777777777777,69.5,64.93333333333334,106.56666666666666,112.03333333333335,114.76666666666667,2016,7
201608,leite,IPCA - Leite e derivados,1.5457,30.577777777777776,45.25555555555556,78.44444444444444,136.92222222222222,103.48888888888888,140.46666666666667,69.5,64.93333333333334,106.56666666666666,192.86666666666665,2016,8
201609,leite,IPCA - Leite e derivados,-1.883,27.444444444444443,30.577777777777776,45.25555555555556,78.44444444444444,136.75555555555556,74.0,140.46666666666667,69.5,64.93333333333334,181.1,2016,9
201610,leite,IPCA - Leite e derivados,-0.7306,20.055555555555557,27.444444444444443,30.577777777777776,45.25555555555556,123.32222222222224,144.63333333333333,74.0,140.46666666666667,69.5,112.03333333333335,2016,10
201611,leite,IPCA - Leite e derivados,-4.1986,22.700000000000003,20.055555555555557,27.444444444444443,30.577777777777776,136.92222222222222,85.86666666666667,144.63333333333333,74.0,140.46666666666667,106.56666666666666,2016,11
201612,leite,IPCA - Leite e derivados,-1.5565,49.422222222222224,22.700000000000003,20.055555555555557,27.444444444444443,78.44444444444444,162.20000000000002,85.86666666666667,144.63333333333333,74.0,64.93333333333334,2016,12
201701,leite,IPCA - Leite e derivados,-1.2593,104.71111111111112,49.422222222222224,22.700000000000003,20.055555555555557,45.25555555555556,162.23333333333332,162.20000000000002,85.86666666666667,144.63333333333333,69.5,2017,1
201702,leite,IPCA - Leite e derivados,-3.0871,129.8777777777778,104.71111111111112,49.422222222222224,22.700000000000003,30.577777777777776,123.63333333333334,162.23333333333332,162.20000000000002,85.86666666666667,140.46666666666667,2017,2
201703,leite,IPCA - Leite e derivados,2.0945,214.16666666666666,129.8777777777778,104.71111111111112,49.422222222222224,27.444444444444443,103.96666666666665,123.63333333333334,162.23333333333332,162.20000000000002,74.0,2017,3
201704,leite,IPCA - Leite e derivados,3.0578,196.46666666666667,214.16666666666666,129.8777777777778,104.71111111111112,20.055555555555557,104.43333333333334,103.96666666666665,123.63333333333334,162.23333333333332,144.63333333333333,2017,4
201705,leite,IPCA - Leite e derivados,-1.7012,233.67777777777778,196.46666666666667,214.16666666666666,129.8777777777778,22.700000000000003,192.83333333333334,104.43333333333334,103.96666666666665,123.63333333333334,85.86666666666667,2017,5
201706,leite,IPCA - Leite e derivados,-4.0271,157.9888888888889,233.67777777777778,196.46666666666667,214.16666666666666,49.422222222222224,153.06666666666666,192.83333333333334,104.43333333333334,103.96666666666665,162.20000000000002,2017,6
201707,leite,IPCA - Leite e derivados,2.3528,184.63333333333333,157.9888888888889,233.67777777777778,196.46666666666667,104.71111111111112,18.566666666666666,153.06666666666666,192.83333333333334,104.43333333333334,162.23333333333332,2017,7
201708,leite,IPCA - Leite e derivados,-4.8581,64.1888888888889,184.63333333333333,157.9888888888889,233.67777777777778,129.8777777777778,76.36666666666666,18.566666666666666,153.06666666666666,192.83333333333334,123.63333333333334,2017,8
201709,leite,IPCA - Leite e derivados,-0.8848,68.48888888888888,64.1888888888889,184.63333333333333,157.9888888888889,214.16666666666666,103.06666666666666,76.36666666666666,18.566666666666666,153.06666666666666,103.96666666666665,2017,9
201710,leite,IPCA - Leite e derivados,1.1249,45.68888888888889,68.48888888888888,64.1888888888889,184.63333333333333,196.46666666666667,167.36666666666667,103.06666666666666,76.36666666666666,18.566666666666666,104.43333333333334,2017,10
201711,leite,IPCA - Leite e derivados,-1.689,37.52222222222222,45.68888888888889,68.48888888888888,64.1888888888889,233.67777777777778,118.0,167.36666666666667,103.06666666666666,76.36666666666666,192.83333333333334,2017,11
201712,leite,IPCA - Leite e derivados,0.5282,67.25555555555555,37.52222222222222,45.68888888888889,68.48888888888888,157.9888888888889,140.16666666666666,118.0,167.36666666666667,103.06666666666666,153.06666666666666,2017,12
201801,leite,IPCA - Leite e derivados,5.0911,120.67777777777776,67.25555555555555,37.52222222222222,45.68888888888889,184.63333333333333,171.9666666666667,140.16666666666666,118.0,167.36666666666667,18.566666666666666,2018,1
201802,leite,IPCA - Leite e derivados,0.4947,213.72222222222223,120.67777777777776,67.25555555555555,37.52222222222222,64.1888888888889,98.46666666666665,171.9666666666667,140.16666666666666,118.0,76.36666666666666,2018,2
201803,leite,IPCA - Leite e derivados,-0.9872,170.17777777777778,213.72222222222223,120.67777777777776,67.25555555555555,68.48888888888888,154.70000000000002,98.46666666666665,171.9666666666667,140.16666666666666,103.06666666666666,2018,3
201804,leite,IPCA - Leite e derivados,-0.4099,249.4888888888889,170.17777777777778,213.72222222222223,120.67777777777776,45.68888888888889,32.833333333333336,154.70000000000002,98.46666666666665,171.9666666666667,167.36666666666667,2018,4
201805,leite,IPCA - Leite e derivados,-0.3904,155.58888888888887,249.4888888888889,170.17777777777778,213.72222222222223,37.52222222222222,49.56666666666666,32.833333333333336,154.70000000000002,98.46666666666665,118.0,2018,5
201806,leite,IPCA - Leite e derivados,-0.3172,90.58888888888889,155.58888888888887,249.4888888888889,170.17777777777778,67.25555555555555,88.36666666666667,49.56666666666666,32.833333333333336,154.70000000000002,140.16666666666666,2018,6
201807,leite,IPCA - Leite e derivados,-2.8455,106.25555555555555,90.58888888888889,155.58888888888887,249.4888888888889,120.67777777777776,93.59999999999998,88.36666666666667,49.56666666666666,32.833333333333336,171.9666666666667,2018,7
201808,leite,IPCA - Leite e derivados,-1.4727,50.08888888888889,106.25555555555555,90.58888888888889,155.58888888888887,213.72222222222223,84.60000000000001,93.59999999999998,88.36666666666667,49.56666666666666,98.46666666666665,2018,8
201809,leite,IPCA - Leite e derivados,0.2514,36.96666666666667,50.08888888888889,106.25555555555555,90.58888888888889,170.17777777777778,141.70000000000002,84.60000000000001,93.59999999999998,88.36666666666667,154.70000000000002,2018,9
201810,leite,IPCA - Leite e derivados,3.8848,34.644444444444446,36.96666666666667,50.08888888888889,106.25555555555555,249.4888888888889,145.29999999999998,141.70000000000002,84.60000000000001,93.59999999999998,32.833333333333336,2018,10
201811,leite,IPCA - Leite e derivados,7.8145,80.63333333333334,34.644444444444446,36.96666666666667,50.08888888888889,155.58888888888887,101.36666666666667,145.29999999999998,141.70000000000002,84.60000000000001,49.56666666666666,2018,11
201812,leite,IPCA - Leite e derivados,1.6945,103.41111111111111,80.63333333333334,34.644444444444446,36.96666666666667,90.58888888888889,90.76666666666667,101.36666666666667,145.29999999999998,141.70000000000002,88.36666666666667,2018,12
201901,leite,IPCA - Leite e derivados,-0.8099,135.39999999999998,103.41111111111111,80.63333333333334,34.644444444444446,106.25555555555555,124.2,90.76666666666667,101.36666666666667,145.29999999999998,93.59999999999998,2019,1
201902,leite,IPCA - Leite e derivados,4.8347,189.37777777777777,135.39999999999998,103.41111111111111,80.63333333333334,50.08888888888889,146.53333333333333,124.2,90.76666666666667,101.36666666666667,84.60000000000001,2019,2
201903,leite,IPCA - Leite e derivados,4.2965,299.18888888888887,189.37777777777777,135.39999999999998,103.41111111111111,36.96666666666667,105.73333333333333,146.53333333333333,124.2,90.76666666666667,141.70000000000002,2019,3
201904,leite,IPCA - Leite e derivados,3.0795,275.8111111111111,299.18888888888887,189.37777777777777,135.39999999999998,34.644444444444446,117.26666666666667,105.73333333333333,146.53333333333333,124.2,145.29999999999998,2019,4
201905,leite,IPCA - Leite e derivados,-7.0167,131.56666666666666,275.8111111111111,299.18888888888887,189.37777777777777,80.63333333333334,203.9333333333333,117.26666666666667,105.73333333333333,146.53333333333333,101.36666666666667,2019,5
201906,leite,IPCA - Leite e derivados,1.0474,176.89999999999998,131.56666666666666,275.8111111111111,299.18888888888887,103.41111111111111,63.133333333333326,203.9333333333333,117.26666666666667,105.73333333333333,90.76666666666667,2019,6
201907,leite,IPCA - Leite e derivados,-3.324,135.17777777777778,176.89999999999998,131.56666666666666,275.8111111111111,135.39999999999998,68.43333333333334,63.133333333333326,203.9333333333333,117.26666666666667,124.2,2019,7
201908,leite,IPCA - Leite e derivados,-3.3467,62.42222222222222,135.17777777777778,176.89999999999998,131.56666666666666,189.37777777777777,40.56666666666667,68.43333333333334,63.133333333333326,203.9333333333333,146.53333333333333,2019,8
201909,leite,IPCA - Leite e derivados,-2.5452,50.488888888888894,62.42222222222222,135.17777777777778,176.89999999999998,299.18888888888887,109.93333333333334,40.56666666666667,68.43333333333334,63.133333333333326,105.73333333333333,2019,9
201910,leite,IPCA - Leite e derivados,0.2353,44.77777777777778,50.488888888888894,62.42222222222222,135.17777777777778,275.8111111111111,129.29999999999998,109.93333333333334,40.56666666666667,68.43333333333334,117.26666666666667,2019,10
201911,leite,IPCA - Leite e derivados,0.4415,38.3,44.77777777777778,50.488888888888894,62.42222222222222,131.56666666666666,121.39999999999999,129.29999999999998,109.93333333333334,40.56666666666667,203.9333333333333,2019,11
201912,leite,IPCA - Leite e derivados,13.0418,49.666666666666664,38.3,44.77777777777778,50.488888888888894,176.89999999999998,66.56666666666666,121.39999999999999,129.29999999999998,109.93333333333334,63.133333333333326,2019,12
202001,leite,IPCA - Leite e derivados,2.5713,150.94444444444446,49.666666666666664,38.3,44.77777777777778,135.17777777777778,166.70000000000002,66.56666666666666,121.39999999999999,129.29999999999998,68.43333333333334,2020,1
202002,leite,IPCA - Leite e derivados,0.6026,185.1222222222222,150.94444444444446,49.666666666666664,38.3,62.42222222222222,114.56666666666666,166.70000000000002,66.56666666666666,121.39999999999999,40.56666666666667,2020,2
202003,leite,IPCA - Leite e derivados,0.4748,282.65555555555557,185.1222222222222,150.94444444444446,49.666666666666664,50.488888888888894,49.73333333333333,114.56666666666666,166.70000000000002,66.56666666666666,109.93333333333334,2020,3
202004,leite,IPCA - Leite e derivados,5.0447,220.44444444444446,282.65555555555557,185.1222222222222,150.94444444444446,44.77777777777778,33.699999999999996,49.73333333333333,114.56666666666666,166.70000000000002,129.29999999999998,2020,4
202005,leite,IPCA - Leite e derivados,-0.1094,219.42222222222222,220.44444444444446,282.65555555555557,185.1222222222222,38.3,86.33333333333333,33.699999999999996,49.73333333333333,114.56666666666666,121.39999999999999,2020,5
202006,leite,IPCA - Leite e derivados,-1.8243,128.60000000000002,219.42222222222222,220.44444444444446,282.65555555555557,49.666666666666664,157.53333333333333,86.33333333333333,33.699999999999996,49.73333333333333,66.56666666666666,2020,6
202007,leite,IPCA - Leite e derivados,-2.1318,106.63333333333334,128.60000000000002,219.42222222222222,220.44444444444446,150.94444444444446,114.7,157.53333333333333,86.33333333333333,33.699999999999996,166.70000000000002,2020,7
202008,leite,IPCA - Leite e derivados,2.7975,49.37777777777777,106.63333333333334,128.60000000000002,219.42222222222222,185.1222222222222,94.13333333333333,114.7,157.53333333333333,86.33333333333333,114.56666666666666,2020,8
202009,leite,IPCA - Leite e derivados,2.8343,41.099999999999994,49.37777777777777,106.63333333333334,128.60000000000002,282.65555555555557,101.76666666666667,94.13333333333333,114.7,157.53333333333333,49.73333333333333,2020,9
202010,leite,IPCA - Leite e derivados,5.1259,31.400000000000002,41.099999999999994,49.37777777777777,106.63333333333334,220.44444444444446,99.16666666666667,101.76666666666667,94.13333333333333,114.7,33.699999999999996,2020,10
202011,leite,IPCA - Leite e derivados,6.8786,92.12222222222222,31.400000000000002,41.099999999999994,49.37777777777777,219.42222222222222,125.2,99.16666666666667,101.76666666666667,94.13333333333333,86.33333333333333,2020,11
202012,leite,IPCA - Leite e derivados,2.9256,48.955555555555556,92.12222222222222,31.400000000000002,41.099999999999994,128.60000000000002,178.76666666666665,125.2,99.16666666666667,101.76666666666667,157.53333333333333,2020,12
202101,leite,IPCA - Leite e derivados,4.1739,74.37777777777778,48.955555555555556,92.12222222222222,31.400000000000002,106.63333333333334,212.10000000000002,178.76666666666665,125.2,99.16666666666667,114.7,2021,1
202102,leite,IPCA - Leite e derivados,-3.1625,113.0,74.37777777777778,48.955555555555556,92.12222222222222,49.37777777777777,123.59999999999998,212.10000000000002,178.76666666666665,125.2,94.13333333333333,2021,2
202103,leite,IPCA - Leite e derivados,-3.114,169.05555555555554,113.0,74.37777777777778,48.955555555555556,41.099999999999994,162.46666666666667,123.59999999999998,212.10000000000002,178.76666666666665,101.76666666666667,2021,3
202104,leite,IPCA - Leite e derivados,1.8194,145.58888888888887,169.05555555555554,113.0,74.37777777777778,31.400000000000002,47.800000000000004,162.46666666666667,123.59999999999998,212.10000000000002,99.16666666666667,2021,4
202106,leite,IPCA - Leite e derivados,-5.9688,96.92222222222222,145.33333333333334,145.58888888888887,169.05555555555554,48.955555555555556,161.83333333333334,101.66666666666667,47.800000000000004,162.46666666666667,178.76666666666665,2021,6
202107,leite,IPCA - Leite e derivados,3.2857,105.27777777777777,96.92222222222222,145.33333333333334,145.58888888888887,74.37777777777778,32.36666666666667,161.83333333333334,101.66666666666667,47.800000000000004,212.10000000000002,2021,7
202108,leite,IPCA - Leite e derivados,2.4495,83.4,105.27777777777777,96.92222222222222,145.33333333333334,113.0,87.06666666666666,32.36666666666667,161.83333333333334,101.66666666666667,123.59999999999998,2021,8
202109,leite,IPCA - Leite e derivados,3.4923,59.25555555555555,83.4,105.27777777777777,96.92222222222222,169.05555555555554,119.16666666666667,87.06666666666666,32.36666666666667,161.83333333333334,162.46666666666667,2021,9
202110,leite,IPCA - Leite e derivados,2.7772,62.599999999999994,59.25555555555555,83.4,105.27777777777777,145.58888888888887,155.5,119.16666666666667,87.06666666666666,32.36666666666667,47.800000000000004,2021,10
202111,leite,IPCA - Leite e derivados,-0.638,79.43333333333334,62.599999999999994,59.25555555555555,83.4,145.33333333333334,84.93333333333334,155.5,119.16666666666667,87.06666666666666,101.66666666666667,2021,11
202112,leite,IPCA - Leite e derivados,1.7127,113.62222222222222,79.43333333333334,62.599999999999994,59.25555555555555,96.92222222222222,79.73333333333333,84.93333333333334,155.5,119.16666666666667,161.83333333333334,2021,12
202201,leite,IPCA - Leite e derivados,4.5723,192.2111111111111,113.62222222222222,79.43333333333334,62.599999999999994,105.27777777777777,130.4,79.73333333333333,84.93333333333334,155.5,32.36666666666667,2022,1
202202,leite,IPCA - Leite e derivados,1.4506,101.64444444444445,192.2111111111111,113.62222222222222,79.43333333333334,83.4,94.23333333333333,130.4,79.73333333333333,84.93333333333334,87.06666666666666,2022,2
202203,leite,IPCA - Leite e derivados,4.2772,311.3333333333333,101.64444444444445,192.2111111111111,113.62222222222222,59.25555555555555,169.36666666666667,94.23333333333333,130.4,79.73333333333333,119.16666666666667,2022,3
202204,leite,IPCA - Leite e derivados,3.576,198.86666666666667,311.3333333333333,101.64444444444445,192.2111111111111,62.599999999999994,91.5,169.36666666666667,94.23333333333333,130.4,155.5,2022,4
202205,leite,IPCA - Leite e derivados,-5.8104,269.43333333333334,198.86666666666667,311.3333333333333,101.64444444444445,79.43333333333334,184.63333333333333,91.5,169.36666666666667,94.23333333333333,84.93333333333334,2022,5
202206,leite,IPCA - Leite e derivados,-0.666,184.41111111111113,269.43333333333334,198.86666666666667,311.3333333333333,113.62222222222222,113.63333333333333,184.63333333333333,91.5,169.36666666666667,79.73333333333333,2022,6
202207,leite,IPCA - Leite e derivados,0.5087,150.73333333333335,184.41111111111113,269.43333333333334,198.86666666666667,192.2111111111111,64.46666666666665,113.63333333333333,184.63333333333333,91.5,130.4,2022,7
202208,leite,IPCA - Leite e derivados,-2.1286,102.24444444444445,150.73333333333335,184.41111111111113,269.43333333333334,101.64444444444445,157.46666666666667,64.46666666666665,113.63333333333333,184.63333333333333,94.23333333333333,2022,8
202209,leite,IPCA - Leite e derivados,1.8756,52.63333333333333,102.24444444444445,150.73333333333335,184.41111111111113,311.3333333333333,138.46666666666667,157.46666666666667,64.46666666666665,113.63333333333333,169.36666666666667,2022,9
202210,leite,IPCA - Leite e derivados,1.878,54.36666666666666,52.63333333333333,102.24444444444445,150.73333333333335,198.86666666666667,143.70000000000002,138.46666666666667,157.46666666666667,64.46666666666665,91.5,2022,10
202211,leite,IPCA - Leite e derivados,4.6802,121.92222222222222,54.36666666666666,52.63333333333333,102.24444444444445,269.43333333333334,133.20000000000002,143.70000000000002,138.46666666666667,157.46666666666667,184.63333333333333,2022,11
202212,leite,IPCA - Leite e derivados,0.4255,88.66666666666667,121.92222222222222,54.36666666666666,52.63333333333333,184.41111111111113,192.66666666666666,133.20000000000002,143.70000000000002,138.46666666666667,113.63333333333333,2022,12
202301,leite,IPCA - Leite e derivados,1.6673,110.65555555555555,88.66666666666667,121.92222222222222,54.36666666666666,150.73333333333335,125.86666666666667,192.66666666666666,133.20000000000002,143.70000000000002,64.46666666666665,2023,1
202302,leite,IPCA - Leite e derivados,-3.9651,132.60000000000002,110.65555555555555,88.66666666666667,121.92222222222222,102.24444444444445,170.3,125.86666666666667,192.66666666666666,133.20000000000002,157.46666666666667,2023,2
202303,leite,IPCA - Leite e derivados,-3.7199,228.94444444444446,132.60000000000002,110.65555555555555,88.66666666666667,52.63333333333333,112.56666666666666,170.3,125.86666666666667,192.66666666666666,138.46666666666667,2023,3
202304,leite,IPCA - Leite e derivados,2.1984,165.0111111111111,228.94444444444446,132.60000000000002,110.65555555555555,54.36666666666666,66.66666666666667,112.56666666666666,170.3,125.86666666666667,143.70000000000002,2023,4
202305,leite,IPCA - Leite e derivados,-0.3199,138.42222222222222,165.0111111111111,228.94444444444446,132.60000000000002,121.92222222222222,53.666666666666664,66.66666666666667,112.56666666666666,170.3,133.20000000000002,2023,5
202306,leite,IPCA - Leite e derivados,-1.6196,181.11111111111111,138.42222222222222,165.0111111111111,228.94444444444446,88.66666666666667,137.9333333333333,53.666666666666664,66.66666666666667,112.56666666666666,192.66666666666666,2023,6
202307,leite,IPCA - Leite e derivados,-0.4939,80.5,181.11111111111111,138.42222222222222,165.0111111111111,110.65555555555555,131.06666666666666,137.9333333333333,53.666666666666664,66.66666666666667,125.86666666666667,2023,7
202308,leite,IPCA - Leite e derivados,-1.0356,68.1,80.5,181.11111111111111,138.42222222222222,132.60000000000002,102.03333333333335,131.06666666666666,137.9333333333333,53.666666666666664,170.3,2023,8
202309,leite,IPCA - Leite e derivados,-1.8947,54.36666666666667,68.1,80.5,181.11111111111111,228.94444444444446,219.83333333333334,102.03333333333335,131.06666666666666,137.9333333333333,112.56666666666666,2023,9
202310,leite,IPCA - Leite e derivados,-0.9562,35.52222222222222,54.36666666666667,68.1,80.5,165.0111111111111,285.56666666666666,219.83333333333334,102.03333333333335,131.06666666666666,66.66666666666667,2023,10
202311,leite,IPCA - Leite e derivados,1.9053,38.955555555555556,35.52222222222222,54.36666666666667,68.1,138.42222222222222,218.26666666666665,285.56666666666666,219.83333333333334,102.03333333333335,53.666666666666664,2023,11
202312,leite,IPCA - Leite e derivados,2.5966,86.76666666666668,38.955555555555556,35.52222222222222,54.36666666666667,181.11111111111111,77.53333333333333,218.26666666666665,285.56666666666666,219.83333333333334,137.9333333333333,2023,12
202401,leite,IPCA - Leite e derivados,10.4283,96.24444444444444,86.76666666666668,38.955555555555556,35.52222222222222,80.5,167.79999999999998,77.53333333333333,218.26666666666665,285.56666666666666,131.06666666666666,2024,1
202402,leite,IPCA - Leite e derivados,0.3767,214.94444444444446,96.24444444444444,86.76666666666668,38.955555555555556,68.1,127.0,167.79999999999998,77.53333333333333,218.26666666666665,102.03333333333335,2024,2
202403,leite,IPCA - Leite e derivados,-2.0551,230.7111111111111,214.94444444444446,96.24444444444444,86.76666666666668,54.36666666666667,112.09999999999998,127.0,167.79999999999998,77.53333333333333,219.83333333333334,2024,3
202404,leite,IPCA - Leite e derivados,0.0267,224.9888888888889,230.7111111111111,214.94444444444446,96.24444444444444,35.52222222222222,196.1,112.09999999999998,127.0,167.79999999999998,285.56666666666666,2024,4
202405,leite,IPCA - Leite e derivados,-2.7094,158.76666666666668,224.9888888888889,230.7111111111111,214.94444444444446,38.955555555555556,231.10000000000002,196.1,112.09999999999998,127.0,218.26666666666665,2024,5
202406,leite,IPCA - Leite e derivados,1.1768,144.7,158.76666666666668,224.9888888888889,230.7111111111111,86.76666666666668,91.16666666666667,231.10000000000002,196.1,112.09999999999998,77.53333333333333,2024,6
202407,leite,IPCA - Leite e derivados,-6.3944,86.37777777777778,144.7,158.76666666666668,224.9888888888889,96.24444444444444,140.20000000000002,91.16666666666667,231.10000000000002,196.1,167.79999999999998,2024,7
202408,leite,IPCA - Leite e derivados,-0.2193,51.21111111111111,86.37777777777778,144.7,158.76666666666668,214.94444444444446,58.73333333333333,140.20000000000002,91.16666666666667,231.10000000000002,127.0,2024,8
202409,leite,IPCA - Leite e derivados,-0.5815,37.900000000000006,51.21111111111111,86.37777777777778,144.7,230.7111111111111,123.13333333333333,58.73333333333333,140.20000000000002,91.16666666666667,112.09999999999998,2024,9
202410,leite,IPCA - Leite e derivados,4.0879,27.299999999999997,37.900000000000006,51.21111111111111,86.37777777777778,224.9888888888889,118.80000000000001,123.13333333333333,58.73333333333333,140.20000000000002,196.1,2024,10
202411,leite,IPCA - Leite e derivados,1.3022,45.86666666666667,27.299999999999997,37.900000000000006,51.21111111111111,158.76666666666668,132.0,118.80000000000001,123.13333333333333,58.73333333333333,231.10000000000002,2024,11
202412,leite,IPCA - Leite e derivados,1.1457,57.98888888888889,45.86666666666667,27.299999999999997,37.900000000000006,144.7,208.5666666666667,132.0,118.80000000000001,123.13333333333333,91.16666666666667,2024,12
202501,leite,IPCA - Leite e derivados,3.273,167.38888888888889,57.98888888888889,45.86666666666667,27.299999999999997,86.37777777777778,137.29999999999998,208.5666666666667,132.0,118.80000000000001,140.20000000000002,2025,1
202502,leite,IPCA - Leite e derivados,1.1847,162.24444444444444,167.38888888888889,57.98888888888889,45.86666666666667,51.21111111111111,102.53333333333335,137.29999999999998,208.5666666666667,132.0,58.73333333333333,2025,2
202503,leite,IPCA - Leite e derivados,2.4917,170.27777777777777,162.24444444444444,167.38888888888889,57.98888888888889,37.900000000000006,82.63333333333334,102.53333333333335,137.29999999999998,208.5666666666667,123.13333333333333,2025,3
202504,leite,IPCA - Leite e derivados,1.1423,109.91111111111111,170.27777777777777,162.24444444444444,167.38888888888889,27.299999999999997,111.73333333333333,82.63333333333334,102.53333333333335,137.29999999999998,118.80000000000001,2025,4
202505,leite,IPCA - Leite e derivados,-2.5033,201.83333333333334,109.91111111111111,170.27777777777777,162.24444444444444,45.86666666666667,97.96666666666665,111.73333333333333,82.63333333333334,102.53333333333335,132.0,2025,5
202506,leite,IPCA - Leite e derivados,-0.9717,170.4111111111111,201.83333333333334,109.91111111111111,170.27777777777777,57.98888888888889,148.36666666666667,97.96666666666665,111.73333333333333,82.63333333333334,208.5666666666667,2025,6
201501,oleos,IPCA - Oleos e gorduras,3.2935,41.24444444444444,,,,,217.70000000000002,,,,,2015,1
201502,oleos,IPCA - Oleos e gorduras,4.3558,125.17777777777776,41.24444444444444,,,,232.4,217.70000000000002,,,,2015,2
201503,oleos,IPCA - Oleos e gorduras,-0.1519,172.58888888888887,125.17777777777776,41.24444444444444,,,140.6,232.4,217.70000000000002,,,2015,3
201504,oleos,IPCA - Oleos e gorduras,3.9833,118.8777777777778,172.58888888888887,125.17777777777776,41.24444444444444,,49.43333333333334,140.6,232.4,217.70000000000002,,2015,4
201505,oleos,IPCA - Oleos e gorduras,3.8839,137.45555555555555,118.8777777777778,172.58888888888887,125.17777777777776,,135.20000000000002,49.43333333333334,140.6,232.4,,2015,5
201506,oleos,IPCA - Oleos e gorduras,-3.0889,124.38888888888889,137.45555555555555,118.8777777777778,172.58888888888887,,129.5,135.20000000000002,49.43333333333334,140.6,,2015,6
201507,oleos,IPCA - Oleos e gorduras,-3.0321,113.15555555555557,124.38888888888889,137.45555555555555,118.8777777777778,41.24444444444444,184.46666666666667,129.5,135.20000000000002,49.43333333333334,217.70000000000002,2015,7
201508,oleos,IPCA - Oleos e gorduras,-2.4593,40.81111111111111,113.15555555555557,124.38888888888889,137.45555555555555,125.17777777777776,57.699999999999996,184.46666666666667,129.5,135.20000000000002,232.4,2015,8
201509,oleos,IPCA - Oleos e gorduras,-1.2711,20.744444444444444,40.81111111111111,113.15555555555557,124.38888888888889,172.58888888888887,168.9,57.699999999999996,184.46666666666667,129.5,140.6,2015,9
201510,oleos,IPCA - Oleos e gorduras,0.9727,15.566666666666666,20.744444444444444,40.81111111111111,113.15555555555557,118.8777777777778,202.73333333333335,168.9,57.699999999999996,184.46666666666667,49.43333333333334,2015,10
201511,oleos,IPCA - Oleos e gorduras,5.8395,6.322222222222222,15.566666666666666,20.744444444444444,40.81111111111111,137.45555555555555,172.83333333333334,202.73333333333335,168.9,57.699999999999996,135.20000000000002,2015,11
201512,oleos,IPCA - Oleos e gorduras,2.575,44.97777777777778,6.322222222222222,15.566666666666666,20.744444444444444,124.38888888888889,244.4,172.83333333333334,202.73333333333335,168.9,129.5,2015,12
201601,oleos,IPCA - Oleos e gorduras,6.221,162.77777777777777,44.97777777777778,6.322222222222222,15.566666666666666,113.15555555555557,114.76666666666667,244.4,172.83333333333334,202.73333333333335,184.46666666666667,2016,1
201602,oleos,IPCA - Oleos e gorduras,0.7868,103.48888888888888,162.77777777777777,44.97777777777778,6.322222222222222,40.81111111111111,192.86666666666665,114.76666666666667,244.4,172.83333333333334,57.699999999999996,2016,2
201603,oleos,IPCA - Oleos e gorduras,-1.7511,136.75555555555556,103.48888888888888,162.77777777777777,44.97777777777778,20.744444444444444,181.1,192.86666666666665,114.76666666666667,244.4,168.9,2016,3
201604,oleos,IPCA - Oleos e gorduras,2.6106,123.32222222222224,136.75555555555556,103.48888888888888,162.77777777777777,15.566666666666666,112.03333333333335,181.1,192.86666666666665,114.76666666666667,202.73333333333335,2016,4
201605,oleos,IPCA - Oleos e gorduras,0.8969,136.92222222222222,123.32222222222224,136.75555555555556,103.48888888888888,6.322222222222222,106.56666666666666,112.03333333333335,181.1,192.86666666666665,172.83333333333334,2016,5
201606,oleos,IPCA - Oleos e gorduras,4.3349,78.44444444444444,136.92222222222222,123.32222222222224,136.75555555555556,44.97777777777778,64.93333333333334,106.56666666666666,112.03333333333335,181.1,244.4,2016,6
201607,oleos,IPCA - Oleos e gorduras,2.9848,45.25555555555556,78.44444444444444,136.92222222222222,123.32222222222224,162.77777777777777,69.5,64.93333333333334,106.56666666666666,112.03333333333335,114.76666666666667,2016,7
201608,oleos,IPCA - Oleos e gorduras,0.7804,30.577777777777776,45.25555555555556,78.44444444444444,136.92222222222222,103.48888888888888,140.46666666666667,69.5,64.93333333333334,106.56666666666666,192.86666666666665,2016,8
201609,oleos,IPCA - Oleos e gorduras,0.5691,27.444444444444443,30.577777777777776,45.25555555555556,78.44444444444444,136.75555555555556,74.0,140.46666666666667,69.5,64.93333333333334,181.1,2016,9
201610,oleos,IPCA - Oleos e gorduras,-0.1741,20.055555555555557,27.444444444444443,30.577777777777776,45.25555555555556,123.32222222222224,144.63333333333333,74.0,140.46666666666667,69.5,112.03333333333335,2016,10
201611,oleos,IPCA - Oleos e gorduras,-3.3551,22.700000000000003,20.055555555555557,27.444444444444443,30.577777777777776,136.92222222222222,85.86666666666667,144.63333333333333,74.0,140.46666666666667,106.56666666666666,2016,11
201612,oleos,IPCA - Oleos e gorduras,-0.7417,49.422222222222224,22.700000000000003,20.055555555555557,27.444444444444443,78.44444444444444,162.20000000000002,85.86666666666667,144.63333333333333,74.0,64.93333333333334,2016,12
201701,oleos,IPCA - Oleos e gorduras,-0.6677,104.71111111111112,49.422222222222224,22.700000000000003,20.055555555555557,45.25555555555556,162.23333333333332,162.20000000000002,85.86666666666667,144.63333333333333,69.5,2017,1
201702,oleos,IPCA - Oleos e gorduras,0.5921,129.8777777777778,104.71111111111112,49.422222222222224,22.700000000000003,30.577777777777776,123.63333333333334,162.23333333333332,162.20000000000002,85.86666666666667,140.46666666666667,2017,2
201703,oleos,IPCA - Oleos e gorduras,3.5373,214.16666666666666,129.8777777777778,104.71111111111112,49.422222222222224,27.444444444444443,103.96666666666665,123.63333333333334,162.23333333333332,162.20000000000002,74.0,2017,3
201704,oleos,IPCA - Oleos e gorduras,1.3018,196.46666666666667,214.16666666666666,129.8777777777778,104.71111111111112,20.055555555555557,104.43333333333334,103.96666666666665,123.63333333333334,162.23333333333332,144.63333333333333,2017,4
201705,oleos,IPCA - Oleos e gorduras,-1.0546,233.67777777777778,196.46666666666667,214.16666666666666,129.8777777777778,22.700000000000003,192.83333333333334,104.43333333333334,103.96666666666665,123.63333333333334,85.86666666666667,2017,5
201706,oleos,IPCA - Oleos e gorduras,-2.918,157.9888888888889,233.67777777777778,196.46666666666667,214.16666666666666,49.422222222222224,153.06666666666666,192.83333333333334,104.43333333333334,103.96666666666665,162.20000000000002,2017,6
201707,oleos,IPCA - Oleos e gorduras,1.0809,184.63333333333333,157.9888888888889,233.67777777777778,196.46666666666667,104.71111111111112,18.566666666666666,153.06666666666666,192.83333333333334,104.43333333333334,162.23333333333332,2017,7
201708,oleos,IPCA - Oleos e gorduras,-6.1511,64.1888888888889,184.63333333333333,157.9888888888889,233.67777777777778,129.8777777777778,76.36666666666666,18.566666666666666,153.06666666666666,192.83333333333334,123.63333333333334,2017,8
201709,oleos,IPCA - Oleos e gorduras,-3.6356,68.48888888888888,64.1888888888889,184.63333333333333,157.9888888888889,214.16666666666666,103.06666666666666,76.36666666666666,18.566666666666666,153.06666666666666,103.96666666666665,2017,9
201710,oleos,IPCA - Oleos e gorduras,0.3674,45.68888888888889,68.48888888888888,64.1888888888889,184.63333333333333,196.46666666666667,167.36666666666667,103.06666666666666,76.36666666666666,18.566666666666666,104.43333333333334,2017,10
201711,oleos,IPCA - Oleos e gorduras,0.9597,37.52222222222222,45.68888888888889,68.48888888888888,64.1888888888889,233.67777777777778,118.0,167.36666666666667,103.06666666666666,76.36666666666666,192.83333333333334,2017,11
201712,oleos,IPCA - Oleos e gorduras,0.9049,67.25555555555555,37.52222222222222,45.68888888888889,68.48888888888888,157.9888888888889,140.16666666666666,118.0,167.36666666666667,103.06666666666666,153.06666666666666,2017,12
201801,oleos,IPCA - Oleos e gorduras,8.8472,120.67777777777776,67.25555555555555,37.52222222222222,45.68888888888889,184.63333333333333,171.9666666666667,140.16666666666666,118.0,167.36666666666667,18.566666666666666,2018,1
201802,oleos,IPCA - Oleos e gorduras,-3.1957,213.72222222222223,120.67777777777776,67.25555555555555,37.52222222222222,64.1888888888889,98.46666666666665,171.9666666666667,140.16666666666666,118.0,76.36666666666666,2018,2
201803,oleos,IPCA - Oleos e gorduras,-1.6334,170.17777777777778,213.72222222222223,120.67777777777776,67.25555555555555,68.48888888888888,154.70000000000002,98.46666666666665,171.9666666666667,140.16666666666666,103.06666666666666,2018,3
201804,oleos,IPCA - Oleos e gorduras,-1.6285,249.4888888888889,170.17777777777778,213.72222222222223,120.67777777777776,45.68888888888889,32.833333333333336,154.70000000000002,98.46666666666665,171.9666666666667,167.36666666666667,2018,4
201805,oleos,IPCA - Oleos e gorduras,1.0395,155.58888888888887,249.4888888888889,170.17777777777778,213.72222222222223,37.52222222222222,49.56666666666666,32.833333333333336,154.70000000000002,98.46666666666665,118.0,2018,5
201806,oleos,IPCA - Oleos e gorduras,2.9105,90.58888888888889,155.58888888888887,249.4888888888889,170.17777777777778,67.25555555555555,88.36666666666667,49.56666666666666,32.833333333333336,154.70000000000002,140.16666666666666,2018,6
201807,oleos,IPCA - Oleos e gorduras,-2.8538,106.25555555555555,90.58888888888889,155.58888888888887,249.4888888888889,120.67777777777776,93.59999999999998,88.36666666666667,49.56666666666666,32.833333333333336,171.9666666666667,2018,7
201808,oleos,IPCA - Oleos e gorduras,-1.6066,50.08888888888889,106.25555555555555,90.58888888888889,155.58888888888887,213.72222222222223,84.60000000000001,93.59999999999998,88.36666666666667,49.56666666666666,98.46666666666665,2018,8
201809,oleos,IPCA - Oleos e gorduras,-1.5822,36.96666666666667,50.08888888888889,106.25555555555555,90.58888888888889,170.17777777777778,141.70000000000002,84.60000000000001,93.59999999999998,88.36666666666667,154.70000000000002,2018,9
201810,oleos,IPCA - Oleos e gorduras,-0.1211,34.644444444444446,36.96666666666667,50.08888888888889,106.25555555555555,249.4888888888889,145.29999999999998,141.70000000000002,84.60000000000001,93.59999999999998,32.833333333333336,2018,10
201811,oleos,IPCA - Oleos e gorduras,0.7002,80.63333333333334,34.644444444444446,36.96666666666667,50.08888888888889,155.58888888888887,101.36666666666667,145.29999999999998,141.70000000000002,84.60000000000001,49.56666666666666,2018,11
201812,oleos,IPCA - Oleos e gorduras,2.7663,103.41111111111111,80.63333333333334,34.644444444444446,36.96666666666667,90.58888888888889,90.76666666666667,101.36666666666667,145.29999999999998,141.70000000000002,88.36666666666667,2018,12
201901,oleos,IPCA - Oleos e gorduras,3.0551,135.39999999999998,103.41111111111111,80.63333333333334,34.644444444444446,106.25555555555555,124.2,90.76666666666667,101.36666666666667,145.29999999999998,93.59999999999998,2019,1
201902,oleos,IPCA - Oleos e gorduras,6.7504,189.37777777777777,135.39999999999998,103.41111111111111,80.63333333333334,50.08888888888889,146.53333333333333,124.2,90.76666666666667,101.36666666666667,84.60000000000001,2019,2
201903,oleos,IPCA - Oleos e gorduras,6.2384,299.18888888888887,189.37777777777777,135.39999999999998,103.41111111111111,36.96666666666667,105.73333333333333,146.53333333333333,124.2,90.76666666666667,141.70000000000002,2019,3
201904,oleos,IPCA - Oleos e gorduras,2.7794,275.8111111111111,299.18888888888887,189.37777777777777,135.39999999999998,34.644444444444446,117.26666666666667,105.73333333333333,146.53333333333333,124.2,145.29999999999998,2019,4
201905,oleos,IPCA - Oleos e gorduras,-0.9827,131.56666666666666,275.8111111111111,299.18888888888887,189.37777777777777,80.63333333333334,203.9333333333333,117.26666666666667,105.73333333333333,146.53333333333333,101.36666666666667,2019,5
201906,oleos,IPCA - Oleos e gorduras,-2.1745,176.89999999999998,131.56666666666666,275.8111111111111,299.18888888888887,103.41111111111111,63.133333333333326,203.9333333333333,117.26666666666667,105.73333333333333,90.76666666666667,2019,6
201907,oleos,IPCA - Oleos e gorduras,-4.0202,135.17777777777778,176.89999999999998,131.56666666666666,275.8111111111111,135.39999999999998,68.43333333333334,63.133333333333326,203.9333333333333,117.26666666666667,124.2,2019,7
201908,oleos,IPCA - Oleos e gorduras,-7.037,62.42222222222222,135.17777777777778,176.89999999999998,131.56666666666666,189.37777777777777,40.56666666666667,68.43333333333334,63.133333333333326,203.9333333333333,146.53333333333333,2019,8
201909,oleos,IPCA - Oleos e gorduras,-0.5276,50.488888888888894,62.42222222222222,135.17777777777778,176.89999999999998,299.18888888888887,109.93333333333334,40.56666666666667,68.43333333333334,63.133333333333326,105.73333333333333,2019,9
201910,oleos,IPCA - Oleos e gorduras,-3.0263,44.77777777777778,50.488888888888894,62.42222222222222,135.17777777777778,275.8111111111111,129.29999999999998,109.93333333333334,40.56666666666667,68.43333333333334,117.26666666666667,2019,10
201911,oleos,IPCA - Oleos e gorduras,1.752,38.3,44.77777777777778,50.488888888888894,62.42222222222222,131.56666666666666,121.39999999999999,129.29999999999998,109.93333333333334,40.56666666666667,203.9333333333333,2019,11
201912,oleos,IPCA - Oleos e gorduras,10.3107,49.666666666666664,38.3,44.77777777777778,50.488888888888894,176.89999999999998,66.56666666666666,121.39999999999999,129.29999999999998,109.93333333333334,63.133333333333326,2019,12
202001,oleos,IPCA - Oleos e gorduras,1.4332,150.94444444444446,49.666666666666664,38.3,44.77777777777778,135.17777777777778,166.70000000000002,66.56666666666666,121.39999999999999,129.29999999999998,68.43333333333334,2020,1
202002,oleos,IPCA - Oleos e gorduras,4.2696,185.1222222222222,150.94444444444446,49.666666666666664,38.3,62.42222222222222,114.56666666666666,166.70000000000002,66.56666666666666,121.39999999999999,40.56666666666667,2020,2
202003,oleos,IPCA - Oleos e gorduras,4.9571,282.65555555555557,185.1222222222222,150.94444444444446,49.666666666666664,50.488888888888894,49.73333333333333,114.56666666666666,166.70000000000002,66.56666666666666,109.93333333333334,2020,3
202004,oleos,IPCA - Oleos e gorduras,0.5352,220.44444444444446,282.65555555555557,185.1222222222222,150.94444444444446,44.77777777777778,33.699999999999996,49.73333333333333,114.56666666666666,166.70000000000002,129.29999999999998,2020,4
202005,oleos,IPCA - Oleos e gorduras,0.3012,219.42222222222222,220.44444444444446,282.65555555555557,185.1222222222222,38.3,86.33333333333333,33.699999999999996,49.73333333333333,114.56666666666666,121.39999999999999,2020,5
202006,oleos,IPCA - Oleos e gorduras,3.0007,128.60000000000002,219.42222222222222,220.44444444444446,282.65555555555557,49.666666666666664,157.53333333333333,86.33333333333333,33.699999999999996,49.73333333333333,66.56666666666666,2020,6
202007,oleos,IPCA - Oleos e gorduras,-2.6669,106.63333333333334,128.60000000000002,219.42222222222222,220.44444444444446,150.94444444444446,114.7,157.53333333333333,86.33333333333333,33.699999999999996,166.70000000000002,2020,7
202008,oleos,IPCA - Oleos e gorduras,-2.5983,49.37777777777777,106.63333333333334,128.60000000000002,219.42222222222222,185.1222222222222,94.13333333333333,114.7,157.53333333333333,86.33333333333333,114.56666666666666,2020,8
202009,oleos,IPCA - Oleos e gorduras,0.677,41.099999999999994,49.37777777777777,106.63333333333334,128.60000000000002,282.65555555555557,101.76666666666667,94.13333333333333,114.7,157.53333333333333,49.73333333333333,2020,9
202010,oleos,IPCA - Oleos e gorduras,3.4217,31.400000000000002,41.099999999999994,49.37777777777777,106.63333333333334,220.44444444444446,99.16666666666667,101.76666666666667,94.13333333333333,114.7,33.699999999999996,2020,10
202011,oleos,IPCA - Oleos e gorduras,4.2747,92.12222222222222,31.400000000000002,41.099999999999994,49.37777777777777,219.42222222222222,125.2,99.16666666666667,101.76666666666667,94.13333333333333,86.33333333333333,2020,11
202012,oleos,IPCA - Oleos e gorduras,0.7378,48.955555555555556,92.12222222222222,31.400000000000002,41.099999999999994,128.60000000000002,178.76666666666665,125.2,99.16666666666667,101.76666666666667,157.53333333333333,2020,12
202101,oleos,IPCA - Oleos e gorduras,-0.9372,74.37777777777778,48.955555555555556,92.12222222222222,31.400000000000002,106.63333333333334,212.10000000000002,178.76666666666665,125.2,99.16666666666667,114.7,2021,1
202102,oleos,IPCA - Oleos e gorduras,2.1871,113.0,74.37777777777778,48.955555555555556,92.12222222222222,49.37777777777777,123.59999999999998,212.10000000000002,178.76666666666665,125.2,94.13333333333333,2021,2
202103,oleos,IPCA - Oleos e gorduras,2.8271,169.05555555555554,113.0,74.37777777777778,48.955555555555556,41.099999999999994,162.46666666666667,123.59999999999998,212.10000000000002,178.76666666666665,101.76666666666667,2021,3
202104,oleos,IPCA - Oleos e gorduras,0.1403,145.58888888888887,169.05555555555554,113.0,74.37777777777778,31.400000000000002,47.800000000000004,162.46666666666667,123.59999999999998,212.10000000000002,99.16666666666667,2021,4
202105,oleos,IPCA - Oleos e gorduras,4.9077,145.33333333333334,145.58888888888887,169.05555555555554,113.0,92.12222222222222,101.66666666666667,47.800000000000004,162.46666666666667,123.59999999999998,125.2,2021,5
202106,oleos,IPCA - Oleos e gorduras,-0.299,96.92222222222222,145.33333333333334,145.58888888888887,169.05555555555554,48.955555555555556,161.83333333333334,101.66666666666667,47.800000000000004,162.46666666666667,178.76666666666665,2021,6
202107,oleos,IPCA - Oleos e gorduras,1.2615,105.27777777777777,96.92222222222222,145.33333333333334,145.58888888888887,74.37777777777778,32.36666666666667,161.83333333333334,101.66666666666667,47.800000000000004,212.10000000000002,2021,7
202108,oleos,IPCA - Oleos e gorduras,0.3021,83.4,105.27777777777777,96.92222222222222,145.33333333333334,113.0,87.06666666666666,32.36666666666667,161.83333333333334,101.66666666666667,123.59999999999998,2021,8
202109,oleos,IPCA - Oleos e gorduras,-2.9033,59.25555555555555,83.4,105.27777777777777,96.92222222222222,169.05555555555554,119.16666666666667,87.06666666666666,32.36666666666667,161.83333333333334,162.46666666666667,2021,9
202110,oleos,IPCA - Oleos e gorduras,2.3049,62.599999999999994,59.25555555555555,83.4,105.27777777777777,145.58888888888887,155.5,119.16666666666667,87.06666666666666,32.36666666666667,47.800000000000004,2021,10
202111,oleos,IPCA - Oleos e gorduras,3.2537,79.43333333333334,62.599999999999994,59.25555555555555,83.4,145.33333333333334,84.93333333333334,155.5,119.16666666666667,87.06666666666666,101.66666666666667,2021,11
202112,oleos,IPCA - Oleos e gorduras,1.6236,113.62222222222222,79.43333333333334,62.599999999999994,59.25555555555555,96.92222222222222,79.73333333333333,84.93333333333334,155.5,119.16666666666667,161.83333333333334,2021,12
202201,oleos,IPCA - Oleos e gorduras,4.0639,192.2111111111111,113.62222222222222,79.43333333333334,62.599999999999994,105.27777777777777,130.4,79.73333333333333,84.93333333333334,155.5,32.36666666666667,2022,1
202202,oleos,IPCA - Oleos e gorduras,1.1142,101.64444444444445,192.2111111111111,113.62222222222222,79.43333333333334,83.4,94.23333333333333,130.4,79.73333333333333,84.93333333333334,87.06666666666666,2022,2
202203,oleos,IPCA - Oleos e gorduras,3.2538,311.3333333333333,101.64444444444445,192.2111111111111,113.62222222222222,59.25555555555555,169.36666666666667,94.23333333333333,130.4,79.73333333333333,119.16666666666667,2022,3
202204,oleos,IPCA - Oleos e gorduras,3.4832,198.86666666666667,311.3333333333333,101.64444444444445,192.2111111111111,62.599999999999994,91.5,169.36666666666667,94.23333333333333,130.4,155.5,2022,4
202205,oleos,IPCA - Oleos e gorduras,-1.5033,269.43333333333334,198.86666666666667,311.3333333333333,101.64444444444445,79.43333333333334,184.63333333333333,91.5,169.36666666666667,94.23333333333333,84.93333333333334,2022,5
202206,oleos,IPCA - Oleos e gorduras,4.3263,184.41111111111113,269.43333333333334,198.86666666666667,311.3333333333333,113.62222222222222,113.63333333333333,184.63333333333333,91.5,169.36666666666667,79.73333333333333,2022,6
202207,oleos,IPCA - Oleos e gorduras,-3.9572,150.73333333333335,184.41111111111113,269.43333333333334,198.86666666666667,192.2111111111111,64.46666666666665,113.63333333333333,184.63333333333333,91.5,130.4,2022,7
202208,oleos,IPCA - Oleos e gorduras,-1.1641,102.24444444444445,150.73333333333335,184.41111111111113,269.43333333333334,101.64444444444445,157.46666666666667,64.46666666666665,113.63333333333333,184.63333333333333,94.23333333333333,2022,8
202209,oleos,IPCA - Oleos e gorduras,0.136,52.63333333333333,102.24444444444445,150.73333333333335,184.41111111111113,311.3333333333333,138.46666666666667,157.46666666666667,64.46666666666665,113.63333333333333,169.36666666666667,2022,9
202210,oleos,IPCA - Oleos e gorduras,-1.398,54.36666666666666,52.63333333333333,102.24444444444445,150.73333333333335,198.86666666666667,143.70000000000002,138.46666666666667,157.46666666666667,64.46666666666665,91.5,2022,10
202211,oleos,IPCA - Oleos e gorduras,-1.1249,121.92222222222222,54.36666666666666,52.63333333333333,102.24444444444445,269.43333333333334,133.20000000000002,143.70000000000002,138.46666666666667,157.46666666666667,184.63333333333333,2022,11
202212,oleos,IPCA - Oleos e gorduras,3.0708,88.66666666666667,121.92222222222222,54.36666666666666,52.63333333333333,184.41111111111113,192.66666666666666,133.20000000000002,143.70000000000002,138.46666666666667,113.63333333333333,2022,12
202301,oleos,IPCA - Oleos e gorduras,6.4686,110.65555555555555,88.66666666666667,121.92222222222222,54.36666666666666,150.73333333333335,125.86666666666667,192.66666666666666,133.20000000000002,143.70000000000002,64.46666666666665,2023,1
202302,oleos,IPCA - Oleos e gorduras,0.6413,132.60000000000002,110.65555555555555,88.66666666666667,121.92222222222222,102.24444444444445,170.3,125.86666666666667,192.66666666666666,133.20000000000002,157.46666666666667,2023,2
202303,oleos,IPCA - Oleos e gorduras,-1.7759,228.94444444444446,132.60000000000002,110.65555555555555,88.66666666666667,52.63333333333333,112.56666666666666,170.3,125.86666666666667,192.66666666666666,138.46666666666667,2023,3
202304,oleos,IPCA - Oleos e gorduras,-1.478,165.0111111111111,228.94444444444446,132.60000000000002,110.65555555555555,54.36666666666666,66.66666666666667,112.56666666666666,170.3,125.86666666666667,143.70000000000002,2023,4
202305,oleos,IPCA - Oleos e gorduras,-0.6238,138.42222222222222,165.0111111111111,228.94444444444446,132.60000000000002,121.92222222222222,53.666666666666664,66.66666666666667,112.56666666666666,170.3,133.20000000000002,2023,5
202306,oleos,IPCA - Oleos e gorduras,5.0003,181.11111111111111,138.42222222222222,165.0111111111111,228.94444444444446,88.66666666666667,137.9333333333333,53.666666666666664,66.66666666666667,112.56666666666666,192.66666666666666,2023,6
202307,oleos,IPCA - Oleos e gorduras,-2.9465,80.5,181.11111111111111,138.42222222222222,165.0111111111111,110.65555555555555,131.06666666666666,137.9333333333333,53.666666666666664,66.66666666666667,125.86666666666667,2023,7
202308,oleos,IPCA - Oleos e gorduras,-5.2897,68.1,80.5,181.11111111111111,138.42222222222222,132.60000000000002,102.03333333333335,131.06666666666666,137.9333333333333,53.666666666666664,170.3,2023,8
202309,oleos,IPCA - Oleos e gorduras,3.0645,54.36666666666667,68.1,80.5,181.11111111111111,228.94444444444446,219.83333333333334,102.03333333333335,131.06666666666666,137.9333333333333,112.56666666666666,2023,9
202310,oleos,IPCA - Oleos e gorduras,-2.8164,35.52222222222222,54.36666666666667,68.1,80.5,165.0111111111111,285.56666666666666,219.83333333333334,102.03333333333335,131.06666666666666,66.66666666666667,2023,10
202311,oleos,IPCA - Oleos e gorduras,-2.5459,38.955555555555556,35.52222222222222,54.36666666666667,68.1,138.42222222222222,218.26666666666665,285.56666666666666,219.83333333333334,102.03333333333335,53.666666666666664,2023,11
202312,oleos,IPCA - Oleos e gorduras,-1.9813,86.76666666666668,38.955555555555556,35.52222222222222,54.36666666666667,181.11111111111111,77.53333333333333,218.26666666666665,285.56666666666666,219.83333333333334,137.9333333333333,2023,12
202401,oleos,IPCA - Oleos e gorduras,3.5338,96.24444444444444,86.76666666666668,38.955555555555556,35.52222222222222,80.5,167.79999999999998,77.53333333333333,218.26666666666665,285.56666666666666,131.06666666666666,2024,1
202402,oleos,IPCA - Oleos e gorduras,0.6253,214.94444444444446,96.24444444444444,86.76666666666668,38.955555555555556,68.1,127.0,167.79999999999998,77.53333333333333,218.26666666666665,102.03333333333335,2024,2
202403,oleos,IPCA - Oleos e gorduras,4.4916,230.7111111111111,214.94444444444446,96.24444444444444,86.76666666666668,54.36666666666667,112.09999999999998,127.0,167.79999999999998,77.53333333333333,219.83333333333334,2024,3
202404,oleos,IPCA - Oleos e gorduras,4.4439,224.9888888888889,230.7111111111111,214.94444444444446,96.24444444444444,35.52222222222222,196.1,112.09999999999998,127.0,167.79999999999998,285.56666666666666,2024,4
202405,oleos,IPCA - Oleos e gorduras,1.2448,158.76666666666668,224.9888888888889,230.7111111111111,214.94444444444446,38.955555555555556,231.10000000000002,196.1,112.09999999999998,127.0,218.26666666666665,2024,5
202406,oleos,IPCA - Oleos e gorduras,-6.3756,144.7,158.76666666666668,224.9888888888889,230.7111111111111,86.76666666666668,91.16666666666667,231.10000000000002,196.1,112.09999999999998,77.53333333333333,2024,6
202407,oleos,IPCA - Oleos e gorduras,-4.0331,86.37777777777778,144.7,158.76666666666668,224.9888888888889,96.24444444444444,140.20000000000002,91.16666666666667,231.10000000000002,196.1,167.79999999999998,2024,7
202408,oleos,IPCA - Oleos e gorduras,-3.3802,51.21111111111111,86.37777777777778,144.7,158.76666666666668,214.94444444444446,58.73333333333333,140.20000000000002,91.16666666666667,231.10000000000002,127.0,2024,8
202409,oleos,IPCA - Oleos e gorduras,-0.3023,37.900000000000006,51.21111111111111,86.37777777777778,144.7,230.7111111111111,123.13333333333333,58.73333333333333,140.20000000000002,91.16666666666667,112.09999999999998,2024,9
202410,oleos,IPCA - Oleos e gorduras,4.0126,27.299999999999997,37.900000000000006,51.21111111111111,86.37777777777778,224.9888888888889,118.80000000000001,123.13333333333333,58.73333333333333,140.20000000000002,196.1,2024,10
202411,oleos,IPCA - Oleos e gorduras,3.004,45.86666666666667,27.299999999999997,37.900000000000006,51.21111111111111,158.76666666666668,132.0,118.80000000000001,123.13333333333333,58.73333333333333,231.10000000000002,2024,11
202412,oleos,IPCA - Oleos e gorduras,4.0065,57.98888888888889,45.86666666666667,27.299999999999997,37.900000000000006,144.7,208.5666666666667,132.0,118.80000000000001,123.13333333333333,91.16666666666667,2024,12
202501,oleos,IPCA - Oleos e gorduras,2.7198,167.38888888888889,57.98888888888889,45.86666666666667,27.299999999999997,86.37777777777778,137.29999999999998,208.5666666666667,132.0,118.80000000000001,140.20000000000002,2025,1
202502,oleos,IPCA - Oleos e gorduras,2.2819,162.24444444444444,167.38888888888889,57.98888888888889,45.86666666666667,51.21111111111111,102.53333333333335,137.29999999999998,208.5666666666667,132.0,58.73333333333333,2025,2
202503,oleos,IPCA - Oleos e gorduras,-1.8672,170.27777777777777,162.24444444444444,167.38888888888889,57.98888888888889,37.900000000000006,82.63333333333334,102.53333333333335,137.29999999999998,208.5666666666667,123.13333333333333,2025,3
202504,oleos,IPCA - Oleos e gorduras,3.2256,109.91111111111111,170.27777777777777,162.24444444444444,167.38888888888889,27.299999999999997,111.73333333333333,82.63333333333334,102.53333333333335,137.29999999999998,118.80000000000001,2025,4
202505,oleos,IPCA - Oleos e gorduras,-1.8265,201.83333333333334,109.91111111111111,170.27777777777777,162.24444444444444,45.86666666666667,97.96666666666665,111.73333333333333,82.63333333333334,102.53333333333335,132.0,2025,5
202506,oleos,IPCA - Oleos e gorduras,-1.2481,170.4111111111111,201.83333333333334,109.91111111111111,170.27777777777777,57.98888888888889,148.36666666666667,97.96666666666665,111.73333333333333,82.63333333333334,208.5666666666667,2025,6
201501,panificados,IPCA - Panificados,7.262,41.24444444444444,,,,,217.70000000000002,,,,,2015,1
201502,panificados,IPCA - Panificados,0.5939,125.17777777777776,41.24444444444444,,,,232.4,217.70000000000002,,,,2015,2
201503,panificados,IPCA - Panificados,-1.0599,172.58888888888887,125.17777777777776,41.24444444444444,,,140.6,232.4,217.70000000000002,,,2015,3
201504,panificados,IPCA - Panificados,1.7248,118.8777777777778,172.58888888888887,125.17777777777776,41.24444444444444,,49.43333333333334,140.6,232.4,217.70000000000002,,2015,4
201505,panificados,IPCA - Panificados,3.4162,137.45555555555555,118.8777777777778,172.58888888888887,125.17777777777776,,135.20000000000002,49.43333333333334,140.6,232.4,,2015,5
201506,panificados,IPCA - Panificados,-2.8685,124.38888888888889,137.45555555555555,118.8777777777778,172.58888888888887,,129.5,135.20000000000002,49.43333333333334,140.6,,2015,6
201507,panificados,IPCA - Panificados,-1.2986,113.15555555555557,124.38888888888889,137.45555555555555,118.8777777777778,41.24444444444444,184.46666666666667,129.5,135.20000000000002,49.43333333333334,217.70000000000002,2015,7
201508,panificados,IPCA - Panificados,-3.4597,40.81111111111111,113.15555555555557,124.38888888888889,137.45555555555555,125.17777777777776,57.699999999999996,184.46666666666667,129.5,135.20000000000002,232.4,2015,8
201509,panificados,IPCA - Panificados,-1.2782,20.744444444444444,40.81111111111111,113.15555555555557,124.38888888888889,172.58888888888887,168.9,57.699999999999996,184.46666666666667,129.5,140.6,2015,9
201510,panificados,IPCA - Panificados,2.0989,15.566666666666666,20.744444444444444,40.81111111111111,113.15555555555557,118.8777777777778,202.73333333333335,168.9,57.699999999999996,184.46666666666667,49.43333333333334,2015,10
201511,panificados,IPCA - Panificados,9.2246,6.322222222222222,15.566666666666666,20.744444444444444,40.81111111111111,137.45555555555555,172.83333333333334,202.73333333333335,168.9,57.699999999999996,135.20000000000002,2015,11
201512,panificados,IPCA - Panificados,4.1592,44.97777777777778,6.322222222222222,15.566666666666666,20.744444444444444,124.38888888888889,244.4,172.83333333333334,202.73333333333335,168.9,129.5,2015,12
201601,panificados,IPCA - Panificados,14.9721,162.77777777777777,44.97777777777778,6.322222222222222,15.566666666666666,113.15555555555557,114.76666666666667,244.4,172.83333333333334,202.73333333333335,184.46666666666667,2016,1
201602,panificados,IPCA - Panificados,-2.8931,103.48888888888888,162.77777777777777,44.97777777777778,6.322222222222222,40.81111111111111,192.86666666666665,114.76666666666667,244.4,172.83333333333334,57.699999999999996,2016,2
201603,panificados,IPCA - Panificados,1.3791,136.75555555555556,103.48888888888888,162.77777777777777,44.97777777777778,20.744444444444444,181.1,192.86666666666665,114.76666666666667,244.4,168.9,2016,3
201604,panificados,IPCA - Panificados,-3.8359,123.32222222222224,136.75555555555556,103.48888888888888,162.77777777777777,15.566666666666666,112.03333333333335,181.1,192.86666666666665,114.76666666666667,202.73333333333335,2016,4
201605,panificados,IPCA - Panificados,3.2548,136.92222222222222,123.32222222222224,136.75555555555556,103.48888888888888,6.322222222222222,106.56666666666666,112.03333333333335,181.1,192.86666666666665,172.83333333333334,2016,5
201606,panificados,IPCA - Panificados,1.5399,78.44444444444444,136.92222222222222,123.32222222222224,136.75555555555556,44.97777777777778,64.93333333333334,106.56666666666666,112.03333333333335,181.1,244.4,2016,6
201607,panificados,IPCA - Panificados,-0.2319,45.25555555555556,78.44444444444444,136.92222222222222,123.32222222222224,162.77777777777777,69.5,64.93333333333334,106.56666666666666,112.03333333333335,114.76666666666667,2016,7
201608,panificados,IPCA - Panificados,0.8785,30.577777777777776,45.25555555555556,78.44444444444444,136.92222222222222,103.48888888888888,140.46666666666667,69.5,64.93333333333334,106.56666666666666,192.86666666666665,2016,8
201609,panificados,IPCA - Panificados,2.371,27.444444444444443,30.577777777777776,45.25555555555556,78.44444444444444,136.75555555555556,74.0,140.46666666666667,69.5,64.93333333333334,181.1,2016,9
201610,panificados,IPCA - Panificados,-5.4417,20.055555555555557,27.444444444444443,30.577777777777776,45.25555555555556,123.32222222222224,144.63333333333333,74.0,140.46666666666667,69.5,112.03333333333335,2016,10
201611,panificados,IPCA - Panificados,-0.0389,22.700000000000003,20.055555555555557,27.444444444444443,30.577777777777776,136.92222222222222,85.86666666666667,144.63333333333333,74.0,140.46666666666667,106.56666666666666,2016,11
201612,panificados,IPCA - Panificados,-1.1381,49.422222222222224,22.700000000000003,20.055555555555557,27.444444444444443,78.44444444444444,162.20000000000002,85.86666666666667,144.63333333333333,74.0,64.93333333333334,2016,12
201701,panificados,IPCA - Panificados,0.2177,104.71111111111112,49.422222222222224,22.700000000000003,20.055555555555557,45.25555555555556,162.23333333333332,162.20000000000002,85.86666666666667,144.63333333333333,69.5,2017,1
201702,panificados,IPCA - Panificados,-3.712,129.8777777777778,104.71111111111112,49.422222222222224,22.700000000000003,30.577777777777776,123.63333333333334,162.23333333333332,162.20000000000002,85.86666666666667,140.46666666666667,2017,2
201703,panificados,IPCA - Panificados,-0.2881,214.16666666666666,129.8777777777778,104.71111111111112,49.422222222222224,27.444444444444443,103.96666666666665,123.63333333333334,162.23333333333332,162.20000000000002,74.0,2017,3
201704,panificados,IPCA - Panificados,2.884,196.46666666666667,214.16666666666666,129.8777777777778,104.71111111111112,20.055555555555557,104.43333333333334,103.96666666666665,123.63333333333334,162.23333333333332,144.63333333333333,2017,4
201705,panificados,IPCA - Panificados,-1.1325,233.67777777777778,196.46666666666667,214.16666666666666,129.8777777777778,22.700000000000003,192.83333333333334,104.43333333333334,103.96666666666665,123.63333333333334,85.86666666666667,2017,5
201706,panificados,IPCA - Panificados,-4.1772,157.9888888888889,233.67777777777778,196.46666666666667,214.16666666666666,49.422222222222224,153.06666666666666,192.83333333333334,104.43333333333334,103.96666666666665,162.20000000000002,2017,6
201707,panificados,IPCA - Panificados,0.1284,184.63333333333333,157.9888888888889,233.67777777777778,196.46666666666667,104.71111111111112,18.566666666666666,153.06666666666666,192.83333333333334,104.43333333333334,162.23333333333332,2017,7
201708,panificados,IPCA - Panificados,-2.1855,64.1888888888889,184.63333333333333,157.9888888888889,233.67777777777778,129.8777777777778,76.36666666666666,18.566666666666666,153.06666666666666,192.83333333333334,123.63333333333334,2017,8
201709,panificados,IPCA - Panificados,-3.407,68.48888888888888,64.1888888888889,184.63333333333333,157.9888888888889,214.16666666666666,103.06666666666666,76.36666666666666,18.566666666666666,153.06666666666666,103.96666666666665,2017,9
201710,panificados,IPCA - Panificados,1.5012,45.68888888888889,68.48888888888888,64.1888888888889,184.63333333333333,196.46666666666667,167.36666666666667,103.06666666666666,76.36666666666666,18.566666666666666,104.43333333333334,2017,10
201711,panificados,IPCA - Panificados,-2.1246,37.52222222222222,45.68888888888889,68.48888888888888,64.1888888888889,233.67777777777778,118.0,167.36666666666667,103.06666666666666,76.36666666666666,192.83333333333334,2017,11
201712,panificados,IPCA - Panificados,-0.1971,67.25555555555555,37.52222222222222,45.68888888888889,68.48888888888888,157.9888888888889,140.16666666666666,118.0,167.36666666666667,103.06666666666666,153.06666666666666,2017,12
201801,panificados,IPCA - Panificados,9.6716,120.67777777777776,67.25555555555555,37.52222222222222,45.68888888888889,184.63333333333333,171.9666666666667,140.16666666666666,118.0,167.36666666666667,18.566666666666666,2018,1
201802,panificados,IPCA - Panificados,-1.8776,213.72222222222223,120.67777777777776,67.25555555555555,37.52222222222222,64.1888888888889,98.46666666666665,171.9666666666667,140.16666666666666,118.0,76.36666666666666,2018,2
201803,panificados,IPCA - Panificados,-0.9983,170.17777777777778,213.72222222222223,120.67777777777776,67.25555555555555,68.48888888888888,154.70000000000002,98.46666666666665,171.9666666666667,140.16666666666666,103.06666666666666,2018,3
201804,panificados,IPCA - Panificados,-0.566,249.4888888888889,170.17777777777778,213.72222222222223,120.67777777777776,45.68888888888889,32.833333333333336,154.70000000000002,98.46666666666665,171.9666666666667,167.36666666666667,2018,4
201805,panificados,IPCA - Panificados,0.5816,155.58888888888887,249.4888888888889,170.17777777777778,213.72222222222223,37.52222222222222,49.56666666666666,32.833333333333336,154.70000000000002,98.46666666666665,118.0,2018,5
201806,panificados,IPCA - Panificados,2.0685,90.58888888888889,155.58888888888887,249.4888888888889,170.17777777777778,67.25555555555555,88.36666666666667,49.56666666666666,32.833333333333336,154.70000000000002,140.16666666666666,2018,6
201807,panificados,IPCA - Panificados,-5.4913,106.25555555555555,90.58888888888889,155.58888888888887,249.4888888888889,120.67777777777776,93.59999999999998,88.36666666666667,49.56666666666666,32.833333333333336,171.9666666666667,2018,7
201808,panificados,IPCA - Panificados,-1.2092,50.08888888888889,106.25555555555555,90.58888888888889,155.58888888888887,213.72222222222223,84.60000000000001,93.59999999999998,88.36666666666667,49.56666666666666,98.46666666666665,2018,8
201809,panificados,IPCA - Panificados,1.1721,36.96666666666667,50.08888888888889,106.25555555555555,90.58888888888889,170.17777777777778,141.70000000000002,84.60000000000001,93.59999999999998,88.36666666666667,154.70000000000002,2018,9
201810,panificados,IPCA - Panificados,4.7239,34.644444444444446,36.96666666666667,50.08888888888889,106.25555555555555,249.4888888888889,145.29999999999998,141.70000000000002,84.60000000000001,93.59999999999998,32.833333333333336,2018,10
201811,panificados,IPCA - Panificados,5.4458,80.63333333333334,34.644444444444446,36.96666666666667,50.08888888888889,155.58888888888887,101.36666666666667,145.29999999999998,141.70000000000002,84.60000000000001,49.56666666666666,2018,11
201812,panificados,IPCA - Panificados,1.1629,103.41111111111111,80.63333333333334,34.644444444444446,36.96666666666667,90.58888888888889,90.76666666666667,101.36666666666667,145.29999999999998,141.70000000000002,88.36666666666667,2018,12
201901,panificados,IPCA - Panificados,-2.0031,135.39999999999998,103.41111111111111,80.63333333333334,34.644444444444446,106.25555555555555,124.2,90.76666666666667,101.36666666666667,145.29999999999998,93.59999999999998,2019,1
201902,panificados,IPCA - Panificados,0.103,189.37777777777777,135.39999999999998,103.41111111111111,80.63333333333334,50.08888888888889,146.53333333333333,124.2,90.76666666666667,101.36666666666667,84.60000000000001,2019,2
201903,panificados,IPCA - Panificados,11.0867,299.18888888888887,189.37777777777777,135.39999999999998,103.41111111111111,36.96666666666667,105.73333333333333,146.53333333333333,124.2,90.76666666666667,141.70000000000002,2019,3
201904,panificados,IPCA - Panificados,2.5435,275.8111111111111,299.18888888888887,189.37777777777777,135.39999999999998,34.644444444444446,117.26666666666667,105.73333333333333,146.53333333333333,124.2,145.29999999999998,2019,4
201905,panificados,IPCA - Panificados,0.0575,131.56666666666666,275.8111111111111,299.18888888888887,189.37777777777777,80.63333333333334,203.9333333333333,117.26666666666667,105.73333333333333,146.53333333333333,101.36666666666667,2019,5
201906,panificados,IPCA - Panificados,-6.6489,176.89999999999998,131.56666666666666,275.8111111111111,299.18888888888887,103.41111111111111,63.133333333333326,203.9333333333333,117.26666666666667,105.73333333333333,90.76666666666667,2019,6
201907,panificados,IPCA - Panificados,-1.2376,135.17777777777778,176.89999999999998,131.56666666666666,275.8111111111111,135.39999999999998,68.43333333333334,63.133333333333326,203.9333333333333,117.26666666666667,124.2,2019,7
201908,panificados,IPCA - Panificados,-3.5213,62.42222222222222,135.17777777777778,176.89999999999998,131.56666666666666,189.37777777777777,40.56666666666667,68.43333333333334,63.133333333333326,203.9333333333333,146.53333333333333,2019,8
201909,panificados,IPCA - Panificados,-3.1007,50.488888888888894,62.42222222222222,135.17777777777778,176.89999999999998,299.18888888888887,109.93333333333334,40.56666666666667,68.43333333333334,63.133333333333326,105.73333333333333,2019,9
201910,panificados,IPCA - Panificados,5.2142,44.77777777777778,50.488888888888894,62.42222222222222,135.17777777777778,275.8111111111111,129.29999999999998,109.93333333333334,40.56666666666667,68.43333333333334,117.26666666666667,2019,10
201912,panificados,IPCA - Panificados,7.239,49.666666666666664,38.3,44.77777777777778,50.488888888888894,176.89999999999998,66.56666666666666,121.39999999999999,129.29999999999998,109.93333333333334,63.133333333333326,2019,12
202001,panificados,IPCA - Panificados,1.9561,150.94444444444446,49.666666666666664,38.3,44.77777777777778,135.17777777777778,166.70000000000002,66.56666666666666,121.39999999999999,129.29999999999998,68.43333333333334,2020,1
202002,panificados,IPCA - Panificados,-0.2877,185.1222222222222,150.94444444444446,49.666666666666664,38.3,62.42222222222222,114.56666666666666,166.70000000000002,66.56666666666666,121.39999999999999,40.56666666666667,2020,2
202003,panificados,IPCA - Panificados,0.4919,282.65555555555557,185.1222222222222,150.94444444444446,49.666666666666664,50.488888888888894,49.73333333333333,114.56666666666666,166.70000000000002,66.56666666666666,109.93333333333334,2020,3
202004,panificados,IPCA - Panificados,-2.681,220.44444444444446,282.65555555555557,185.1222222222222,150.94444444444446,44.77777777777778,33.699999999999996,49.73333333333333,114.56666666666666,166.70000000000002,129.29999999999998,2020,4
202005,panificados,IPCA - Panificados,-6.3841,219.42222222222222,220.44444444444446,282.65555555555557,185.1222222222222,38.3,86.33333333333333,33.699999999999996,49.73333333333333,114.56666666666666,121.39999999999999,2020,5
202006,panificados,IPCA - Panificados,2.122,128.60000000000002,219.42222222222222,220.44444444444446,282.65555555555557,49.666666666666664,157.53333333333333,86.33333333333333,33.699999999999996,49.73333333333333,66.56666666666666,2020,6
202007,panificados,IPCA - Panificados,-0.1088,106.63333333333334,128.60000000000002,219.42222222222222,220.44444444444446,150.94444444444446,114.7,157.53333333333333,86.33333333333333,33.699999999999996,166.70000000000002,2020,7
202008,panificados,IPCA - Panificados,-1.4846,49.37777777777777,106.63333333333334,128.60000000000002,219.42222222222222,185.1222222222222,94.13333333333333,114.7,157.53333333333333,86.33333333333333,114.56666666666666,2020,8
202009,panificados,IPCA - Panificados,0.5595,41.099999999999994,49.37777777777777,106.63333333333334,128.60000000000002,282.65555555555557,101.76666666666667,94.13333333333333,114.7,157.53333333333333,49.73333333333333,2020,9
202010,panificados,IPCA - Panificados,10.0323,31.400000000000002,41.099999999999994,49.37777777777777,106.63333333333334,220.44444444444446,99.16666666666667,101.76666666666667,94.13333333333333,114.7,33.699999999999996,2020,10
202011,panificados,IPCA - Panificados,16.7509,92.12222222222222,31.400000000000002,41.099999999999994,49.37777777777777,219.42222222222222,125.2,99.16666666666667,101.76666666666667,94.13333333333333,86.33333333333333,2020,11
202012,panificados,IPCA - Panificados,3.3494,48.955555555555556,92.12222222222222,31.400000000000002,41.099999999999994,128.60000000000002,178.76666666666665,125.2,99.16666666666667,101.76666666666667,157.53333333333333,2020,12
202101,panificados,IPCA - Panificados,3.8001,74.37777777777778,48.955555555555556,92.12222222222222,31.400000000000002,106.63333333333334,212.10000000000002,178.76666666666665,125.2,99.16666666666667,114.7,2021,1
202102,panificados,IPCA - Panificados,-3.7229,113.0,74.37777777777778,48.955555555555556,92.12222222222222,49.37777777777777,123.59999999999998,212.10000000000002,178.76666666666665,125.2,94.13333333333333,2021,2
202103,panificados,IPCA - Panificados,-1.8058,169.05555555555554,113.0,74.37777777777778,48.955555555555556,41.099999999999994,162.46666666666667,123.59999999999998,212.10000000000002,178.76666666666665,101.76666666666667,2021,3
202104,panificados,IPCA - Panificados,1.1313,145.58888888888887,169.05555555555554,113.0,74.37777777777778,31.400000000000002,47.800000000000004,162.46666666666667,123.59999999999998,212.10000000000002,99.16666666666667,2021,4
202105,panificados,IPCA - Panificados,0.1549,145.33333333333334,145.58888888888887,169.05555555555554,113.0,92.12222222222222,101.66666666666667,47.800000000000004,162.46666666666667,123.59999999999998,125.2,2021,5
202106,panificados,IPCA - Panificados,-0.5525,96.92222222222222,145.33333333333334,145.58888888888887,169.05555555555554,48.955555555555556,161.83333333333334,101.66666666666667,47.800000000000004,162.46666666666667,178.76666666666665,2021,6
202107,panificados,IPCA - Panificados,-0.4513,105.27777777777777,96.92222222222222,145.33333333333334,145.58888888888887,74.37777777777778,32.36666666666667,161.83333333333334,101.66666666666667,47.800000000000004,212.10000000000002,2021,7
202108,panificados,IPCA - Panificados,2.1018,83.4,105.27777777777777,96.92222222222222,145.33333333333334,113.0,87.06666666666666,32.36666666666667,161.83333333333334,101.66666666666667,123.59999999999998,2021,8
202109,panificados,IPCA - Panificados,3.8783,59.25555555555555,83.4,105.27777777777777,96.92222222222222,169.05555555555554,119.16666666666667,87.06666666666666,32.36666666666667,161.83333333333334,162.46666666666667,2021,9
202110,panificados,IPCA - Panificados,4.2807,62.599999999999994,59.25555555555555,83.4,105.27777777777777,145.58888888888887,155.5,119.16666666666667,87.06666666666666,32.36666666666667,47.800000000000004,2021,10
202111,panificados,IPCA - Panificados,-1.8848,79.43333333333334,62.599999999999994,59.25555555555555,83.4,145.33333333333334,84.93333333333334,155.5,119.16666666666667,87.06666666666666,101.66666666666667,2021,11
202112,panificados,IPCA - Panificados,-1.6441,113.62222222222222,79.43333333333334,62.599999999999994,59.25555555555555,96.92222222222222,79.73333333333333,84.93333333333334,155.5,119.16666666666667,161.83333333333334,2021,12
202201,panificados,IPCA - Panificados,6.3598,192.2111111111111,113.62222222222222,79.43333333333334,62.599999999999994,105.27777777777777,130.4,79.73333333333333,84.93333333333334,155.5,32.36666666666667,2022,1
202202,panificados,IPCA - Panificados,1.496,101.64444444444445,192.2111111111111,113.62222222222222,79.43333333333334,83.4,94.23333333333333,130.4,79.73333333333333,84.93333333333334,87.06666666666666,2022,2
202203,panificados,IPCA - Panificados,5.018,311.3333333333333,101.64444444444445,192.2111111111111,113.62222222222222,59.25555555555555,169.36666666666667,94.23333333333333,130.4,79.73333333333333,119.16666666666667,2022,3
202204,panificados,IPCA - Panificados,5.2366,198.86666666666667,311.3333333333333,101.64444444444445,192.2111111111111,62.599999999999994,91.5,169.36666666666667,94.23333333333333,130.4,155.5,2022,4
202205,panificados,IPCA - Panificados,-6.0967,269.43333333333334,198.86666666666667,311.3333333333333,101.64444444444445,79.43333333333334,184.63333333333333,91.5,169.36666666666667,94.23333333333333,84.93333333333334,2022,5
202206,panificados,IPCA - Panificados,0.2901,184.41111111111113,269.43333333333334,198.86666666666667,311.3333333333333,113.62222222222222,113.63333333333333,184.63333333333333,91.5,169.36666666666667,79.73333333333333,2022,6
202207,panificados,IPCA - Panificados,0.7976,150.73333333333335,184.41111111111113,269.43333333333334,198.86666666666667,192.2111111111111,64.46666666666665,113.63333333333333,184.63333333333333,91.5,130.4,2022,7
202208,panificados,IPCA - Panificados,-2.0769,102.24444444444445,150.73333333333335,184.41111111111113,269.43333333333334,101.64444444444445,157.46666666666667,64.46666666666665,113.63333333333333,184.63333333333333,94.23333333333333,2022,8
202209,panificados,IPCA - Panificados,-0.3047,52.63333333333333,102.24444444444445,150.73333333333335,184.41111111111113,311.3333333333333,138.46666666666667,157.46666666666667,64.46666666666665,113.63333333333333,169.36666666666667,2022,9
202210,panificados,IPCA - Panificados,1.7287,54.36666666666666,52.63333333333333,102.24444444444445,150.73333333333335,198.86666666666667,143.70000000000002,138.46666666666667,157.46666666666667,64.46666666666665,91.5,2022,10
202211,panificados,IPCA - Panificados,1.8753,121.92222222222222,54.36666666666666,52.63333333333333,102.24444444444445,269.43333333333334,133.20000000000002,143.70000000000002,138.46666666666667,157.46666666666667,184.63333333333333,2022,11
202212,panificados,IPCA - Panificados,2.328,88.66666666666667,121.92222222222222,54.36666666666666,52.63333333333333,184.41111111111113,192.66666666666666,133.20000000000002,143.70000000000002,138.46666666666667,113.63333333333333,2022,12
202301,panificados,IPCA - Panificados,0.1304,110.65555555555555,88.66666666666667,121.92222222222222,54.36666666666666,150.73333333333335,125.86666666666667,192.66666666666666,133.20000000000002,143.70000000000002,64.46666666666665,2023,1
202302,panificados,IPCA - Panificados,-1.369,132.60000000000002,110.65555555555555,88.66666666666667,121.92222222222222,102.24444444444445,170.3,125.86666666666667,192.66666666666666,133.20000000000002,157.46666666666667,2023,2
202303,panificados,IPCA - Panificados,-3.6708,228.94444444444446,132.60000000000002,110.65555555555555,88.66666666666667,52.63333333333333,112.56666666666666,170.3,125.86666666666667,192.66666666666666,138.46666666666667,2023,3
202304,panificados,IPCA - Panificados,3.4284,165.0111111111111,228.94444444444446,132.60000000000002,110.65555555555555,54.36666666666666,66.66666666666667,112.56666666666666,170.3,125.86666666666667,143.70000000000002,2023,4
202305,panificados,IPCA - Panificados,-1.9049,138.42222222222222,165.0111111111111,228.94444444444446,132.60000000000002,121.92222222222222,53.666666666666664,66.66666666666667,112.56666666666666,170.3,133.20000000000002,2023,5
202306,panificados,IPCA - Panificados,-2.2888,181.11111111111111,138.42222222222222,165.0111111111111,228.94444444444446,88.66666666666667,137.9333333333333,53.666666666666664,66.66666666666667,112.56666666666666,192.66666666666666,2023,6
202307,panificados,IPCA - Panificados,0.0364,80.5,181.11111111111111,138.42222222222222,165.0111111111111,110.65555555555555,131.06666666666666,137.9333333333333,53.666666666666664,66.66666666666667,125.86666666666667,2023,7
202308,panificados,IPCA - Panificados,0.3491,68.1,80.5,181.11111111111111,138.42222222222222,132.60000000000002,102.03333333333335,131.06666666666666,137.9333333333333,53.666666666666664,170.3,2023,8
202309,panificados,IPCA - Panificados,-4.0262,54.36666666666667,68.1,80.5,181.11111111111111,228.94444444444446,219.83333333333334,102.03333333333335,131.06666666666666,137.9333333333333,112.56666666666666,2023,9
202310,panificados,IPCA - Panificados,-2.1806,35.52222222222222,54.36666666666667,68.1,80.5,165.0111111111111,285.56666666666666,219.83333333333334,102.03333333333335,131.06666666666666,66.66666666666667,2023,10
202311,panificados,IPCA - Panificados,3.0598,38.955555555555556,35.52222222222222,54.36666666666667,68.1,138.42222222222222,218.26666666666665,285.56666666666666,219.83333333333334,102.03333333333335,53.666666666666664,2023,11
202312,panificados,IPCA - Panificados,4.6676,86.76666666666668,38.955555555555556,35.52222222222222,54.36666666666667,181.11111111111111,77.53333333333333,218.26666666666665,285.56666666666666,219.83333333333334,137.9333333333333,2023,12
202401,panificados,IPCA - Panificados,6.2656,96.24444444444444,86.76666666666668,38.955555555555556,35.52222222222222,80.5,167.79999999999998,77.53333333333333,218.26666666666665,285.56666666666666,131.06666666666666,2024,1
202402,panificados,IPCA - Panificados,-0.0822,214.94444444444446,96.24444444444444,86.76666666666668,38.955555555555556,68.1,127.0,167.79999999999998,77.53333333333333,218.26666666666665,102.03333333333335,2024,2
202403,panificados,IPCA - Panificados,0.7777,230.7111111111111,214.94444444444446,96.24444444444444,86.76666666666668,54.36666666666667,112.09999999999998,127.0,167.79999999999998,77.53333333333333,219.83333333333334,2024,3
202404,panificados,IPCA - Panificados,-2.6388,224.9888888888889,230.7111111111111,214.94444444444446,96.24444444444444,35.52222222222222,196.1,112.09999999999998,127.0,167.79999999999998,285.56666666666666,2024,4
202405,panificados,IPCA - Panificados,1.294,158.76666666666668,224.9888888888889,230.7111111111111,214.94444444444446,38.955555555555556,231.10000000000002,196.1,112.09999999999998,127.0,218.26666666666665,2024,5
202406,panificados,IPCA - Panificados,0.2116,144.7,158.76666666666668,224.9888888888889,230.7111111111111,86.76666666666668,91.16666666666667,231.10000000000002,196.1,112.09999999999998,77.53333333333333,2024,6
202407,panificados,IPCA - Panificados,-6.0385,86.37777777777778,144.7,158.76666666666668,224.9888888888889,96.24444444444444,140.20000000000002,91.16666666666667,231.10000000000002,196.1,167.79999999999998,2024,7
202408,panificados,IPCA - Panificados,-3.0491,51.21111111111111,86.37777777777778,144.7,158.76666666666668,214.94444444444446,58.73333333333333,140.20000000000002,91.16666666666667,231.10000000000002,127.0,2024,8
202409,panificados,IPCA - Panificados,1.392,37.900000000000006,51.21111111111111,86.37777777777778,144.7,230.7111111111111,123.13333333333333,58.73333333333333,140.20000000000002,91.16666666666667,112.09999999999998,2024,9
202410,panificados,IPCA - Panificados,4.1816,27.299999999999997,37.900000000000006,51.21111111111111,86.37777777777778,224.9888888888889,118.80000000000001,123.13333333333333,58.73333333333333,140.20000000000002,196.1,2024,10
202411,panificados,IPCA - Panificados,4.3879,45.86666666666667,27.299999999999997,37.900000000000006,51.21111111111111,158.76666666666668,132.0,118.80000000000001,123.13333333333333,58.73333333333333,231.10000000000002,2024,11
202412,panificados,IPCA - Panificados,0.1266,57.98888888888889,45.86666666666667,27.299999999999997,37.900000000000006,144.7,208.5666666666667,132.0,118.80000000000001,123.13333333333333,91.16666666666667,2024,12
202501,panificados,IPCA - Panificados,1.7277,167.38888888888889,57.98888888888889,45.86666666666667,27.299999999999997,86.37777777777778,137.29999999999998,208.5666666666667,132.0,118.80000000000001,140.20000000000002,2025,1
202502,panificados,IPCA - Panificados,2.152,162.24444444444444,167.38888888888889,57.98888888888889,45.86666666666667,51.21111111111111,102.53333333333335,137.29999999999998,208.5666666666667,132.0,58.73333333333333,2025,2
202503,panificados,IPCA - Panificados,1.3402,170.27777777777777,162.24444444444444,167.38888888888889,57.98888888888889,37.900000000000006,82.63333333333334,102.53333333333335,137.29999999999998,208.5666666666667,123.13333333333333,2025,3
202504,panificados,IPCA - Panificados,-0.8701,109.91111111111111,170.27777777777777,162.24444444444444,167.38888888888889,27.299999999999997,111.73333333333333,82.63333333333334,102.53333333333335,137.29999999999998,118.80000000000001,2025,4
202505,panificados,IPCA - Panificados,-0.1946,201.83333333333334,109.91111111111111,170.27777777777777,162.24444444444444,45.86666666666667,97.96666666666665,111.73333333333333,82.63333333333334,102.53333333333335,132.0,2025,5
202506,panificados,IPCA - Panificados,-0.1266,170.4111111111111,201.83333333333334,109.91111111111111,170.27777777777777,57.98888888888889,148.36666666666667,97.96666666666665,111.73333333333333,82.63333333333334,208.5666666666667,2025,6
201501,tuberculos,"IPCA - Tuberculos, raizes e legumes",2.1354,41.24444444444444,,,,,217.70000000000002,,,,,2015,1
201502,tuberculos,"IPCA - Tuberculos, raizes e legumes",-0.244,125.17777777777776,41.24444444444444,,,,232.4,217.70000000000002,,,,2015,2
201503,tuberculos,"IPCA - Tuberculos, raizes e legumes",-0.4503,172.58888888888887,125.17777777777776,41.24444444444444,,,140.6,232.4,217.70000000000002,,,2015,3
201504,tuberculos,"IPCA - Tuberculos, raizes e legumes",2.8425,118.8777777777778,172.58888888888887,125.17777777777776,41.24444444444444,,49.43333333333334,140.6,232.4,217.70000000000002,,2015,4
201505,tuberculos,"IPCA - Tuberculos, raizes e legumes",7.0509,137.45555555555555,118.8777777777778,172.58888888888887,125.17777777777776,,135.20000000000002,49.43333333333334,140.6,232.4,,2015,5
201506,tuberculos,"IPCA - Tuberculos, raizes e legumes",-2.0772,124.38888888888889,137.45555555555555,118.8777777777778,172.58888888888887,,129.5,135.20000000000002,49.43333333333334,140.6,,2015,6
201507,tuberculos,"IPCA - Tuberculos, raizes e legumes",-2.4372,113.15555555555557,124.38888888888889,137.45555555555555,118.8777777777778,41.24444444444444,184.46666666666667,129.5,135.20000000000002,49.43333333333334,217.70000000000002,2015,7
201508,tuberculos,"IPCA - Tuberculos, raizes e legumes",-1.0353,40.81111111111111,113.15555555555557,124.38888888888889,137.45555555555555,125.17777777777776,57.699999999999996,184.46666666666667,129.5,135.20000000000002,232.4,2015,8
201509,tuberculos,"IPCA - Tuberculos, raizes e legumes",2.7656,20.744444444444444,40.81111111111111,113.15555555555557,124.38888888888889,172.58888888888887,168.9,57.699999999999996,184.46666666666667,129.5,140.6,2015,9
201510,tuberculos,"IPCA - Tuberculos, raizes e legumes",-1.2138,15.566666666666666,20.744444444444444,40.81111111111111,113.15555555555557,118.8777777777778,202.73333333333335,168.9,57.699999999999996,184.46666666666667,49.43333333333334,2015,10
201511,tuberculos,"IPCA - Tuberculos, raizes e legumes",3.5408,6.322222222222222,15.566666666666666,20.744444444444444,40.81111111111111,137.45555555555555,172.83333333333334,202.73333333333335,168.9,57.699999999999996,135.20000000000002,2015,11
201512,tuberculos,"IPCA - Tuberculos, raizes e legumes",5.6833,44.97777777777778,6.322222222222222,15.566666666666666,20.744444444444444,124.38888888888889,244.4,172.83333333333334,202.73333333333335,168.9,129.5,2015,12
201601,tuberculos,"IPCA - Tuberculos, raizes e legumes",5.5829,162.77777777777777,44.97777777777778,6.322222222222222,15.566666666666666,113.15555555555557,114.76666666666667,244.4,172.83333333333334,202.73333333333335,184.46666666666667,2016,1
201602,tuberculos,"IPCA - Tuberculos, raizes e legumes",-1.498,103.48888888888888,162.77777777777777,44.97777777777778,6.322222222222222,40.81111111111111,192.86666666666665,114.76666666666667,244.4,172.83333333333334,57.699999999999996,2016,2
201603,tuberculos,"IPCA - Tuberculos, raizes e legumes",2.4078,136.75555555555556,103.48888888888888,162.77777777777777,44.97777777777778,20.744444444444444,181.1,192.86666666666665,114.76666666666667,244.4,168.9,2016,3
201604,tuberculos,"IPCA - Tuberculos, raizes e legumes",-0.5668,123.32222222222224,136.75555555555556,103.48888888888888,162.77777777777777,15.566666666666666,112.03333333333335,181.1,192.86666666666665,114.76666666666667,202.73333333333335,2016,4
201605,tuberculos,"IPCA - Tuberculos, raizes e legumes",-4.0884,136.92222222222222,123.32222222222224,136.75555555555556,103.48888888888888,6.322222222222222,106.56666666666666,112.03333333333335,181.1,192.86666666666665,172.83333333333334,2016,5
201606,tuberculos,"IPCA - Tuberculos, raizes e legumes",10.13,78.44444444444444,136.92222222222222,123.32222222222224,136.75555555555556,44.97777777777778,64.93333333333334,106.56666666666666,112.03333333333335,181.1,244.4,2016,6
201607,tuberculos,"IPCA - Tuberculos, raizes e legumes",-4.3455,45.25555555555556,78.44444444444444,136.92222222222222,123.32222222222224,162.77777777777777,69.5,64.93333333333334,106.56666666666666,112.03333333333335,114.76666666666667,2016,7
201608,tuberculos,"IPCA - Tuberculos, raizes e legumes",3.1595,30.577777777777776,45.25555555555556,78.44444444444444,136.92222222222222,103.48888888888888,140.46666666666667,69.5,64.93333333333334,106.56666666666666,192.86666666666665,2016,8
201609,tuberculos,"IPCA - Tuberculos, raizes e legumes",-1.7633,27.444444444444443,30.577777777777776,45.25555555555556,78.44444444444444,136.75555555555556,74.0,140.46666666666667,69.5,64.93333333333334,181.1,2016,9
201610,tuberculos,"IPCA - Tuberculos, raizes e legumes",5.8501,20.055555555555557,27.444444444444443,30.577777777777776,45.25555555555556,123.32222222222224,144.63333333333333,74.0,140.46666666666667,69.5,112.03333333333335,2016,10
201611,tuberculos,"IPCA - Tuberculos, raizes e legumes",-1.9082,22.700000000000003,20.055555555555557,27.444444444444443,30.577777777777776,136.92222222222222,85.86666666666667,144.63333333333333,74.0,140.46666666666667,106.56666666666666,2016,11
201612,tuberculos,"IPCA - Tuberculos, raizes e legumes",-2.6702,49.422222222222224,22.700000000000003,20.055555555555557,27.444444444444443,78.44444444444444,162.20000000000002,85.86666666666667,144.63333333333333,74.0,64.93333333333334,2016,12
201701,tuberculos,"IPCA - Tuberculos, raizes e legumes",-2.6179,104.71111111111112,49.422222222222224,22.700000000000003,20.055555555555557,45.25555555555556,162.23333333333332,162.20000000000002,85.86666666666667,144.63333333333333,69.5,2017,1
201702,tuberculos,"IPCA - Tuberculos, raizes e legumes",-1.7605,129.8777777777778,104.71111111111112,49.422222222222224,22.700000000000003,30.577777777777776,123.63333333333334,162.23333333333332,162.20000000000002,85.86666666666667,140.46666666666667,2017,2
201703,tuberculos,"IPCA - Tuberculos, raizes e legumes",-0.1013,214.16666666666666,129.8777777777778,104.71111111111112,49.422222222222224,27.444444444444443,103.96666666666665,123.63333333333334,162.23333333333332,162.20000000000002,74.0,2017,3
201704,tuberculos,"IPCA - Tuberculos, raizes e legumes",4.5746,196.46666666666667,214.16666666666666,129.8777777777778,104.71111111111112,20.055555555555557,104.43333333333334,103.96666666666665,123.63333333333334,162.23333333333332,144.63333333333333,2017,4
201705,tuberculos,"IPCA - Tuberculos, raizes e legumes",-1.5478,233.67777777777778,196.46666666666667,214.16666666666666,129.8777777777778,22.700000000000003,192.83333333333334,104.43333333333334,103.96666666666665,123.63333333333334,85.86666666666667,2017,5
201706,tuberculos,"IPCA - Tuberculos, raizes e legumes",-3.1622,157.9888888888889,233.67777777777778,196.46666666666667,214.16666666666666,49.422222222222224,153.06666666666666,192.83333333333334,104.43333333333334,103.96666666666665,162.20000000000002,2017,6
201707,tuberculos,"IPCA - Tuberculos, raizes e legumes",1.7276,184.63333333333333,157.9888888888889,233.67777777777778,196.46666666666667,104.71111111111112,18.566666666666666,153.06666666666666,192.83333333333334,104.43333333333334,162.23333333333332,2017,7
201708,tuberculos,"IPCA - Tuberculos, raizes e legumes",-3.085,64.1888888888889,184.63333333333333,157.9888888888889,233.67777777777778,129.8777777777778,76.36666666666666,18.566666666666666,153.06666666666666,192.83333333333334,123.63333333333334,2017,8
201709,tuberculos,"IPCA - Tuberculos, raizes e legumes",-1.6725,68.48888888888888,64.1888888888889,184.63333333333333,157.9888888888889,214.16666666666666,103.06666666666666,76.36666666666666,18.566666666666666,153.06666666666666,103.96666666666665,2017,9
201710,tuberculos,"IPCA - Tuberculos, raizes e legumes",-0.6584,45.68888888888889,68.48888888888888,64.1888888888889,184.63333333333333,196.46666666666667,167.36666666666667,103.06666666666666,76.36666666666666,18.566666666666666,104.43333333333334,2017,10
201711,tuberculos,"IPCA - Tuberculos, raizes e legumes",-0.3386,37.52222222222222,45.68888888888889,68.48888888888888,64.1888888888889,233.67777777777778,118.0,167.36666666666667,103.06666666666666,76.36666666666666,192.83333333333334,2017,11
201712,tuberculos,"IPCA - Tuberculos, raizes e legumes",0.8699,67.25555555555555,37.52222222222222,45.68888888888889,68.48888888888888,157.9888888888889,140.16666666666666,118.0,167.36666666666667,103.06666666666666,153.06666666666666,2017,12
201801,tuberculos,"IPCA - Tuberculos, raizes e legumes",2.8451,120.67777777777776,67.25555555555555,37.52222222222222,45.68888888888889,184.63333333333333,171.9666666666667,140.16666666666666,118.0,167.36666666666667,18.566666666666666,2018,1
201802,tuberculos,"IPCA - Tuberculos, raizes e legumes",-1.2706,213.72222222222223,120.67777777777776,67.25555555555555,37.52222222222222,64.1888888888889,98.46666666666665,171.9666666666667,140.16666666666666,118.0,76.36666666666666,2018,2
201803,tuberculos,"IPCA - Tuberculos, raizes e legumes",0.4094,170.17777777777778,213.72222222222223,120.67777777777776,67.25555555555555,68.48888888888888,154.70000000000002,98.46666666666665,171.9666666666667,140.16666666666666,103.06666666666666,2018,3
201804,tuberculos,"IPCA - Tuberculos, raizes e legumes",-0.0141,249.4888888888889,170.17777777777778,213.72222222222223,120.67777777777776,45.68888888888889,32.833333333333336,154.70000000000002,98.46666666666665,171.9666666666667,167.36666666666667,2018,4
201805,tuberculos,"IPCA - Tuberculos, raizes e legumes",3.4893,155.58888888888887,249.4888888888889,170.17777777777778,213.72222222222223,37.52222222222222,49.56666666666666,32.833333333333336,154.70000000000002,98.46666666666665,118.0,2018,5
201806,tuberculos,"IPCA - Tuberculos, raizes e legumes",-3.6955,90.58888888888889,155.58888888888887,249.4888888888889,170.17777777777778,67.25555555555555,88.36666666666667,49.56666666666666,32.833333333333336,154.70000000000002,140.16666666666666,2018,6
201807,tuberculos,"IPCA - Tuberculos, raizes e legumes",-2.3583,106.25555555555555,90.58888888888889,155.58888888888887,249.4888888888889,120.67777777777776,93.59999999999998,88.36666666666667,49.56666666666666,32.833333333333336,171.9666666666667,2018,7
201808,tuberculos,"IPCA - Tuberculos, raizes e legumes",3.8601,50.08888888888889,106.25555555555555,90.58888888888889,155.58888888888887,213.72222222222223,84.60000000000001,93.59999999999998,88.36666666666667,49.56666666666666,98.46666666666665,2018,8
201809,tuberculos,"IPCA - Tuberculos, raizes e legumes",0.9668,36.96666666666667,50.08888888888889,106.25555555555555,90.58888888888889,170.17777777777778,141.70000000000002,84.60000000000001,93.59999999999998,88.36666666666667,154.70000000000002,2018,9
201810,tuberculos,"IPCA - Tuberculos, raizes e legumes",3.417,34.644444444444446,36.96666666666667,50.08888888888889,106.25555555555555,249.4888888888889,145.29999999999998,141.70000000000002,84.60000000000001,93.59999999999998,32.833333333333336,2018,10
201811,tuberculos,"IPCA - Tuberculos, raizes e legumes",1.0037,80.63333333333334,34.644444444444446,36.96666666666667,50.08888888888889,155.58888888888887,101.36666666666667,145.29999999999998,141.70000000000002,84.60000000000001,49.56666666666666,2018,11
201812,tuberculos,"IPCA - Tuberculos, raizes e legumes",0.6485,103.41111111111111,80.63333333333334,34.644444444444446,36.96666666666667,90.58888888888889,90.76666666666667,101.36666666666667,145.29999999999998,141.70000000000002,88.36666666666667,2018,12
201901,tuberculos,"IPCA - Tuberculos, raizes e legumes",-4.4275,135.39999999999998,103.41111111111111,80.63333333333334,34.644444444444446,106.25555555555555,124.2,90.76666666666667,101.36666666666667,145.29999999999998,93.59999999999998,2019,1
201902,tuberculos,"IPCA - Tuberculos, raizes e legumes",0.9919,189.37777777777777,135.39999999999998,103.41111111111111,80.63333333333334,50.08888888888889,146.53333333333333,124.2,90.76666666666667,101.36666666666667,84.60000000000001,2019,2
201903,tuberculos,"IPCA - Tuberculos, raizes e legumes",7.2824,299.18888888888887,189.37777777777777,135.39999999999998,103.41111111111111,36.96666666666667,105.73333333333333,146.53333333333333,124.2,90.76666666666667,141.70000000000002,2019,3
201904,tuberculos,"IPCA - Tuberculos, raizes e legumes",1.736,275.8111111111111,299.18888888888887,189.37777777777777,135.39999999999998,34.644444444444446,117.26666666666667,105.73333333333333,146.53333333333333,124.2,145.29999999999998,2019,4
201905,tuberculos,"IPCA - Tuberculos, raizes e legumes",1.1673,131.56666666666666,275.8111111111111,299.18888888888887,189.37777777777777,80.63333333333334,203.9333333333333,117.26666666666667,105.73333333333333,146.53333333333333,101.36666666666667,2019,5
201906,tuberculos,"IPCA - Tuberculos, raizes e legumes",1.4408,176.89999999999998,131.56666666666666,275.8111111111111,299.18888888888887,103.41111111111111,63.133333333333326,203.9333333333333,117.26666666666667,105.73333333333333,90.76666666666667,2019,6
201907,tuberculos,"IPCA - Tuberculos, raizes e legumes",-2.3759,135.17777777777778,176.89999999999998,131.56666666666666,275.8111111111111,135.39999999999998,68.43333333333334,63.133333333333326,203.9333333333333,117.26666666666667,124.2,2019,7
201908,tuberculos,"IPCA - Tuberculos, raizes e legumes",-3.9238,62.42222222222222,135.17777777777778,176.89999999999998,131.56666666666666,189.37777777777777,40.56666666666667,68.43333333333334,63.133333333333326,203.9333333333333,146.53333333333333,2019,8
201909,tuberculos,"IPCA - Tuberculos, raizes e legumes",-2.0033,50.488888888888894,62.42222222222222,135.17777777777778,176.89999999999998,299.18888888888887,109.93333333333334,40.56666666666667,68.43333333333334,63.133333333333326,105.73333333333333,2019,9
201910,tuberculos,"IPCA - Tuberculos, raizes e legumes",0.7342,44.77777777777778,50.488888888888894,62.42222222222222,135.17777777777778,275.8111111111111,129.29999999999998,109.93333333333334,40.56666666666667,68.43333333333334,117.26666666666667,2019,10
201911,tuberculos,"IPCA - Tuberculos, raizes e legumes",4.4514,38.3,44.77777777777778,50.488888888888894,62.42222222222222,131.56666666666666,121.39999999999999,129.29999999999998,109.93333333333334,40.56666666666667,203.9333333333333,2019,11
201912,tuberculos,"IPCA - Tuberculos, raizes e legumes",6.8981,49.666666666666664,38.3,44.77777777777778,50.488888888888894,176.89999999999998,66.56666666666666,121.39999999999999,129.29999999999998,109.93333333333334,63.133333333333326,2019,12
202001,tuberculos,"IPCA - Tuberculos, raizes e legumes",-4.4108,150.94444444444446,49.666666666666664,38.3,44.77777777777778,135.17777777777778,166.70000000000002,66.56666666666666,121.39999999999999,129.29999999999998,68.43333333333334,2020,1
202002,tuberculos,"IPCA - Tuberculos, raizes e legumes",0.8219,185.1222222222222,150.94444444444446,49.666666666666664,38.3,62.42222222222222,114.56666666666666,166.70000000000002,66.56666666666666,121.39999999999999,40.56666666666667,2020,2
202003,tuberculos,"IPCA - Tuberculos, raizes e legumes",4.8626,282.65555555555557,185.1222222222222,150.94444444444446,49.666666666666664,50.488888888888894,49.73333333333333,114.56666666666666,166.70000000000002,66.56666666666666,109.93333333333334,2020,3
202004,tuberculos,"IPCA - Tuberculos, raizes e legumes",1.2898,220.44444444444446,282.65555555555557,185.1222222222222,150.94444444444446,44.77777777777778,33.699999999999996,49.73333333333333,114.56666666666666,166.70000000000002,129.29999999999998,2020,4
202005,tuberculos,"IPCA - Tuberculos, raizes e legumes",0.0515,219.42222222222222,220.44444444444446,282.65555555555557,185.1222222222222,38.3,86.33333333333333,33.699999999999996,49.73333333333333,114.56666666666666,121.39999999999999,2020,5
202006,tuberculos,"IPCA - Tuberculos, raizes e legumes",-1.3548,128.60000000000002,219.42222222222222,220.44444444444446,282.65555555555557,49.666666666666664,157.53333333333333,86.33333333333333,33.699999999999996,49.73333333333333,66.56666666666666,2020,6
202007,tuberculos,"IPCA - Tuberculos, raizes e legumes",0.9788,106.63333333333334,128.60000000000002,219.42222222222222,220.44444444444446,150.94444444444446,114.7,157.53333333333333,86.33333333333333,33.699999999999996,166.70000000000002,2020,7
202008,tuberculos,"IPCA - Tuberculos, raizes e legumes",1.6072,49.37777777777777,106.63333333333334,128.60000000000002,219.42222222222222,185.1222222222222,94.13333333333333,114.7,157.53333333333333,86.33333333333333,114.56666666666666,2020,8
202009,tuberculos,"IPCA - Tuberculos, raizes e legumes",9.7998,41.099999999999994,49.37777777777777,106.63333333333334,128.60000000000002,282.65555555555557,101.76666666666667,94.13333333333333,114.7,157.53333333333333,49.73333333333333,2020,9
202010,tuberculos,"IPCA - Tuberculos, raizes e legumes",0.4052,31.400000000000002,41.099999999999994,49.37777777777777,106.63333333333334,220.44444444444446,99.16666666666667,101.76666666666667,94.13333333333333,114.7,33.699999999999996,2020,10
202011,tuberculos,"IPCA - Tuberculos, raizes e legumes",5.51,92.12222222222222,31.400000000000002,41.099999999999994,49.37777777777777,219.42222222222222,125.2,99.16666666666667,101.76666666666667,94.13333333333333,86.33333333333333,2020,11
202012,tuberculos,"IPCA - Tuberculos, raizes e legumes",-0.2285,48.955555555555556,92.12222222222222,31.400000000000002,41.099999999999994,128.60000000000002,178.76666666666665,125.2,99.16666666666667,101.76666666666667,157.53333333333333,2020,12
202101,tuberculos,"IPCA - Tuberculos, raizes e legumes",5.8157,74.37777777777778,48.955555555555556,92.12222222222222,31.400000000000002,106.63333333333334,212.10000000000002,178.76666666666665,125.2,99.16666666666667,114.7,2021,1
202102,tuberculos,"IPCA - Tuberculos, raizes e legumes",-1.7747,113.0,74.37777777777778,48.955555555555556,92.12222222222222,49.37777777777777,123.59999999999998,212.10000000000002,178.76666666666665,125.2,94.13333333333333,2021,2
202103,tuberculos,"IPCA - Tuberculos, raizes e legumes",-1.1035,169.05555555555554,113.0,74.37777777777778,48.955555555555556,41.099999999999994,162.46666666666667,123.59999999999998,212.10000000000002,178.76666666666665,101.76666666666667,2021,3
202104,tuberculos,"IPCA - Tuberculos, raizes e legumes",0.2813,145.58888888888887,169.05555555555554,113.0,74.37777777777778,31.400000000000002,47.800000000000004,162.46666666666667,123.59999999999998,212.10000000000002,99.16666666666667,2021,4
202105,tuberculos,"IPCA - Tuberculos, raizes e legumes",0.29,145.33333333333334,145.58888888888887,169.05555555555554,113.0,92.12222222222222,101.66666666666667,47.800000000000004,162.46666666666667,123.59999999999998,125.2,2021,5
202106,tuberculos,"IPCA - Tuberculos, raizes e legumes",1.4158,96.92222222222222,145.33333333333334,145.58888888888887,169.05555555555554,48.955555555555556,161.83333333333334,101.66666666666667,47.800000000000004,162.46666666666667,178.76666666666665,2021,6
202107,tuberculos,"IPCA - Tuberculos, raizes e legumes",1.4023,105.27777777777777,96.92222222222222,145.33333333333334,145.58888888888887,74.37777777777778,32.36666666666667,161.83333333333334,101.66666666666667,47.800000000000004,212.10000000000002,2021,7
202108,tuberculos,"IPCA - Tuberculos, raizes e legumes",0.6983,83.4,105.27777777777777,96.92222222222222,145.33333333333334,113.0,87.06666666666666,32.36666666666667,161.83333333333334,101.66666666666667,123.59999999999998,2021,8
202109,tuberculos,"IPCA - Tuberculos, raizes e legumes",0.5842,59.25555555555555,83.4,105.27777777777777,96.92222222222222,169.05555555555554,119.16666666666667,87.06666666666666,32.36666666666667,161.83333333333334,162.46666666666667,2021,9
202110,tuberculos,"IPCA - Tuberculos, raizes e legumes",5.7087,62.599999999999994,59.25555555555555,83.4,105.27777777777777,145.58888888888887,155.5,119.16666666666667,87.06666666666666,32.36666666666667,47.800000000000004,2021,10
202111,tuberculos,"IPCA - Tuberculos, raizes e legumes",1.4043,79.43333333333334,62.599999999999994,59.25555555555555,83.4,145.33333333333334,84.93333333333334,155.5,119.16666666666667,87.06666666666666,101.66666666666667,2021,11
202112,tuberculos,"IPCA - Tuberculos, raizes e legumes",-2.9513,113.62222222222222,79.43333333333334,62.599999999999994,59.25555555555555,96.92222222222222,79.73333333333333,84.93333333333334,155.5,119.16666666666667,161.83333333333334,2021,12
202201,tuberculos,"IPCA - Tuberculos, raizes e legumes",0.8745,192.2111111111111,113.62222222222222,79.43333333333334,62.599999999999994,105.27777777777777,130.4,79.73333333333333,84.93333333333334,155.5,32.36666666666667,2022,1
202202,tuberculos,"IPCA - Tuberculos, raizes e legumes",1.7208,101.64444444444445,192.2111111111111,113.62222222222222,79.43333333333334,83.4,94.23333333333333,130.4,79.73333333333333,84.93333333333334,87.06666666666666,2022,2
202203,tuberculos,"IPCA - Tuberculos, raizes e legumes",5.3578,311.3333333333333,101.64444444444445,192.2111111111111,113.62222222222222,59.25555555555555,169.36666666666667,94.23333333333333,130.4,79.73333333333333,119.16666666666667,2022,3
202204,tuberculos,"IPCA - Tuberculos, raizes e legumes",5.7051,198.86666666666667,311.3333333333333,101.64444444444445,192.2111111111111,62.599999999999994,91.5,169.36666666666667,94.23333333333333,130.4,155.5,2022,4
202205,tuberculos,"IPCA - Tuberculos, raizes e legumes",-2.0216,269.43333333333334,198.86666666666667,311.3333333333333,101.64444444444445,79.43333333333334,184.63333333333333,91.5,169.36666666666667,94.23333333333333,84.93333333333334,2022,5
202206,tuberculos,"IPCA - Tuberculos, raizes e legumes",-1.5102,184.41111111111113,269.43333333333334,198.86666666666667,311.3333333333333,113.62222222222222,113.63333333333333,184.63333333333333,91.5,169.36666666666667,79.73333333333333,2022,6
202207,tuberculos,"IPCA - Tuberculos, raizes e legumes",-0.8785,150.73333333333335,184.41111111111113,269.43333333333334,198.86666666666667,192.2111111111111,64.46666666666665,113.63333333333333,184.63333333333333,91.5,130.4,2022,7
202208,tuberculos,"IPCA - Tuberculos, raizes e legumes",-0.9977,102.24444444444445,150.73333333333335,184.41111111111113,269.43333333333334,101.64444444444445,157.46666666666667,64.46666666666665,113.63333333333333,184.63333333333333,94.23333333333333,2022,8
202209,tuberculos,"IPCA - Tuberculos, raizes e legumes",0.0456,52.63333333333333,102.24444444444445,150.73333333333335,184.41111111111113,311.3333333333333,138.46666666666667,157.46666666666667,64.46666666666665,113.63333333333333,169.36666666666667,2022,9
202210,tuberculos,"IPCA - Tuberculos, raizes e legumes",0.9738,54.36666666666666,52.63333333333333,102.24444444444445,150.73333333333335,198.86666666666667,143.70000000000002,138.46666666666667,157.46666666666667,64.46666666666665,91.5,2022,10
202211,tuberculos,"IPCA - Tuberculos, raizes e legumes",2.9609,121.92222222222222,54.36666666666666,52.63333333333333,102.24444444444445,269.43333333333334,133.20000000000002,143.70000000000002,138.46666666666667,157.46666666666667,184.63333333333333,2022,11
202212,tuberculos,"IPCA - Tuberculos, raizes e legumes",-0.8955,88.66666666666667,121.92222222222222,54.36666666666666,52.63333333333333,184.41111111111113,192.66666666666666,133.20000000000002,143.70000000000002,138.46666666666667,113.63333333333333,2022,12
202301,tuberculos,"IPCA - Tuberculos, raizes e legumes",-1.1103,110.65555555555555,88.66666666666667,121.92222222222222,54.36666666666666,150.73333333333335,125.86666666666667,192.66666666666666,133.20000000000002,143.70000000000002,64.46666666666665,2023,1
202302,tuberculos,"IPCA - Tuberculos, raizes e legumes",-1.8011,132.60000000000002,110.65555555555555,88.66666666666667,121.92222222222222,102.24444444444445,170.3,125.86666666666667,192.66666666666666,133.20000000000002,157.46666666666667,2023,2
202303,tuberculos,"IPCA - Tuberculos, raizes e legumes",-0.6319,228.94444444444446,132.60000000000002,110.65555555555555,88.66666666666667,52.63333333333333,112.56666666666666,170.3,125.86666666666667,192.66666666666666,138.46666666666667,2023,3
202304,tuberculos,"IPCA - Tuberculos, raizes e legumes",3.6539,165.0111111111111,228.94444444444446,132.60000000000002,110.65555555555555,54.36666666666666,66.66666666666667,112.56666666666666,170.3,125.86666666666667,143.70000000000002,2023,4
202305,tuberculos,"IPCA - Tuberculos, raizes e legumes",-0.5485,138.42222222222222,165.0111111111111,228.94444444444446,132.60000000000002,121.92222222222222,53.666666666666664,66.66666666666667,112.56666666666666,170.3,133.20000000000002,2023,5
202306,tuberculos,"IPCA - Tuberculos, raizes e legumes",0.8378,181.11111111111111,138.42222222222222,165.0111111111111,228.94444444444446,88.66666666666667,137.9333333333333,53.666666666666664,66.66666666666667,112.56666666666666,192.66666666666666,2023,6
202307,tuberculos,"IPCA - Tuberculos, raizes e legumes",-3.2247,80.5,181.11111111111111,138.42222222222222,165.0111111111111,110.65555555555555,131.06666666666666,137.9333333333333,53.666666666666664,66.66666666666667,125.86666666666667,2023,7
202308,tuberculos,"IPCA - Tuberculos, raizes e legumes",-0.3643,68.1,80.5,181.11111111111111,138.42222222222222,132.60000000000002,102.03333333333335,131.06666666666666,137.9333333333333,53.666666666666664,170.3,2023,8
202309,tuberculos,"IPCA - Tuberculos, raizes e legumes",0.4974,54.36666666666667,68.1,80.5,181.11111111111111,228.94444444444446,219.83333333333334,102.03333333333335,131.06666666666666,137.9333333333333,112.56666666666666,2023,9
202310,tuberculos,"IPCA - Tuberculos, raizes e legumes",-1.1864,35.52222222222222,54.36666666666667,68.1,80.5,165.0111111111111,285.56666666666666,219.83333333333334,102.03333333333335,131.06666666666666,66.66666666666667,2023,10
202311,tuberculos,"IPCA - Tuberculos, raizes e legumes",1.1939,38.955555555555556,35.52222222222222,54.36666666666667,68.1,138.42222222222222,218.26666666666665,285.56666666666666,219.83333333333334,102.03333333333335,53.666666666666664,2023,11
202312,tuberculos,"IPCA - Tuberculos, raizes e legumes",1.4594,86.76666666666668,38.955555555555556,35.52222222222222,54.36666666666667,181.11111111111111,77.53333333333333,218.26666666666665,285.56666666666666,219.83333333333334,137.9333333333333,2023,12
202401,tuberculos,"IPCA - Tuberculos, raizes e legumes",5.5122,96.24444444444444,86.76666666666668,38.955555555555556,35.52222222222222,80.5,167.79999999999998,77.53333333333333,218.26666666666665,285.56666666666666,131.06666666666666,2024,1
202402,tuberculos,"IPCA - Tuberculos, raizes e legumes",-2.1179,214.94444444444446,96.24444444444444,86.76666666666668,38.955555555555556,68.1,127.0,167.79999999999998,77.53333333333333,218.26666666666665,102.03333333333335,2024,2
202403,tuberculos,"IPCA - Tuberculos, raizes e legumes",1.0021,230.7111111111111,214.94444444444446,96.24444444444444,86.76666666666668,54.36666666666667,112.09999999999998,127.0,167.79999999999998,77.53333333333333,219.83333333333334,2024,3
202404,tuberculos,"IPCA - Tuberculos, raizes e legumes",-1.2234,224.9888888888889,230.7111111111111,214.94444444444446,96.24444444444444,35.52222222222222,196.1,112.09999999999998,127.0,167.79999999999998,285.56666666666666,2024,4
202405,tuberculos,"IPCA - Tuberculos, raizes e legumes",2.4951,158.76666666666668,224.9888888888889,230.7111111111111,214.94444444444446,38.955555555555556,231.10000000000002,196.1,112.09999999999998,127.0,218.26666666666665,2024,5
202406,tuberculos,"IPCA - Tuberculos, raizes e legumes",1.8763,144.7,158.76666666666668,224.9888888888889,230.7111111111111,86.76666666666668,91.16666666666667,231.10000000000002,196.1,112.09999999999998,77.53333333333333,2024,6
202407,tuberculos,"IPCA - Tuberculos, raizes e legumes",-4.0843,86.37777777777778,144.7,158.76666666666668,224.9888888888889,96.24444444444444,140.20000000000002,91.16666666666667,231.10000000000002,196.1,167.79999999999998,2024,7
202408,tuberculos,"IPCA - Tuberculos, raizes e legumes",-3.3754,51.21111111111111,86.37777777777778,144.7,158.76666666666668,214.94444444444446,58.73333333333333,140.20000000000002,91.16666666666667,231.10000000000002,127.0,2024,8
202409,tuberculos,"IPCA - Tuberculos, raizes e legumes",1.5893,37.900000000000006,51.21111111111111,86.37777777777778,144.7,230.7111111111111,123.13333333333333,58.73333333333333,140.20000000000002,91.16666666666667,112.09999999999998,2024,9
202410,tuberculos,"IPCA - Tuberculos, raizes e legumes",3.7237,27.299999999999997,37.900000000000006,51.21111111111111,86.37777777777778,224.9888888888889,118.80000000000001,123.13333333333333,58.73333333333333,140.20000000000002,196.1,2024,10
202411,tuberculos,"IPCA - Tuberculos, raizes e legumes",0.3363,45.86666666666667,27.299999999999997,37.900000000000006,51.21111111111111,158.76666666666668,132.0,118.80000000000001,123.13333333333333,58.73333333333333,231.10000000000002,2024,11
202412,tuberculos,"IPCA - Tuberculos, raizes e legumes",1.2306,57.98888888888889,45.86666666666667,27.299999999999997,37.900000000000006,144.7,208.5666666666667,132.0,118.80000000000001,123.13333333333333,91.16666666666667,2024,12
202501,tuberculos,"IPCA - Tuberculos, raizes e legumes",-0.0877,167.38888888888889,57.98888888888889,45.86666666666667,27.299999999999997,86.37777777777778,137.29999999999998,208.5666666666667,132.0,118.80000000000001,140.20000000000002,2025,1
202502,tuberculos,"IPCA - Tuberculos, raizes e legumes",-0.1286,162.24444444444444,167.38888888888889,57.98888888888889,45.86666666666667,51.21111111111111,102.53333333333335,137.29999999999998,208.5666666666667,132.0,58.73333333333333,2025,2
202503,tuberculos,"IPCA - Tuberculos, raizes e legumes",2.9974,170.27777777777777,162.24444444444444,167.38888888888889,57.98888888888889,37.900000000000006,82.63333333333334,102.53333333333335,137.29999999999998,208.5666666666667,123.13333333333333,2025,3
202504,tuberculos,"IPCA - Tuberculos, raizes e legumes",3.159,109.91111111111111,170.27777777777777,162.24444444444444,167.38888888888889,27.299999999999997,111.73333333333333,82.63333333333334,102.53333333333335,137.29999999999998,118.80000000000001,2025,4
202505,tuberculos,"IPCA - Tuberculos, raizes e legumes",0.0851,201.83333333333334,109.91111111111111,170.27777777777777,162.24444444444444,45.86666666666667,97.96666666666665,111.73333333333333,82.63333333333334,102.53333333333335,132.0,2025,5
202506,tuberculos,"IPCA - Tuberculos, raizes e legumes",1.0362,170.4111111111111,201.83333333333334,109.91111111111111,170.27777777777777,57.98888888888889,148.36666666666667,97.96666666666665,111.73333333333333,82.63333333333334,208.5666666666667,2025,6
