periodo,ano,mes,id_variavel,variavel,unidade,id_categoria,categoria,valor
201501,2015,1,2265,IPCA - Variacao mensal,%,acucares,IPCA - Acucares e derivados,2.4667
201502,2015,2,2265,IPCA - Variacao mensal,%,acucares,IPCA - Acucares e derivados,2.6872
201503,2015,3,2265,IPCA - Variacao mensal,%,acucares,IPCA - Acucares e derivados,0.7721
201504,2015,4,2265,IPCA - Variacao mensal,%,acucares,IPCA - Acucares e derivados,3.9767
201505,2015,5,2265,IPCA - Variacao mensal,%,acucares,IPCA - Acucares e derivados,1.3004
201506,2015,6,2265,IPCA - Variacao mensal,%,acucares,IPCA - Acucares e derivados,1.8697
201507,2015,7,2265,IPCA - Variacao mensal,%,acucares,IPCA - Acucares e derivados,-0.9532
201508,2015,8,2265,IPCA - Variacao mensal,%,acucares,IPCA - Acucares e derivados,0.2806
201509,2015,9,2265,IPCA - Variacao mensal,%,acucares,IPCA - Acucares e derivados,-2.518
201510,2015,10,2265,IPCA - Variacao mensal,%,acucares,IPCA - Acucares e derivados,-0.4939
201511,2015,11,2265,IPCA - Variacao mensal,%,acucares,IPCA - Acucares e derivados,4.0178
201512,2015,12,2265,IPCA - Variacao mensal,%,acucares,IPCA - Acucares e derivados,2.1506
201601,2016,1,2265,IPCA - Variacao mensal,%,acucares,IPCA - Acucares e derivados,10.3939
201602,2016,2,2265,IPCA - Variacao mensal,%,acucares,IPCA - Acucares e derivados,3.1194
201603,2016,3,2265,IPCA - Variacao mensal,%,acucares,IPCA - Acucares e derivados,-2.4344
201604,2016,4,2265,IPCA - Variacao mensal,%,acucares,IPCA - Acucares e derivados,3.9644
201605,2016,5,2265,IPCA - Variacao mensal,%,acucares,IPCA - Acucares e derivados,-1.2137
201606,2016,6,2265,IPCA - Variacao mensal,%,acucares,IPCA - Acucares e derivados,1.2922
201607,2016,7,2265,IPCA - Variacao mensal,%,acucares,IPCA - Acucares e derivados,5.7859
201608,2016,8,2265,IPCA - Variacao mensal,%,acucares,IPCA - Acucares e derivados,-0.3641
201609,2016,9,2265,IPCA - Variacao mensal,%,acucares,IPCA - Acucares e derivados,0.2825
201610,2016,10,2265,IPCA - Variacao mensal,%,acucares,IPCA - Acucares e derivados,-0.367
201611,2016,11,2265,IPCA - Variacao mensal,%,acucares,IPCA - Acucares e derivados,-3.8521
201612,2016,12,2265,IPCA - Variacao mensal,%,acucares,IPCA - Acucares e derivados,-1.2114
201701,2017,1,2265,IPCA - Variacao mensal,%,acucares,IPCA - Acucares e derivados,0.762
201702,2017,2,2265,IPCA - Variacao mensal,%,acucares,IPCA - Acucares e derivados,-1.1384
201703,2017,3,2265,IPCA - Variacao mensal,%,acucares,IPCA - Acucares e derivados,2.5853
201704,2017,4,2265,IPCA - Variacao mensal,%,acucares,IPCA - Acucares e derivados,2.2289
201705,2017,5,2265,IPCA - Variacao mensal,%,acucares,IPCA - Acucares e derivados,0.3372
201706,2017,6,2265,IPCA - Variacao mensal,%,acucares,IPCA - Acucares e derivados,-3.6555
201707,2017,7,2265,IPCA - Variacao mensal,%,acucares,IPCA - Acucares e derivados,-2.2635
201708,2017,8,2265,IPCA - Variacao mensal,%,acucares,IPCA - Acucares e derivados,-2.8582
201709,2017,9,2265,IPCA - Variacao mensal,%,acucares,IPCA - Acucares e derivados,-4.62
201710,2017,10,2265,IPCA - Variacao mensal,%,acucares,IPCA - Acucares e derivados,-1.3379
201711,2017,11,2265,IPCA - Variacao mensal,%,acucares,IPCA - Acucares e derivados,-1.6587
201712,2017,12,2265,IPCA - Variacao mensal,%,acucares,IPCA - Acucares e derivados,1.422
201801,2018,1,2265,IPCA - Variacao mensal,%,acucares,IPCA - Acucares e derivados,11.9082
201802,2018,2,2265,IPCA - Variacao mensal,%,acucares,IPCA - Acucares e derivados,-3.9619
201803,2018,3,2265,IPCA - Variacao mensal,%,acucares,IPCA - Acucares e derivados,-1.2198
201804,2018,4,2265,IPCA - Variacao mensal,%,acucares,IPCA - Acucares e derivados,-4.0191
201805,2018,5,2265,IPCA - Variacao mensal,%,acucares,IPCA - Acucares e derivados,3.1718
201806,2018,6,2265,IPCA - Variacao mensal,%,acucares,IPCA - Acucares e derivados,0.9757
201807,2018,7,2265,IPCA - Variacao mensal,%,acucares,IPCA - Acucares e derivados,-0.7576
201808,2018,8,2265,IPCA - Variacao mensal,%,acucares,IPCA - Acucares e derivados,-3.3588
201809,2018,9,2265,IPCA - Variacao mensal,%,acucares,IPCA - Acucares e derivados,-1.9375
201810,2018,10,2265,IPCA - Variacao mensal,%,acucares,IPCA - Acucares e derivados,1.5532
201811,2018,11,2265,IPCA - Variacao mensal,%,acucares,IPCA - Acucares e derivados,1.5834
201812,2018,12,2265,IPCA - Variacao mensal,%,acucares,IPCA - Acucares e derivados,1.7148
201901,2019,1,2265,IPCA - Variacao mensal,%,acucares,IPCA - Acucares e derivados,4.5509
201902,2019,2,2265,IPCA - Variacao mensal,%,acucares,IPCA - Acucares e derivados,4.8044
201903,2019,3,2265,IPCA - Variacao mensal,%,acucares,IPCA - Acucares e derivados,5.8478
201904,2019,4,2265,IPCA - Variacao mensal,%,acucares,IPCA - Acucares e derivados,2.9697
201905,2019,5,2265,IPCA - Variacao mensal,%,acucares,IPCA - Acucares e derivados,-2.1103
201906,2019,6,2265,IPCA - Variacao mensal,%,acucares,IPCA - Acucares e derivados,-1.2018
201907,2019,7,2265,IPCA - Variacao mensal,%,acucares,IPCA - Acucares e derivados,-3.2955
201908,2019,8,2265,IPCA - Variacao mensal,%,acucares,IPCA - Acucares e derivados,-4.5957
201909,2019,9,2265,IPCA - Variacao mensal,%,acucares,IPCA - Acucares e derivados,-2.24
201910,2019,10,2265,IPCA - Variacao mensal,%,acucares,IPCA - Acucares e derivados,-2.3441
201911,2019,11,2265,IPCA - Variacao mensal,%,acucares,IPCA - Acucares e derivados,-1.1532
201912,2019,12,2265,IPCA - Variacao mensal,%,acucares,IPCA - Acucares e derivados,7.6108
202001,2020,1,2265,IPCA - Variacao mensal,%,acucares,IPCA - Acucares e derivados,3.8709
202002,2020,2,2265,IPCA - Variacao mensal,%,acucares,IPCA - Acucares e derivados,4.1132
202003,2020,3,2265,IPCA - Variacao mensal,%,acucares,IPCA - Acucares e derivados,2.4927
202004,2020,4,2265,IPCA - Variacao mensal,%,acucares,IPCA - Acucares e derivados,5.7674
202005,2020,5,2265,IPCA - Variacao mensal,%,acucares,IPCA - Acucares e derivados,0.5298
202006,2020,6,2265,IPCA - Variacao mensal,%,acucares,IPCA - Acucares e derivados,-2.2283
202007,2020,7,2265,IPCA - Variacao mensal,%,acucares,IPCA - Acucares e derivados,-2.9481
202008,2020,8,2265,IPCA - Variacao mensal,%,acucares,IPCA - Acucares e derivados,-0.778
202009,2020,9,2265,IPCA - Variacao mensal,%,acucares,IPCA - Acucares e derivados,4.2316
202010,2020,10,2265,IPCA - Variacao mensal,%,acucares,IPCA - Acucares e derivados,4.1501
202011,2020,11,2265,IPCA - Variacao mensal,%,acucares,IPCA - Acucares e derivados,1.0845
202012,2020,12,2265,IPCA - Variacao mensal,%,acucares,IPCA - Acucares e derivados,4.4718
202101,2021,1,2265,IPCA - Variacao mensal,%,acucares,IPCA - Acucares e derivados,-0.6987
202102,2021,2,2265,IPCA - Variacao mensal,%,acucares,IPCA - Acucares e derivados,2.6851
202103,2021,3,2265,IPCA - Variacao mensal,%,acucares,IPCA - Acucares e derivados,-1.2424
202104,2021,4,2265,IPCA - Variacao mensal,%,acucares,IPCA - Acucares e derivados,2.4074
202105,2021,5,2265,IPCA - Variacao mensal,%,acucares,IPCA - Acucares e derivados,0.3245
202106,2021,6,2265,IPCA - Variacao mensal,%,acucares,IPCA - Acucares e derivados,0.8401
202107,2021,7,2265,IPCA - Variacao mensal,%,acucares,IPCA - Acucares e derivados,-0.6979
202108,2021,8,2265,IPCA - Variacao mensal,%,acucares,IPCA - Acucares e derivados,-0.2783
202109,2021,9,2265,IPCA - Variacao mensal,%,acucares,IPCA - Acucares e derivados,-2.9128
202110,2021,10,2265,IPCA - Variacao mensal,%,acucares,IPCA - Acucares e derivados,3.0401
202111,2021,11,2265,IPCA - Variacao mensal,%,acucares,IPCA - Acucares e derivados,3.6223
202112,2021,12,2265,IPCA - Variacao mensal,%,acucares,IPCA - Acucares e derivados,0.3753
202201,2022,1,2265,IPCA - Variacao mensal,%,acucares,IPCA - Acucares e derivados,5.4481
202202,2022,2,2265,IPCA - Variacao mensal,%,acucares,IPCA - Acucares e derivados,1.9827
202203,2022,3,2265,IPCA - Variacao mensal,%,acucares,IPCA - Acucares e derivados,3.3696
202204,2022,4,2265,IPCA - Variacao mensal,%,acucares,IPCA - Acucares e derivados,1.032
202205,2022,5,2265,IPCA - Variacao mensal,%,acucares,IPCA - Acucares e derivados,-1.0511
202206,2022,6,2265,IPCA - Variacao mensal,%,acucares,IPCA - Acucares e derivados,3.3576
202207,2022,7,2265,IPCA - Variacao mensal,%,acucares,IPCA - Acucares e derivados,-2.4031
202208,2022,8,2265,IPCA - Variacao mensal,%,acucares,IPCA - Acucares e derivados,-0.7719
202209,2022,9,2265,IPCA - Variacao mensal,%,acucares,IPCA - Acucares e derivados,-1.0366
202210,2022,10,2265,IPCA - Variacao mensal,%,acucares,IPCA - Acucares e derivados,-0.489
202211,2022,11,2265,IPCA - Variacao mensal,%,acucares,IPCA - Acucares e derivados,-1.276
202212,2022,12,2265,IPCA - Variacao mensal,%,acucares,IPCA - Acucares e derivados,1.7034
202301,2023,1,2265,IPCA - Variacao mensal,%,acucares,IPCA - Acucares e derivados,6.8026
202302,2023,2,2265,IPCA - Variacao mensal,%,acucares,IPCA - Acucares e derivados,0.0067
202303,2023,3,2265,IPCA - Variacao mensal,%,acucares,IPCA - Acucares e derivados,-3.4211
202304,2023,4,2265,IPCA - Variacao mensal,%,acucares,IPCA - Acucares e derivados,1.0094
202305,2023,5,2265,IPCA - Variacao mensal,%,acucares,IPCA - Acucares e derivados,-0.7636
202306,2023,6,2265,IPCA - Variacao mensal,%,acucares,IPCA - Acucares e derivados,4.1208
202307,2023,7,2265,IPCA - Variacao mensal,%,acucares,IPCA - Acucares e derivados,-3.8982
202308,2023,8,2265,IPCA - Variacao mensal,%,acucares,IPCA - Acucares e derivados,-2.7937
202309,2023,9,2265,IPCA - Variacao mensal,%,acucares,IPCA - Acucares e derivados,-0.4371
202310,2023,10,2265,IPCA - Variacao mensal,%,acucares,IPCA - Acucares e derivados,-1.3722
202311,2023,11,2265,IPCA - Variacao mensal,%,acucares,IPCA - Acucares e derivados,-1.1804
202312,2023,12,2265,IPCA - Variacao mensal,%,acucares,IPCA - Acucares e derivados,-1.0997
202401,2024,1,2265,IPCA - Variacao mensal,%,acucares,IPCA - Acucares e derivados,3.2215
202402,2024,2,2265,IPCA - Variacao mensal,%,acucares,IPCA - Acucares e derivados,0.845
202403,2024,3,2265,IPCA - Variacao mensal,%,acucares,IPCA - Acucares e derivados,3.318
202404,2024,4,2265,IPCA - Variacao mensal,%,acucares,IPCA - Acucares e derivados,5.4044
202405,2024,5,2265,IPCA - Variacao mensal,%,acucares,IPCA - Acucares e derivados,0.963
202406,2024,6,2265,IPCA - Variacao mensal,%,acucares,IPCA - Acucares e derivados,-3.7621
202407,2024,7,2265,IPCA - Variacao mensal,%,acucares,IPCA - Acucares e derivados,-4.1753
202408,2024,8,2265,IPCA - Variacao mensal,%,acucares,IPCA - Acucares e derivados,-4.1022
202409,2024,9,2265,IPCA - Variacao mensal,%,acucares,IPCA - Acucares e derivados,0.6285
202410,2024,10,2265,IPCA - Variacao mensal,%,acucares,IPCA - Acucares e derivados,2.5545
202411,2024,11,2265,IPCA - Variacao mensal,%,acucares,IPCA - Acucares e derivados,4.3004
202412,2024,12,2265,IPCA - Variacao mensal,%,acucares,IPCA - Acucares e derivados,2.7233
202501,2025,1,2265,IPCA - Variacao mensal,%,acucares,IPCA - Acucares e derivados,1.9327
202502,2025,2,2265,IPCA - Variacao mensal,%,acucares,IPCA - Acucares e derivados,2.5491
202503,2025,3,2265,IPCA - Variacao mensal,%,acucares,IPCA - Acucares e derivados,-1.1854
202504,2025,4,2265,IPCA - Variacao mensal,%,acucares,IPCA - Acucares e derivados,2.3417
202505,2025,5,2265,IPCA - Variacao mensal,%,acucares,IPCA - Acucares e derivados,-0.7544
202506,2025,6,2265,IPCA - Variacao mensal,%,acucares,IPCA - Acucares e derivados,-0.0895
201501,2015,1,2265,IPCA - Variacao mensal,%,aves_ovos,IPCA - Aves e ovos,1.024
201502,2015,2,2265,IPCA - Variacao mensal,%,aves_ovos,IPCA - Aves e ovos,1.3225
201503,2015,3,2265,IPCA - Variacao mensal,%,aves_ovos,IPCA - Aves e ovos,1.6291
201504,2015,4,2265,IPCA - Variacao mensal,%,aves_ovos,IPCA - Aves e ovos,0.8718
201505,2015,5,2265,IPCA - Variacao mensal,%,aves_ovos,IPCA - Aves e ovos,4.9906
201506,2015,6,2265,IPCA - Variacao mensal,%,aves_ovos,IPCA - Aves e ovos,5.1104
201507,2015,7,2265,IPCA - Variacao mensal,%,aves_ovos,IPCA - Aves e ovos,-4.7636
201508,2015,8,2265,IPCA - Variacao mensal,%,aves_ovos,IPCA - Aves e ovos,-1.4207
201509,2015,9,2265,IPCA - Variacao mensal,%,aves_ovos,IPCA - Aves e ovos,-4.5597
201510,2015,10,2265,IPCA - Variacao mensal,%,aves_ovos,IPCA - Aves e ovos,0.7895
201511,2015,11,2265,IPCA - Variacao mensal,%,aves_ovos,IPCA - Aves e ovos,1.234
201512,2015,12,2265,IPCA - Variacao mensal,%,aves_ovos,IPCA - Aves e ovos,7.8879
201601,2016,1,2265,IPCA - Variacao mensal,%,aves_ovos,IPCA - Aves e ovos,6.5798
201602,2016,2,2265,IPCA - Variacao mensal,%,aves_ovos,IPCA - Aves e ovos,8.6409
201603,2016,3,2265,IPCA - Variacao mensal,%,aves_ovos,IPCA - Aves e ovos,1.723
201604,2016,4,2265,IPCA - Variacao mensal,%,aves_ovos,IPCA - Aves e ovos,-0.3286
201605,2016,5,2265,IPCA - Variacao mensal,%,aves_ovos,IPCA - Aves e ovos,-2.3127
201606,2016,6,2265,IPCA - Variacao mensal,%,aves_ovos,IPCA - Aves e ovos,4.0474
201607,2016,7,2265,IPCA - Variacao mensal,%,aves_ovos,IPCA - Aves e ovos,-0.6034
201608,2016,8,2265,IPCA - Variacao mensal,%,aves_ovos,IPCA - Aves e ovos,1.099
201609,2016,9,2265,IPCA - Variacao mensal,%,aves_ovos,IPCA - Aves e ovos,0.7358
201610,2016,10,2265,IPCA - Variacao mensal,%,aves_ovos,IPCA - Aves e ovos,0.1414
201611,2016,11,2265,IPCA - Variacao mensal,%,aves_ovos,IPCA - Aves e ovos,-2.1575
201612,2016,12,2265,IPCA - Variacao mensal,%,aves_ovos,IPCA - Aves e ovos,-1.2384
201701,2017,1,2265,IPCA - Variacao mensal,%,aves_ovos,IPCA - Aves e ovos,-1.0494
201702,2017,2,2265,IPCA - Variacao mensal,%,aves_ovos,IPCA - Aves e ovos,-2.6649
201703,2017,3,2265,IPCA - Variacao mensal,%,aves_ovos,IPCA - Aves e ovos,-0.3438
201704,2017,4,2265,IPCA - Variacao mensal,%,aves_ovos,IPCA - Aves e ovos,0.9919
201705,2017,5,2265,IPCA - Variacao mensal,%,aves_ovos,IPCA - Aves e ovos,1.1655
201706,2017,6,2265,IPCA - Variacao mensal,%,aves_ovos,IPCA - Aves e ovos,-2.4208
201707,2017,7,2265,IPCA - Variacao mensal,%,aves_ovos,IPCA - Aves e ovos,-1.1043
201708,2017,8,2265,IPCA - Variacao mensal,%,aves_ovos,IPCA - Aves e ovos,-3.3061
201709,2017,9,2265,IPCA - Variacao mensal,%,aves_ovos,IPCA - Aves e ovos,-1.5779
201710,2017,10,2265,IPCA - Variacao mensal,%,aves_ovos,IPCA - Aves e ovos,-0.7732
201711,2017,11,2265,IPCA - Variacao mensal,%,aves_ovos,IPCA - Aves e ovos,-2.2587
201712,2017,12,2265,IPCA - Variacao mensal,%,aves_ovos,IPCA - Aves e ovos,-0.577
201801,2018,1,2265,IPCA - Variacao mensal,%,aves_ovos,IPCA - Aves e ovos,2.8934
201802,2018,2,2265,IPCA - Variacao mensal,%,aves_ovos,IPCA - Aves e ovos,3.3707
201803,2018,3,2265,IPCA - Variacao mensal,%,aves_ovos,IPCA - Aves e ovos,-3.2423
201804,2018,4,2265,IPCA - Variacao mensal,%,aves_ovos,IPCA - Aves e ovos,-0.237
201805,2018,5,2265,IPCA - Variacao mensal,%,aves_ovos,IPCA - Aves e ovos,0.3741
201806,2018,6,2265,IPCA - Variacao mensal,%,aves_ovos,IPCA - Aves e ovos,3.8334
201807,2018,7,2265,IPCA - Variacao mensal,%,aves_ovos,IPCA - Aves e ovos,-5.3819
201808,2018,8,2265,IPCA - Variacao mensal,%,aves_ovos,IPCA - Aves e ovos,-0.2243
201809,2018,9,2265,IPCA - Variacao mensal,%,aves_ovos,IPCA - Aves e ovos,-0.2193
201810,2018,10,2265,IPCA - Variacao mensal,%,aves_ovos,IPCA - Aves e ovos,0.6092
201811,2018,11,2265,IPCA - Variacao mensal,%,aves_ovos,IPCA - Aves e ovos,2.914
201812,2018,12,2265,IPCA - Variacao mensal,%,aves_ovos,IPCA - Aves e ovos,2.7052
201901,2019,1,2265,IPCA - Variacao mensal,%,aves_ovos,IPCA - Aves e ovos,0.6461
201902,2019,2,2265,IPCA - Variacao mensal,%,aves_ovos,IPCA - Aves e ovos,-0.2651
201903,2019,3,2265,IPCA - Variacao mensal,%,aves_ovos,IPCA - Aves e ovos,6.491
201904,2019,4,2265,IPCA - Variacao mensal,%,aves_ovos,IPCA - Aves e ovos,3.5481
201905,2019,5,2265,IPCA - Variacao mensal,%,aves_ovos,IPCA - Aves e ovos,-1.2099
201906,2019,6,2265,IPCA - Variacao mensal,%,aves_ovos,IPCA - Aves e ovos,-2.483
201907,2019,7,2265,IPCA - Variacao mensal,%,aves_ovos,IPCA - Aves e ovos,-1.0597
201908,2019,8,2265,IPCA - Variacao mensal,%,aves_ovos,IPCA - Aves e ovos,-2.333
201909,2019,9,2265,IPCA - Variacao mensal,%,aves_ovos,IPCA - Aves e ovos,-3.003
201910,2019,10,2265,IPCA - Variacao mensal,%,aves_ovos,IPCA - Aves e ovos,-1.2405
201911,2019,11,2265,IPCA - Variacao mensal,%,aves_ovos,IPCA - Aves e ovos,1.0361
201912,2019,12,2265,IPCA - Variacao mensal,%,aves_ovos,IPCA - Aves e ovos,8.6157
202001,2020,1,2265,IPCA - Variacao mensal,%,aves_ovos,IPCA - Aves e ovos,0.3453
202002,2020,2,2265,IPCA - Variacao mensal,%,aves_ovos,IPCA - Aves e ovos,4.1847
202003,2020,3,2265,IPCA - Variacao mensal,%,aves_ovos,IPCA - Aves e ovos,-3.2683
202004,2020,4,2265,IPCA - Variacao mensal,%,aves_ovos,IPCA - Aves e ovos,3.6748
202005,2020,5,2265,IPCA - Variacao mensal,%,aves_ovos,IPCA - Aves e ovos,4.4151
202006,2020,6,2265,IPCA - Variacao mensal,%,aves_ovos,IPCA - Aves e ovos,0.1125
202007,2020,7,2265,IPCA - Variacao mensal,%,aves_ovos,IPCA - Aves e ovos,-2.8378
202008,2020,8,2265,IPCA - Variacao mensal,%,aves_ovos,IPCA - Aves e ovos,0.1179
202009,2020,9,2265,IPCA - Variacao mensal,%,aves_ovos,IPCA - Aves e ovos,4.009
202010,2020,10,2265,IPCA - Variacao mensal,%,aves_ovos,IPCA - Aves e ovos,1.9621
202011,2020,11,2265,IPCA - Variacao mensal,%,aves_ovos,IPCA - Aves e ovos,3.9041
202012,2020,12,2265,IPCA - Variacao mensal,%,aves_ovos,IPCA - Aves e ovos,2.9579
202101,2021,1,2265,IPCA - Variacao mensal,%,aves_ovos,IPCA - Aves e ovos,1.2817
202102,2021,2,2265,IPCA - Variacao mensal,%,aves_ovos,IPCA - Aves e ovos,1.1117
202103,2021,3,2265,IPCA - Variacao mensal,%,aves_ovos,IPCA - Aves e ovos,0.5498
202104,2021,4,2265,IPCA - Variacao mensal,%,aves_ovos,IPCA - Aves e ovos,-1.9195
202105,2021,5,2265,IPCA - Variacao mensal,%,aves_ovos,IPCA - Aves e ovos,1.9709
202106,2021,6,2265,IPCA - Variacao mensal,%,aves_ovos,IPCA - Aves e ovos,0.5215
202107,2021,7,2265,IPCA - Variacao mensal,%,aves_ovos,IPCA - Aves e ovos,0.7965
202108,2021,8,2265,IPCA - Variacao mensal,%,aves_ovos,IPCA - Aves e ovos,1.4292
202109,2021,9,2265,IPCA - Variacao mensal,%,aves_ovos,IPCA - Aves e ovos,0.4584
202110,2021,10,2265,IPCA - Variacao mensal,%,aves_ovos,IPCA - Aves e ovos,1.1041
202111,2021,11,2265,IPCA - Variacao mensal,%,aves_ovos,IPCA - Aves e ovos,2.2658
202112,2021,12,2265,IPCA - Variacao mensal,%,aves_ovos,IPCA - Aves e ovos,1.1314
202201,2022,1,2265,IPCA - Variacao mensal,%,aves_ovos,IPCA - Aves e ovos,1.275
202202,2022,2,2265,IPCA - Variacao mensal,%,aves_ovos,IPCA - Aves e ovos,1.931
202203,2022,3,2265,IPCA - Variacao mensal,%,aves_ovos,IPCA - Aves e ovos,1.9222
202204,2022,4,2265,IPCA - Variacao mensal,%,aves_ovos,IPCA - Aves e ovos,4.1645
202205,2022,5,2265,IPCA - Variacao mensal,%,aves_ovos,IPCA - Aves e ovos,2.9936
202206,2022,6,2265,IPCA - Variacao mensal,%,aves_ovos,IPCA - Aves e ovos,0.5854
202207,2022,7,2265,IPCA - Variacao mensal,%,aves_ovos,IPCA - Aves e ovos,0.1392
202208,2022,8,2265,IPCA - Variacao mensal,%,aves_ovos,IPCA - Aves e ovos,0.2701
202209,2022,9,2265,IPCA - Variacao mensal,%,aves_ovos,IPCA - Aves e ovos,-1.9516
202210,2022,10,2265,IPCA - Variacao mensal,%,aves_ovos,IPCA - Aves e ovos,-1.1631
202211,2022,11,2265,IPCA - Variacao mensal,%,aves_ovos,IPCA - Aves e ovos,1.4743
202212,2022,12,2265,IPCA - Variacao mensal,%,aves_ovos,IPCA - Aves e ovos,2.4268
202301,2023,1,2265,IPCA - Variacao mensal,%,aves_ovos,IPCA - Aves e ovos,2.4037
202302,2023,2,2265,IPCA - Variacao mensal,%,aves_ovos,IPCA - Aves e ovos,1.2477
202303,2023,3,2265,IPCA - Variacao mensal,%,aves_ovos,IPCA - Aves e ovos,0.2353
202304,2023,4,2265,IPCA - Variacao mensal,%,aves_ovos,IPCA - Aves e ovos,-0.5673
202305,2023,5,2265,IPCA - Variacao mensal,%,aves_ovos,IPCA - Aves e ovos,1.3666
202306,2023,6,2265,IPCA - Variacao mensal,%,aves_ovos,IPCA - Aves e ovos,-1.4795
202307,2023,7,2265,IPCA - Variacao mensal,%,aves_ovos,IPCA - Aves e ovos,-1.4351
202308,2023,8,2265,IPCA - Variacao mensal,%,aves_ovos,IPCA - Aves e ovos,-1.5851
202309,2023,9,2265,IPCA - Variacao mensal,%,aves_ovos,IPCA - Aves e ovos,-1.0279
202310,2023,10,2265,IPCA - Variacao mensal,%,aves_ovos,IPCA - Aves e ovos,-0.0963
202311,2023,11,2265,IPCA - Variacao mensal,%,aves_ovos,IPCA - Aves e ovos,0.3571
202312,2023,12,2265,IPCA - Variacao mensal,%,aves_ovos,IPCA - Aves e ovos,1.6153
202401,2024,1,2265,IPCA - Variacao mensal,%,aves_ovos,IPCA - Aves e ovos,1.7569
202402,2024,2,2265,IPCA - Variacao mensal,%,aves_ovos,IPCA - Aves e ovos,1.2698
202403,2024,3,2265,IPCA - Variacao mensal,%,aves_ovos,IPCA - Aves e ovos,0.3623
202404,2024,4,2265,IPCA - Variacao mensal,%,aves_ovos,IPCA - Aves e ovos,2.0853
202405,2024,5,2265,IPCA - Variacao mensal,%,aves_ovos,IPCA - Aves e ovos,1.3985
202406,2024,6,2265,IPCA - Variacao mensal,%,aves_ovos,IPCA - Aves e ovos,0.6657
202407,2024,7,2265,IPCA - Variacao mensal,%,aves_ovos,IPCA - Aves e ovos,-1.8963
202408,2024,8,2265,IPCA - Variacao mensal,%,aves_ovos,IPCA - Aves e ovos,-2.5601
202409,2024,9,2265,IPCA - Variacao mensal,%,aves_ovos,IPCA - Aves e ovos,-2.5762
202410,2024,10,2265,IPCA - Variacao mensal,%,aves_ovos,IPCA - Aves e ovos,0.3257
202411,2024,11,2265,IPCA - Variacao mensal,%,aves_ovos,IPCA - Aves e ovos,2.0188
202412,2024,12,2265,IPCA - Variacao mensal,%,aves_ovos,IPCA - Aves e ovos,0.4238
202501,2025,1,2265,IPCA - Variacao mensal,%,aves_ovos,IPCA - Aves e ovos,4.803
202502,2025,2,2265,IPCA - Variacao mensal,%,aves_ovos,IPCA - Aves e ovos,0.3224
202503,2025,3,2265,IPCA - Variacao mensal,%,aves_ovos,IPCA - Aves e ovos,0.6914
202504,2025,4,2265,IPCA - Variacao mensal,%,aves_ovos,IPCA - Aves e ovos,3.0231
202505,2025,5,2265,IPCA - Variacao mensal,%,aves_ovos,IPCA - Aves e ovos,0.0234
202506,2025,6,2265,IPCA - Variacao mensal,%,aves_ovos,IPCA - Aves e ovos,-2.3872
201501,2015,1,2265,IPCA - Variacao mensal,%,carnes,IPCA - Carnes e peixes,7.79
201502,2015,2,2265,IPCA - Variacao mensal,%,carnes,IPCA - Carnes e peixes,-0.0642
201503,2015,3,2265,IPCA - Variacao mensal,%,carnes,IPCA - Carnes e peixes,3.2267
201504,2015,4,2265,IPCA - Variacao mensal,%,carnes,IPCA - Carnes e peixes,3.0746
201505,2015,5,2265,IPCA - Variacao mensal,%,carnes,IPCA - Carnes e peixes,-1.5802
201506,2015,6,2265,IPCA - Variacao mensal,%,carnes,IPCA - Carnes e peixes,-0.6278
201507,2015,7,2265,IPCA - Variacao mensal,%,carnes,IPCA - Carnes e peixes,3.6381
201508,2015,8,2265,IPCA - Variacao mensal,%,carnes,IPCA - Carnes e peixes,-0.8478
201509,2015,9,2265,IPCA - Variacao mensal,%,carnes,IPCA - Carnes e peixes,-0.9752
201510,2015,10,2265,IPCA - Variacao mensal,%,carnes,IPCA - Carnes e peixes,0.9313
201511,2015,11,2265,IPCA - Variacao mensal,%,carnes,IPCA - Carnes e peixes,3.1569
201512,2015,12,2265,IPCA - Variacao mensal,%,carnes,IPCA - Carnes e peixes,1.7204
201601,2016,1,2265,IPCA - Variacao mensal,%,carnes,IPCA - Carnes e peixes,18.1625
201602,2016,2,2265,IPCA - Variacao mensal,%,carnes,IPCA - Carnes e peixes,3.239
201603,2016,3,2265,IPCA - Variacao mensal,%,carnes,IPCA - Carnes e peixes,-3.5267
201604,2016,4,2265,IPCA - Variacao mensal,%,carnes,IPCA - Carnes e peixes,-0.3092
201605,2016,5,2265,IPCA - Variacao mensal,%,carnes,IPCA - Carnes e peixes,-3.8508
201606,2016,6,2265,IPCA - Variacao mensal,%,carnes,IPCA - Carnes e peixes,12.5138
201607,2016,7,2265,IPCA - Variacao mensal,%,carnes,IPCA - Carnes e peixes,0.6795
201608,2016,8,2265,IPCA - Variacao mensal,%,carnes,IPCA - Carnes e peixes,-2.2648
201609,2016,9,2265,IPCA - Variacao mensal,%,carnes,IPCA - Carnes e peixes,0.1619
201610,2016,10,2265,IPCA - Variacao mensal,%,carnes,IPCA - Carnes e peixes,1.8503
201611,2016,11,2265,IPCA - Variacao mensal,%,carnes,IPCA - Carnes e peixes,-2.5518
201612,2016,12,2265,IPCA - Variacao mensal,%,carnes,IPCA - Carnes e peixes,-5.1123
201701,2017,1,2265,IPCA - Variacao mensal,%,carnes,IPCA - Carnes e peixes,2.242
201702,2017,2,2265,IPCA - Variacao mensal,%,carnes,IPCA - Carnes e peixes,-3.5802
201703,2017,3,2265,IPCA - Variacao mensal,%,carnes,IPCA - Carnes e peixes,2.0567
201704,2017,4,2265,IPCA - Variacao mensal,%,carnes,IPCA - Carnes e peixes,3.428
201705,2017,5,2265,IPCA - Variacao mensal,%,carnes,IPCA - Carnes e peixes,1.9595
201706,2017,6,2265,IPCA - Variacao mensal,%,carnes,IPCA - Carnes e peixes,-1.469
201707,2017,7,2265,IPCA - Variacao mensal,%,carnes,IPCA - Carnes e peixes,-0.3502
201708,2017,8,2265,IPCA - Variacao mensal,%,carnes,IPCA - Carnes e peixes,-2.8605
201709,2017,9,2265,IPCA - Variacao mensal,%,carnes,IPCA - Carnes e peixes,-2.7384
201710,2017,10,2265,IPCA - Variacao mensal,%,carnes,IPCA - Carnes e peixes,-1.0722
201711,2017,11,2265,IPCA - Variacao mensal,%,carnes,IPCA - Carnes e peixes,0.1821
201712,2017,12,2265,IPCA - Variacao mensal,%,carnes,IPCA - Carnes e peixes,-0.3137
201801,2018,1,2265,IPCA - Variacao mensal,%,carnes,IPCA - Carnes e peixes,2.9263
201802,2018,2,2265,IPCA - Variacao mensal,%,carnes,IPCA - Carnes e peixes,-2.3945
201803,2018,3,2265,IPCA - Variacao mensal,%,carnes,IPCA - Carnes e peixes,-0.5328
201804,2018,4,2265,IPCA - Variacao mensal,%,carnes,IPCA - Carnes e peixes,0.7711
201805,2018,5,2265,IPCA - Variacao mensal,%,carnes,IPCA - Carnes e peixes,2.0152
201806,2018,6,2265,IPCA - Variacao mensal,%,carnes,IPCA - Carnes e peixes,0.0744
201807,2018,7,2265,IPCA - Variacao mensal,%,carnes,IPCA - Carnes e peixes,-1.3331
201808,2018,8,2265,IPCA - Variacao mensal,%,carnes,IPCA - Carnes e peixes,0.0087
201809,2018,9,2265,IPCA - Variacao mensal,%,carnes,IPCA - Carnes e peixes,-0.748
201810,2018,10,2265,IPCA - Variacao mensal,%,carnes,IPCA - Carnes e peixes,0.0467
201811,2018,11,2265,IPCA - Variacao mensal,%,carnes,IPCA - Carnes e peixes,2.1197
201812,2018,12,2265,IPCA - Variacao mensal,%,carnes,IPCA - Carnes e peixes,2.5703
201901,2019,1,2265,IPCA - Variacao mensal,%,carnes,IPCA - Carnes e peixes,-0.6105
201902,2019,2,2265,IPCA - Variacao mensal,%,carnes,IPCA - Carnes e peixes,6.4646
201903,2019,3,2265,IPCA - Variacao mensal,%,carnes,IPCA - Carnes e peixes,1.5832
201904,2019,4,2265,IPCA - Variacao mensal,%,carnes,IPCA - Carnes e peixes,4.9427
201905,2019,5,2265,IPCA - Variacao mensal,%,carnes,IPCA - Carnes e peixes,0.8599
201906,2019,6,2265,IPCA - Variacao mensal,%,carnes,IPCA - Carnes e peixes,-6.1422
201907,2019,7,2265,IPCA - Variacao mensal,%,carnes,IPCA - Carnes e peixes,-6.0404
201908,2019,8,2265,IPCA - Variacao mensal,%,carnes,IPCA - Carnes e peixes,-6.1092
201909,2019,9,2265,IPCA - Variacao mensal,%,carnes,IPCA - Carnes e peixes,-2.74
201910,2019,10,2265,IPCA - Variacao mensal,%,carnes,IPCA - Carnes e peixes,-1.1226
201911,2019,11,2265,IPCA - Variacao mensal,%,carnes,IPCA - Carnes e peixes,0.12
201912,2019,12,2265,IPCA - Variacao mensal,%,carnes,IPCA - Carnes e peixes,8.1653
202001,2020,1,2265,IPCA - Variacao mensal,%,carnes,IPCA - Carnes e peixes,4.7504
202002,2020,2,2265,IPCA - Variacao mensal,%,carnes,IPCA - Carnes e peixes,0.6862
202003,2020,3,2265,IPCA - Variacao mensal,%,carnes,IPCA - Carnes e peixes,5.1129
202004,2020,4,2265,IPCA - Variacao mensal,%,carnes,IPCA - Carnes e peixes,2.8626
202005,2020,5,2265,IPCA - Variacao mensal,%,carnes,IPCA - Carnes e peixes,-0.304
202006,2020,6,2265,IPCA - Variacao mensal,%,carnes,IPCA - Carnes e peixes,4.9681
202007,2020,7,2265,IPCA - Variacao mensal,%,carnes,IPCA - Carnes e peixes,-6.4948
202008,2020,8,2265,IPCA - Variacao mensal,%,carnes,IPCA - Carnes e peixes,1.4564
202009,2020,9,2265,IPCA - Variacao mensal,%,carnes,IPCA - Carnes e peixes,7.1875
202010,2020,10,2265,IPCA - Variacao mensal,%,carnes,IPCA - Carnes e peixes,3.5471
202011,2020,11,2265,IPCA - Variacao mensal,%,carnes,IPCA - Carnes e peixes,2.0486
202012,2020,12,2265,IPCA - Variacao mensal,%,carnes,IPCA - Carnes e peixes,0.4077
202101,2021,1,2265,IPCA - Variacao mensal,%,carnes,IPCA - Carnes e peixes,-0.512
202102,2021,2,2265,IPCA - Variacao mensal,%,carnes,IPCA - Carnes e peixes,-1.0957
202103,2021,3,2265,IPCA - Variacao mensal,%,carnes,IPCA - Carnes e peixes,5.1334
202104,2021,4,2265,IPCA - Variacao mensal,%,carnes,IPCA - Carnes e peixes,0.1856
202105,2021,5,2265,IPCA - Variacao mensal,%,carnes,IPCA - Carnes e peixes,-0.2619
202106,2021,6,2265,IPCA - Variacao mensal,%,carnes,IPCA - Carnes e peixes,0.5422
202107,2021,7,2265,IPCA - Variacao mensal,%,carnes,IPCA - Carnes e peixes,3.7051
202108,2021,8,2265,IPCA - Variacao mensal,%,carnes,IPCA - Carnes e peixes,-6.5558
202109,2021,9,2265,IPCA - Variacao mensal,%,carnes,IPCA - Carnes e peixes,-0.5193
202110,2021,10,2265,IPCA - Variacao mensal,%,carnes,IPCA - Carnes e peixes,2.2333
202111,2021,11,2265,IPCA - Variacao mensal,%,carnes,IPCA - Carnes e peixes,1.9583
202112,2021,12,2265,IPCA - Variacao mensal,%,carnes,IPCA - Carnes e peixes,1.0121
202201,2022,1,2265,IPCA - Variacao mensal,%,carnes,IPCA - Carnes e peixes,6.2274
202202,2022,2,2265,IPCA - Variacao mensal,%,carnes,IPCA - Carnes e peixes,1.7723
202203,2022,3,2265,IPCA - Variacao mensal,%,carnes,IPCA - Carnes e peixes,1.5808
202204,2022,4,2265,IPCA - Variacao mensal,%,carnes,IPCA - Carnes e peixes,5.0439
202205,2022,5,2265,IPCA - Variacao mensal,%,carnes,IPCA - Carnes e peixes,-0.5603
202206,2022,6,2265,IPCA - Variacao mensal,%,carnes,IPCA - Carnes e peixes,0.279
202207,2022,7,2265,IPCA - Variacao mensal,%,carnes,IPCA - Carnes e peixes,-1.3475
202208,2022,8,2265,IPCA - Variacao mensal,%,carnes,IPCA - Carnes e peixes,-0.5401
202209,2022,9,2265,IPCA - Variacao mensal,%,carnes,IPCA - Carnes e peixes,-3.8716
202210,2022,10,2265,IPCA - Variacao mensal,%,carnes,IPCA - Carnes e peixes,-0.6112
202211,2022,11,2265,IPCA - Variacao mensal,%,carnes,IPCA - Carnes e peixes,-0.6867
202212,2022,12,2265,IPCA - Variacao mensal,%,carnes,IPCA - Carnes e peixes,1.7735
202301,2023,1,2265,IPCA - Variacao mensal,%,carnes,IPCA - Carnes e peixes,6.5694
202302,2023,2,2265,IPCA - Variacao mensal,%,carnes,IPCA - Carnes e peixes,-0.416
202303,2023,3,2265,IPCA - Variacao mensal,%,carnes,IPCA - Carnes e peixes,-1.2351
202304,2023,4,2265,IPCA - Variacao mensal,%,carnes,IPCA - Carnes e peixes,1.4191
202305,2023,5,2265,IPCA - Variacao mensal,%,carnes,IPCA - Carnes e peixes,-0.0235
202306,2023,6,2265,IPCA - Variacao mensal,%,carnes,IPCA - Carnes e peixes,2.4108
202307,2023,7,2265,IPCA - Variacao mensal,%,carnes,IPCA - Carnes e peixes,-3.5073
202308,2023,8,2265,IPCA - Variacao mensal,%,carnes,IPCA - Carnes e peixes,-0.8315
202309,2023,9,2265,IPCA - Variacao mensal,%,carnes,IPCA - Carnes e peixes,-1.9036
202310,2023,10,2265,IPCA - Variacao mensal,%,carnes,IPCA - Carnes e peixes,-1.9499
202311,2023,11,2265,IPCA - Variacao mensal,%,carnes,IPCA - Carnes e peixes,-0.9962
202312,2023,12,2265,IPCA - Variacao mensal,%,carnes,IPCA - Carnes e peixes,0.0968
202401,2024,1,2265,IPCA - Variacao mensal,%,carnes,IPCA - Carnes e peixes,2.1691
202402,2024,2,2265,IPCA - Variacao mensal,%,carnes,IPCA - Carnes e peixes,1.1202
202403,2024,3,2265,IPCA - Variacao mensal,%,carnes,IPCA - Carnes e peixes,3.896
202404,2024,4,2265,IPCA - Variacao mensal,%,carnes,IPCA - Carnes e peixes,4.8431
202405,2024,5,2265,IPCA - Variacao mensal,%,carnes,IPCA - Carnes e peixes,-0.4398
202406,2024,6,2265,IPCA - Variacao mensal,%,carnes,IPCA - Carnes e peixes,-3.0351
202407,2024,7,2265,IPCA - Variacao mensal,%,carnes,IPCA - Carnes e peixes,-6.7051
202408,2024,8,2265,IPCA - Variacao mensal,%,carnes,IPCA - Carnes e peixes,-1.503
202409,2024,9,2265,IPCA - Variacao mensal,%,carnes,IPCA - Carnes e peixes,-1.9771
202410,2024,10,2265,IPCA - Variacao mensal,%,carnes,IPCA - Carnes e peixes,2.5919
202411,2024,11,2265,IPCA - Variacao mensal,%,carnes,IPCA - Carnes e peixes,2.6863
202412,2024,12,2265,IPCA - Variacao mensal,%,carnes,IPCA - Carnes e peixes,3.9043
202501,2025,1,2265,IPCA - Variacao mensal,%,carnes,IPCA - Carnes e peixes,3.1313
202502,2025,2,2265,IPCA - Variacao mensal,%,carnes,IPCA - Carnes e peixes,1.5785
202503,2025,3,2265,IPCA - Variacao mensal,%,carnes,IPCA - Carnes e peixes,-1.8899
202504,2025,4,2265,IPCA - Variacao mensal,%,carnes,IPCA - Carnes e peixes,1.835
202505,2025,5,2265,IPCA - Variacao mensal,%,carnes,IPCA - Carnes e peixes,-0.0672
202506,2025,6,2265,IPCA - Variacao mensal,%,carnes,IPCA - Carnes e peixes,-3.841
201501,2015,1,2265,IPCA - Variacao mensal,%,cereais,"IPCA - Cereais, leguminosas e oleag",6.326
201502,2015,2,2265,IPCA - Variacao mensal,%,cereais,"IPCA - Cereais, leguminosas e oleag",1.7331
201503,2015,3,2265,IPCA - Variacao mensal,%,cereais,"IPCA - Cereais, leguminosas e oleag",2.3563
201504,2015,4,2265,IPCA - Variacao mensal,%,cereais,"IPCA - Cereais, leguminosas e oleag",2.7739
201505,2015,5,2265,IPCA - Variacao mensal,%,cereais,"IPCA - Cereais, leguminosas e oleag",1.5053
201506,2015,6,2265,IPCA - Variacao mensal,%,cereais,"IPCA - Cereais, leguminosas e oleag",-1.4008
201507,2015,7,2265,IPCA - Variacao mensal,%,cereais,"IPCA - Cereais, leguminosas e oleag",0.164
201508,2015,8,2265,IPCA - Variacao mensal,%,cereais,"IPCA - Cereais, leguminosas e oleag",-1.4822
201509,2015,9,2265,IPCA - Variacao mensal,%,cereais,"IPCA - Cereais, leguminosas e oleag",0.4423
201510,2015,10,2265,IPCA - Variacao mensal,%,cereais,"IPCA - Cereais, leguminosas e oleag",-1.8457
201511,2015,11,2265,IPCA - Variacao mensal,%,cereais,"IPCA - Cereais, leguminosas e oleag",7.2386
201512,2015,12,2265,IPCA - Variacao mensal,%,cereais,"IPCA - Cereais, leguminosas e oleag",3.339
201601,2016,1,2265,IPCA - Variacao mensal,%,cereais,"IPCA - Cereais, leguminosas e oleag",2.7515
201602,2016,2,2265,IPCA - Variacao mensal,%,cereais,"IPCA - Cereais, leguminosas e oleag",-1.433
201603,2016,3,2265,IPCA - Variacao mensal,%,cereais,"IPCA - Cereais, leguminosas e oleag",2.0446
201604,2016,4,2265,IPCA - Variacao mensal,%,cereais,"IPCA - Cereais, leguminosas e oleag",-1.1078
201605,2016,5,2265,IPCA - Variacao mensal,%,cereais,"IPCA - Cereais, leguminosas e oleag",3.4592
201606,2016,6,2265,IPCA - Variacao mensal,%,cereais,"IPCA - Cereais, leguminosas e oleag",1.5705
201607,2016,7,2265,IPCA - Variacao mensal,%,cereais,"IPCA - Cereais, leguminosas e oleag",0.9004
201608,2016,8,2265,IPCA - Variacao mensal,%,cereais,"IPCA - Cereais, leguminosas e oleag",2.5938
201609,2016,9,2265,IPCA - Variacao mensal,%,cereais,"IPCA - Cereais, leguminosas e oleag",-1.4543
201610,2016,10,2265,IPCA - Variacao mensal,%,cereais,"IPCA - Cereais, leguminosas e oleag",1.9088
201611,2016,11,2265,IPCA - Variacao mensal,%,cereais,"IPCA - Cereais, leguminosas e oleag",-2.6791
201612,2016,12,2265,IPCA - Variacao mensal,%,cereais,"IPCA - Cereais, leguminosas e oleag",-2.7339
201701,2017,1,2265,IPCA - Variacao mensal,%,cereais,"IPCA - Cereais, leguminosas e oleag",-2.9693
201702,2017,2,2265,IPCA - Variacao mensal,%,cereais,"IPCA - Cereais, leguminosas e oleag",-2.6201
201703,2017,3,2265,IPCA - Variacao mensal,%,cereais,"IPCA - Cereais, leguminosas e oleag",0.581
201704,2017,4,2265,IPCA - Variacao mensal,%,cereais,"IPCA - Cereais, leguminosas e oleag",3.8586
201705,2017,5,2265,IPCA - Variacao mensal,%,cereais,"IPCA - Cereais, leguminosas e oleag",-0.2571
201706,2017,6,2265,IPCA - Variacao mensal,%,cereais,"IPCA - Cereais, leguminosas e oleag",-2.2354
201707,2017,7,2265,IPCA - Variacao mensal,%,cereais,"IPCA - Cereais, leguminosas e oleag",1.1432
201708,2017,8,2265,IPCA - Variacao mensal,%,cereais,"IPCA - Cereais, leguminosas e oleag",-3.4812
201709,2017,9,2265,IPCA - Variacao mensal,%,cereais,"IPCA - Cereais, leguminosas e oleag",-2.2461
201710,2017,10,2265,IPCA - Variacao mensal,%,cereais,"IPCA - Cereais, leguminosas e oleag",3.0813
201711,2017,11,2265,IPCA - Variacao mensal,%,cereais,"IPCA - Cereais, leguminosas e oleag",-1.7523
201712,2017,12,2265,IPCA - Variacao mensal,%,cereais,"IPCA - Cereais, leguminosas e oleag",-1.6577
201801,2018,1,2265,IPCA - Variacao mensal,%,cereais,"IPCA - Cereais, leguminosas e oleag",6.6091
201802,2018,2,2265,IPCA - Variacao mensal,%,cereais,"IPCA - Cereais, leguminosas e oleag",-1.7037
201803,2018,3,2265,IPCA - Variacao mensal,%,cereais,"IPCA - Cereais, leguminosas e oleag",2.2244
201804,2018,4,2265,IPCA - Variacao mensal,%,cereais,"IPCA - Cereais, leguminosas e oleag",-1.8872
201805,2018,5,2265,IPCA - Variacao mensal,%,cereais,"IPCA - Cereais, leguminosas e oleag",0.7867
201806,2018,6,2265,IPCA - Variacao mensal,%,cereais,"IPCA - Cereais, leguminosas e oleag",3.8447
201807,2018,7,2265,IPCA - Variacao mensal,%,cereais,"IPCA - Cereais, leguminosas e oleag",-5.1207
201808,2018,8,2265,IPCA - Variacao mensal,%,cereais,"IPCA - Cereais, leguminosas e oleag",-0.5545
201809,2018,9,2265,IPCA - Variacao mensal,%,cereais,"IPCA - Cereais, leguminosas e oleag",-0.4523
201810,2018,10,2265,IPCA - Variacao mensal,%,cereais,"IPCA - Cereais, leguminosas e oleag",4.9124
201811,2018,11,2265,IPCA - Variacao mensal,%,cereais,"IPCA - Cereais, leguminosas e oleag",2.458
201812,2018,12,2265,IPCA - Variacao mensal,%,cereais,"IPCA - Cereais, leguminosas e oleag",0.634
201901,2019,1,2265,IPCA - Variacao mensal,%,cereais,"IPCA - Cereais, leguminosas e oleag",-4.157
201902,2019,2,2265,IPCA - Variacao mensal,%,cereais,"IPCA - Cereais, leguminosas e oleag",3.0874
201903,2019,3,2265,IPCA - Variacao mensal,%,cereais,"IPCA - Cereais, leguminosas e oleag",7.2048
201904,2019,4,2265,IPCA - Variacao mensal,%,cereais,"IPCA - Cereais, leguminosas e oleag",4.0666
201905,2019,5,2265,IPCA - Variacao mensal,%,cereais,"IPCA - Cereais, leguminosas e oleag",-2.2797
201906,2019,6,2265,IPCA - Variacao mensal,%,cereais,"IPCA - Cereais, leguminosas e oleag",-1.0723
201907,2019,7,2265,IPCA - Variacao mensal,%,cereais,"IPCA - Cereais, leguminosas e oleag",-0.6405
201908,2019,8,2265,IPCA - Variacao mensal,%,cereais,"IPCA - Cereais, leguminosas e oleag",-0.5409
201909,2019,9,2265,IPCA - Variacao mensal,%,cereais,"IPCA - Cereais, leguminosas e oleag",-3.7323
201910,2019,10,2265,IPCA - Variacao mensal,%,cereais,"IPCA - Cereais, leguminosas e oleag",-0.6944
201911,2019,11,2265,IPCA - Variacao mensal,%,cereais,"IPCA - Cereais, leguminosas e oleag",-1.9509
201912,2019,12,2265,IPCA - Variacao mensal,%,cereais,"IPCA - Cereais, leguminosas e oleag",10.9397
202001,2020,1,2265,IPCA - Variacao mensal,%,cereais,"IPCA - Cereais, leguminosas e oleag",-1.4296
202002,2020,2,2265,IPCA - Variacao mensal,%,cereais,"IPCA - Cereais, leguminosas e oleag",-0.975
202003,2020,3,2265,IPCA - Variacao mensal,%,cereais,"IPCA - Cereais, leguminosas e oleag",3.9204
202004,2020,4,2265,IPCA - Variacao mensal,%,cereais,"IPCA - Cereais, leguminosas e oleag",9.8309
202005,2020,5,2265,IPCA - Variacao mensal,%,cereais,"IPCA - Cereais, leguminosas e oleag",3.92
202006,2020,6,2265,IPCA - Variacao mensal,%,cereais,"IPCA - Cereais, leguminosas e oleag",-4.749
202007,2020,7,2265,IPCA - Variacao mensal,%,cereais,"IPCA - Cereais, leguminosas e oleag",3.972
202008,2020,8,2265,IPCA - Variacao mensal,%,cereais,"IPCA - Cereais, leguminosas e oleag",-3.9153
202009,2020,9,2265,IPCA - Variacao mensal,%,cereais,"IPCA - Cereais, leguminosas e oleag",3.701
202010,2020,10,2265,IPCA - Variacao mensal,%,cereais,"IPCA - Cereais, leguminosas e oleag",-0.597
202011,2020,11,2265,IPCA - Variacao mensal,%,cereais,"IPCA - Cereais, leguminosas e oleag",5.0219
202012,2020,12,2265,IPCA - Variacao mensal,%,cereais,"IPCA - Cereais, leguminosas e oleag",-1.2662
202101,2021,1,2265,IPCA - Variacao mensal,%,cereais,"IPCA - Cereais, leguminosas e oleag",3.5846
202102,2021,2,2265,IPCA - Variacao mensal,%,cereais,"IPCA - Cereais, leguminosas e oleag",2.3297
202103,2021,3,2265,IPCA - Variacao mensal,%,cereais,"IPCA - Cereais, leguminosas e oleag",0.7682
202104,2021,4,2265,IPCA - Variacao mensal,%,cereais,"IPCA - Cereais, leguminosas e oleag",1.1158
202105,2021,5,2265,IPCA - Variacao mensal,%,cereais,"IPCA - Cereais, leguminosas e oleag",4.3317
202106,2021,6,2265,IPCA - Variacao mensal,%,cereais,"IPCA - Cereais, leguminosas e oleag",1.5898
202107,2021,7,2265,IPCA - Variacao mensal,%,cereais,"IPCA - Cereais, leguminosas e oleag",0.2037
202108,2021,8,2265,IPCA - Variacao mensal,%,cereais,"IPCA - Cereais, leguminosas e oleag",-3.1234
202109,2021,9,2265,IPCA - Variacao mensal,%,cereais,"IPCA - Cereais, leguminosas e oleag",1.7286
202110,2021,10,2265,IPCA - Variacao mensal,%,cereais,"IPCA - Cereais, leguminosas e oleag",4.754
202111,2021,11,2265,IPCA - Variacao mensal,%,cereais,"IPCA - Cereais, leguminosas e oleag",-0.1453
202112,2021,12,2265,IPCA - Variacao mensal,%,cereais,"IPCA - Cereais, leguminosas e oleag",-1.6433
202201,2022,1,2265,IPCA - Variacao mensal,%,cereais,"IPCA - Cereais, leguminosas e oleag",1.2905
202202,2022,2,2265,IPCA - Variacao mensal,%,cereais,"IPCA - Cereais, leguminosas e oleag",2.5653
202203,2022,3,2265,IPCA - Variacao mensal,%,cereais,"IPCA - Cereais, leguminosas e oleag",7.4575
202204,2022,4,2265,IPCA - Variacao mensal,%,cereais,"IPCA - Cereais, leguminosas e oleag",5.3721
202205,2022,5,2265,IPCA - Variacao mensal,%,cereais,"IPCA - Cereais, leguminosas e oleag",-3.4628
202206,2022,6,2265,IPCA - Variacao mensal,%,cereais,"IPCA - Cereais, leguminosas e oleag",-1.7403
202207,2022,7,2265,IPCA - Variacao mensal,%,cereais,"IPCA - Cereais, leguminosas e oleag",-1.7797
202208,2022,8,2265,IPCA - Variacao mensal,%,cereais,"IPCA - Cereais, leguminosas e oleag",-0.4486
202209,2022,9,2265,IPCA - Variacao mensal,%,cereais,"IPCA - Cereais, leguminosas e oleag",-1.015
202210,2022,10,2265,IPCA - Variacao mensal,%,cereais,"IPCA - Cereais, leguminosas e oleag",2.5901
202211,2022,11,2265,IPCA - Variacao mensal,%,cereais,"IPCA - Cereais, leguminosas e oleag",1.9431
202212,2022,12,2265,IPCA - Variacao mensal,%,cereais,"IPCA - Cereais, leguminosas e oleag",-1.575
202301,2023,1,2265,IPCA - Variacao mensal,%,cereais,"IPCA - Cereais, leguminosas e oleag",-0.4981
202302,2023,2,2265,IPCA - Variacao mensal,%,cereais,"IPCA - Cereais, leguminosas e oleag",-2.3418
202303,2023,3,2265,IPCA - Variacao mensal,%,cereais,"IPCA - Cereais, leguminosas e oleag",0.1267
202304,2023,4,2265,IPCA - Variacao mensal,%,cereais,"IPCA - Cereais, leguminosas e oleag",2.1022
202305,2023,5,2265,IPCA - Variacao mensal,%,cereais,"IPCA - Cereais, leguminosas e oleag",1.4091
202306,2023,6,2265,IPCA - Variacao mensal,%,cereais,"IPCA - Cereais, leguminosas e oleag",-0.3708
202307,2023,7,2265,IPCA - Variacao mensal,%,cereais,"IPCA - Cereais, leguminosas e oleag",-1.5559
202308,2023,8,2265,IPCA - Variacao mensal,%,cereais,"IPCA - Cereais, leguminosas e oleag",-0.7504
202309,2023,9,2265,IPCA - Variacao mensal,%,cereais,"IPCA - Cereais, leguminosas e oleag",-0.5692
202310,2023,10,2265,IPCA - Variacao mensal,%,cereais,"IPCA - Cereais, leguminosas e oleag",-0.9131
202311,2023,11,2265,IPCA - Variacao mensal,%,cereais,"IPCA - Cereais, leguminosas e oleag",1.2489
202312,2023,12,2265,IPCA - Variacao mensal,%,cereais,"IPCA - Cereais, leguminosas e oleag",2.0163
202401,2024,1,2265,IPCA - Variacao mensal,%,cereais,"IPCA - Cereais, leguminosas e oleag",4.1608
202402,2024,2,2265,IPCA - Variacao mensal,%,cereais,"IPCA - Cereais, leguminosas e oleag",0.7257
202403,2024,3,2265,IPCA - Variacao mensal,%,cereais,"IPCA - Cereais, leguminosas e oleag",-0.4703
202404,2024,4,2265,IPCA - Variacao mensal,%,cereais,"IPCA - Cereais, leguminosas e oleag",-0.195
202405,2024,5,2265,IPCA - Variacao mensal,%,cereais,"IPCA - Cereais, leguminosas e oleag",2.0395
202406,2024,6,2265,IPCA - Variacao mensal,%,cereais,"IPCA - Cereais, leguminosas e oleag",1.814
202407,2024,7,2265,IPCA - Variacao mensal,%,cereais,"IPCA - Cereais, leguminosas e oleag",-4.8469
202408,2024,8,2265,IPCA - Variacao mensal,%,cereais,"IPCA - Cereais, leguminosas e oleag",-2.9569
202409,2024,9,2265,IPCA - Variacao mensal,%,cereais,"IPCA - Cereais, leguminosas e oleag",0.1951
202410,2024,10,2265,IPCA - Variacao mensal,%,cereais,"IPCA - Cereais, leguminosas e oleag",4.0347
202411,2024,11,2265,IPCA - Variacao mensal,%,cereais,"IPCA - Cereais, leguminosas e oleag",1.7588
202412,2024,12,2265,IPCA - Variacao mensal,%,cereais,"IPCA - Cereais, leguminosas e oleag",0.3381
202501,2025,1,2265,IPCA - Variacao mensal,%,cereais,"IPCA - Cereais, leguminosas e oleag",0.2413
202502,2025,2,2265,IPCA - Variacao mensal,%,cereais,"IPCA - Cereais, leguminosas e oleag",0.2945
202503,2025,3,2265,IPCA - Variacao mensal,%,cereais,"IPCA - Cereais, leguminosas e oleag",3.6132
202504,2025,4,2265,IPCA - Variacao mensal,%,cereais,"IPCA - Cereais, leguminosas e oleag",2.7031
202505,2025,5,2265,IPCA - Variacao mensal,%,cereais,"IPCA - Cereais, leguminosas e oleag",-0.2936
202506,2025,6,2265,IPCA - Variacao mensal,%,cereais,"IPCA - Cereais, leguminosas e oleag",-0.1933
201501,2015,1,2265,IPCA - Variacao mensal,%,frutas,IPCA - Frutas,7.4765
201502,2015,2,2265,IPCA - Variacao mensal,%,frutas,IPCA - Frutas,0.59
201503,2015,3,2265,IPCA - Variacao mensal,%,frutas,IPCA - Frutas,-0.6633
201504,2015,4,2265,IPCA - Variacao mensal,%,frutas,IPCA - Frutas,1.3015
201505,2015,5,2265,IPCA - Variacao mensal,%,frutas,IPCA - Frutas,5.9019
201506,2015,6,2265,IPCA - Variacao mensal,%,frutas,IPCA - Frutas,-5.0082
201507,2015,7,2265,IPCA - Variacao mensal,%,frutas,IPCA - Frutas,-0.6613
201508,2015,8,2265,IPCA - Variacao mensal,%,frutas,IPCA - Frutas,-2.0704
201509,2015,9,2265,IPCA - Variacao mensal,%,frutas,IPCA - Frutas,-2.9592
201510,2015,10,2265,IPCA - Variacao mensal,%,frutas,IPCA - Frutas,-0.151
201511,2015,11,2265,IPCA - Variacao mensal,%,frutas,IPCA - Frutas,3.5787
201512,2015,12,2265,IPCA - Variacao mensal,%,frutas,IPCA - Frutas,4.3561
201601,2016,1,2265,IPCA - Variacao mensal,%,frutas,IPCA - Frutas,15.6549
201602,2016,2,2265,IPCA - Variacao mensal,%,frutas,IPCA - Frutas,-4.2863
201603,2016,3,2265,IPCA - Variacao mensal,%,frutas,IPCA - Frutas,1.7886
201604,2016,4,2265,IPCA - Variacao mensal,%,frutas,IPCA - Frutas,0.9803
201605,2016,5,2265,IPCA - Variacao mensal,%,frutas,IPCA - Frutas,0.8059
201606,2016,6,2265,IPCA - Variacao mensal,%,frutas,IPCA - Frutas,9.4019
201607,2016,7,2265,IPCA - Variacao mensal,%,frutas,IPCA - Frutas,0.7142
201608,2016,8,2265,IPCA - Variacao mensal,%,frutas,IPCA - Frutas,-3.1451
201609,2016,9,2265,IPCA - Variacao mensal,%,frutas,IPCA - Frutas,-4.3126
201610,2016,10,2265,IPCA - Variacao mensal,%,frutas,IPCA - Frutas,-1.0041
201611,2016,11,2265,IPCA - Variacao mensal,%,frutas,IPCA - Frutas,-0.4827
201612,2016,12,2265,IPCA - Variacao mensal,%,frutas,IPCA - Frutas,-0.1858
201701,2017,1,2265,IPCA - Variacao mensal,%,frutas,IPCA - Frutas,-0.2585
201702,2017,2,2265,IPCA - Variacao mensal,%,frutas,IPCA - Frutas,-1.4669
201703,2017,3,2265,IPCA - Variacao mensal,%,frutas,IPCA - Frutas,2.1385
201704,2017,4,2265,IPCA - Variacao mensal,%,frutas,IPCA - Frutas,0.1339
201705,2017,5,2265,IPCA - Variacao mensal,%,frutas,IPCA - Frutas,1.0004
201706,2017,6,2265,IPCA - Variacao mensal,%,frutas,IPCA - Frutas,-0.6671
201707,2017,7,2265,IPCA - Variacao mensal,%,frutas,IPCA - Frutas,-0.8793
201708,2017,8,2265,IPCA - Variacao mensal,%,frutas,IPCA - Frutas,0.0362
201709,2017,9,2265,IPCA - Variacao mensal,%,frutas,IPCA - Frutas,-3.5728
201710,2017,10,2265,IPCA - Variacao mensal,%,frutas,IPCA - Frutas,-2.791
201711,2017,11,2265,IPCA - Variacao mensal,%,frutas,IPCA - Frutas,-0.171
201712,2017,12,2265,IPCA - Variacao mensal,%,frutas,IPCA - Frutas,-0.3481
201801,2018,1,2265,IPCA - Variacao mensal,%,frutas,IPCA - Frutas,0.4242
201802,2018,2,2265,IPCA - Variacao mensal,%,frutas,IPCA - Frutas,0.4914
201803,2018,3,2265,IPCA - Variacao mensal,%,frutas,IPCA - Frutas,-0.9835
201804,2018,4,2265,IPCA - Variacao mensal,%,frutas,IPCA - Frutas,1.4927
201805,2018,5,2265,IPCA - Variacao mensal,%,frutas,IPCA - Frutas,0.2296
201806,2018,6,2265,IPCA - Variacao mensal,%,frutas,IPCA - Frutas,-0.2291
201807,2018,7,2265,IPCA - Variacao mensal,%,frutas,IPCA - Frutas,0.1558
201808,2018,8,2265,IPCA - Variacao mensal,%,frutas,IPCA - Frutas,-1.0672
201809,2018,9,2265,IPCA - Variacao mensal,%,frutas,IPCA - Frutas,-2.3064
201810,2018,10,2265,IPCA - Variacao mensal,%,frutas,IPCA - Frutas,1.0195
201811,2018,11,2265,IPCA - Variacao mensal,%,frutas,IPCA - Frutas,2.8905
201812,2018,12,2265,IPCA - Variacao mensal,%,frutas,IPCA - Frutas,5.6513
201901,2019,1,2265,IPCA - Variacao mensal,%,frutas,IPCA - Frutas,2.4096
201902,2019,2,2265,IPCA - Variacao mensal,%,frutas,IPCA - Frutas,4.5627
201903,2019,3,2265,IPCA - Variacao mensal,%,frutas,IPCA - Frutas,4.0898
201904,2019,4,2265,IPCA - Variacao mensal,%,frutas,IPCA - Frutas,2.734
201905,2019,5,2265,IPCA - Variacao mensal,%,frutas,IPCA - Frutas,-4.4758
201906,2019,6,2265,IPCA - Variacao mensal,%,frutas,IPCA - Frutas,-0.8699
201907,2019,7,2265,IPCA - Variacao mensal,%,frutas,IPCA - Frutas,-0.2609
201908,2019,8,2265,IPCA - Variacao mensal,%,frutas,IPCA - Frutas,-5.0291
201909,2019,9,2265,IPCA - Variacao mensal,%,frutas,IPCA - Frutas,-2.0255
201910,2019,10,2265,IPCA - Variacao mensal,%,frutas,IPCA - Frutas,1.1219
201911,2019,11,2265,IPCA - Variacao mensal,%,frutas,IPCA - Frutas,1.1271
201912,2019,12,2265,IPCA - Variacao mensal,%,frutas,IPCA - Frutas,13.642
202001,2020,1,2265,IPCA - Variacao mensal,%,frutas,IPCA - Frutas,0.0726
202002,2020,2,2265,IPCA - Variacao mensal,%,frutas,IPCA - Frutas,-1.4195
202003,2020,3,2265,IPCA - Variacao mensal,%,frutas,IPCA - Frutas,1.6852
202004,2020,4,2265,IPCA - Variacao mensal,%,frutas,IPCA - Frutas,8.1174
202005,2020,5,2265,IPCA - Variacao mensal,%,frutas,IPCA - Frutas,2.5912
202006,2020,6,2265,IPCA - Variacao mensal,%,frutas,IPCA - Frutas,-4.9823
202007,2020,7,2265,IPCA - Variacao mensal,%,frutas,IPCA - Frutas,-1.6473
202008,2020,8,2265,IPCA - Variacao mensal,%,frutas,IPCA - Frutas,2.1761
202009,2020,9,2265,IPCA - Variacao mensal,%,frutas,IPCA - Frutas,5.6649
202010,2020,10,2265,IPCA - Variacao mensal,%,frutas,IPCA - Frutas,5.3064
202011,2020,11,2265,IPCA - Variacao mensal,%,frutas,IPCA - Frutas,3.6923
202012,2020,12,2265,IPCA - Variacao mensal,%,frutas,IPCA - Frutas,1.1373
202101,2021,1,2265,IPCA - Variacao mensal,%,frutas,IPCA - Frutas,1.944
202102,2021,2,2265,IPCA - Variacao mensal,%,frutas,IPCA - Frutas,-2.4515
202103,2021,3,2265,IPCA - Variacao mensal,%,frutas,IPCA - Frutas,-1.5374
202104,2021,4,2265,IPCA - Variacao mensal,%,frutas,IPCA - Frutas,0.7644
202105,2021,5,2265,IPCA - Variacao mensal,%,frutas,IPCA - Frutas,1.3968
202106,2021,6,2265,IPCA - Variacao mensal,%,frutas,IPCA - Frutas,-2.225
202107,2021,7,2265,IPCA - Variacao mensal,%,frutas,IPCA - Frutas,1.9293
202108,2021,8,2265,IPCA - Variacao mensal,%,frutas,IPCA - Frutas,0.5817
202109,2021,9,2265,IPCA - Variacao mensal,%,frutas,IPCA - Frutas,1.5352
202110,2021,10,2265,IPCA - Variacao mensal,%,frutas,IPCA - Frutas,3.0832
202111,2021,11,2265,IPCA - Variacao mensal,%,frutas,IPCA - Frutas,1.3282
202112,2021,12,2265,IPCA - Variacao mensal,%,frutas,IPCA - Frutas,-0.4002
202201,2022,1,2265,IPCA - Variacao mensal,%,frutas,IPCA - Frutas,4.633
202202,2022,2,2265,IPCA - Variacao mensal,%,frutas,IPCA - Frutas,2.5892
202203,2022,3,2265,IPCA - Variacao mensal,%,frutas,IPCA - Frutas,3.4925
202204,2022,4,2265,IPCA - Variacao mensal,%,frutas,IPCA - Frutas,2.9225
202205,2022,5,2265,IPCA - Variacao mensal,%,frutas,IPCA - Frutas,-1.2067
202206,2022,6,2265,IPCA - Variacao mensal,%,frutas,IPCA - Frutas,-0.0815
202207,2022,7,2265,IPCA - Variacao mensal,%,frutas,IPCA - Frutas,-0.1736
202208,2022,8,2265,IPCA - Variacao mensal,%,frutas,IPCA - Frutas,-1.7952
202209,2022,9,2265,IPCA - Variacao mensal,%,frutas,IPCA - Frutas,-0.3223
202210,2022,10,2265,IPCA - Variacao mensal,%,frutas,IPCA - Frutas,2.5945
202211,2022,11,2265,IPCA - Variacao mensal,%,frutas,IPCA - Frutas,2.0273
202212,2022,12,2265,IPCA - Variacao mensal,%,frutas,IPCA - Frutas,2.1958
202301,2023,1,2265,IPCA - Variacao mensal,%,frutas,IPCA - Frutas,0.8501
202302,2023,2,2265,IPCA - Variacao mensal,%,frutas,IPCA - Frutas,-2.1728
202303,2023,3,2265,IPCA - Variacao mensal,%,frutas,IPCA - Frutas,-2.0513
202304,2023,4,2265,IPCA - Variacao mensal,%,frutas,IPCA - Frutas,3.5276
202305,2023,5,2265,IPCA - Variacao mensal,%,frutas,IPCA - Frutas,-0.0071
202306,2023,6,2265,IPCA - Variacao mensal,%,frutas,IPCA - Frutas,-5.0362
202307,2023,7,2265,IPCA - Variacao mensal,%,frutas,IPCA - Frutas,-1.7449
202308,2023,8,2265,IPCA - Variacao mensal,%,frutas,IPCA - Frutas,-2.4601
202309,2023,9,2265,IPCA - Variacao mensal,%,frutas,IPCA - Frutas,-1.6492
202310,2023,10,2265,IPCA - Variacao mensal,%,frutas,IPCA - Frutas,0.8115
202311,2023,11,2265,IPCA - Variacao mensal,%,frutas,IPCA - Frutas,1.9683
202312,2023,12,2265,IPCA - Variacao mensal,%,frutas,IPCA - Frutas,3.2023
202401,2024,1,2265,IPCA - Variacao mensal,%,frutas,IPCA - Frutas,6.176
202402,2024,2,2265,IPCA - Variacao mensal,%,frutas,IPCA - Frutas,-0.4066
202403,2024,3,2265,IPCA - Variacao mensal,%,frutas,IPCA - Frutas,-0.599
202404,2024,4,2265,IPCA - Variacao mensal,%,frutas,IPCA - Frutas,-0.3639
202405,2024,5,2265,IPCA - Variacao mensal,%,frutas,IPCA - Frutas,0.4993
202406,2024,6,2265,IPCA - Variacao mensal,%,frutas,IPCA - Frutas,0.9822
202407,2024,7,2265,IPCA - Variacao mensal,%,frutas,IPCA - Frutas,-2.1717
202408,2024,8,2265,IPCA - Variacao mensal,%,frutas,IPCA - Frutas,-4.0389
202409,2024,9,2265,IPCA - Variacao mensal,%,frutas,IPCA - Frutas,0.7576
202410,2024,10,2265,IPCA - Variacao mensal,%,frutas,IPCA - Frutas,3.3347
202411,2024,11,2265,IPCA - Variacao mensal,%,frutas,IPCA - Frutas,4.6421
202412,2024,12,2265,IPCA - Variacao mensal,%,frutas,IPCA - Frutas,0.6665
202501,2025,1,2265,IPCA - Variacao mensal,%,frutas,IPCA - Frutas,3.3338
202502,2025,2,2265,IPCA - Variacao mensal,%,frutas,IPCA - Frutas,-2.3226
202503,2025,3,2265,IPCA - Variacao mensal,%,frutas,IPCA - Frutas,1.991
202504,2025,4,2265,IPCA - Variacao mensal,%,frutas,IPCA - Frutas,1.7731
202505,2025,5,2265,IPCA - Variacao mensal,%,frutas,IPCA - Frutas,-1.1415
202506,2025,6,2265,IPCA - Variacao mensal,%,frutas,IPCA - Frutas,-1.8981
201501,2015,1,2265,IPCA - Variacao mensal,%,horticultura,IPCA - Horticultura,3.0672
201502,2015,2,2265,IPCA - Variacao mensal,%,horticultura,IPCA - Horticultura,1.1211
201503,2015,3,2265,IPCA - Variacao mensal,%,horticultura,IPCA - Horticultura,4.2295
201504,2015,4,2265,IPCA - Variacao mensal,%,horticultura,IPCA - Horticultura,3.8117
201505,2015,5,2265,IPCA - Variacao mensal,%,horticultura,IPCA - Horticultura,8.8868
201506,2015,6,2265,IPCA - Variacao mensal,%,horticultura,IPCA - Horticultura,-5.4894
201507,2015,7,2265,IPCA - Variacao mensal,%,horticultura,IPCA - Horticultura,2.2803
201508,2015,8,2265,IPCA - Variacao mensal,%,horticultura,IPCA - Horticultura,-4.5971
201509,2015,9,2265,IPCA - Variacao mensal,%,horticultura,IPCA - Horticultura,-3.8801
201510,2015,10,2265,IPCA - Variacao mensal,%,horticultura,IPCA - Horticultura,0.3375
201511,2015,11,2265,IPCA - Variacao mensal,%,horticultura,IPCA - Horticultura,3.7978
201512,2015,12,2265,IPCA - Variacao mensal,%,horticultura,IPCA - Horticultura,5.5779
201601,2016,1,2265,IPCA - Variacao mensal,%,horticultura,IPCA - Horticultura,9.8483
201602,2016,2,2265,IPCA - Variacao mensal,%,horticultura,IPCA - Horticultura,5.1514
201603,2016,3,2265,IPCA - Variacao mensal,%,horticultura,IPCA - Horticultura,-0.3431
201604,2016,4,2265,IPCA - Variacao mensal,%,horticultura,IPCA - Horticultura,-0.3003
201605,2016,5,2265,IPCA - Variacao mensal,%,horticultura,IPCA - Horticultura,-2.5991
201606,2016,6,2265,IPCA - Variacao mensal,%,horticultura,IPCA - Horticultura,3.1056
201607,2016,7,2265,IPCA - Variacao mensal,%,horticultura,IPCA - Horticultura,4.2918
201608,2016,8,2265,IPCA - Variacao mensal,%,horticultura,IPCA - Horticultura,1.6684
201609,2016,9,2265,IPCA - Variacao mensal,%,horticultura,IPCA - Horticultura,1.4216
201610,2016,10,2265,IPCA - Variacao mensal,%,horticultura,IPCA - Horticultura,-0.1274
201611,2016,11,2265,IPCA - Variacao mensal,%,horticultura,IPCA - Horticultura,-2.1401
201612,2016,12,2265,IPCA - Variacao mensal,%,horticultura,IPCA - Horticultura,-3.0331
201701,2017,1,2265,IPCA - Variacao mensal,%,horticultura,IPCA - Horticultura,4.6399
201702,2017,2,2265,IPCA - Variacao mensal,%,horticultura,IPCA - Horticultura,-2.5625
201703,2017,3,2265,IPCA - Variacao mensal,%,horticultura,IPCA - Horticultura,1.7218
201704,2017,4,2265,IPCA - Variacao mensal,%,horticultura,IPCA - Horticultura,3.4856
201705,2017,5,2265,IPCA - Variacao mensal,%,horticultura,IPCA - Horticultura,-4.3916
201706,2017,6,2265,IPCA - Variacao mensal,%,horticultura,IPCA - Horticultura,0.9864
201707,2017,7,2265,IPCA - Variacao mensal,%,horticultura,IPCA - Horticultura,-1.9144
201708,2017,8,2265,IPCA - Variacao mensal,%,horticultura,IPCA - Horticultura,-2.8253
201709,2017,9,2265,IPCA - Variacao mensal,%,horticultura,IPCA - Horticultura,-4.8517
201710,2017,10,2265,IPCA - Variacao mensal,%,horticultura,IPCA - Horticultura,-0.7693
201711,2017,11,2265,IPCA - Variacao mensal,%,horticultura,IPCA - Horticultura,-1.0038
201712,2017,12,2265,IPCA - Variacao mensal,%,horticultura,IPCA - Horticultura,0.97
201801,2018,1,2265,IPCA - Variacao mensal,%,horticultura,IPCA - Horticultura,5.4865
201802,2018,2,2265,IPCA - Variacao mensal,%,horticultura,IPCA - Horticultura,2.0278
201803,2018,3,2265,IPCA - Variacao mensal,%,horticultura,IPCA - Horticultura,-1.636
201804,2018,4,2265,IPCA - Variacao mensal,%,horticultura,IPCA - Horticultura,-2.5758
201805,2018,5,2265,IPCA - Variacao mensal,%,horticultura,IPCA - Horticultura,3.1163
201806,2018,6,2265,IPCA - Variacao mensal,%,horticultura,IPCA - Horticultura,0.3992
201807,2018,7,2265,IPCA - Variacao mensal,%,horticultura,IPCA - Horticultura,-3.3363
201808,2018,8,2265,IPCA - Variacao mensal,%,horticultura,IPCA - Horticultura,-1.6796
201809,2018,9,2265,IPCA - Variacao mensal,%,horticultura,IPCA - Horticultura,-1.542
201810,2018,10,2265,IPCA - Variacao mensal,%,horticultura,IPCA - Horticultura,7.1526
201811,2018,11,2265,IPCA - Variacao mensal,%,horticultura,IPCA - Horticultura,4.6416
201812,2018,12,2265,IPCA - Variacao mensal,%,horticultura,IPCA - Horticultura,-3.4786
201901,2019,1,2265,IPCA - Variacao mensal,%,horticultura,IPCA - Horticultura,1.6736
201902,2019,2,2265,IPCA - Variacao mensal,%,horticultura,IPCA - Horticultura,3.1857
201903,2019,3,2265,IPCA - Variacao mensal,%,horticultura,IPCA - Horticultura,6.7793
201904,2019,4,2265,IPCA - Variacao mensal,%,horticultura,IPCA - Horticultura,3.1632
201905,2019,5,2265,IPCA - Variacao mensal,%,horticultura,IPCA - Horticultura,-3.2143
201906,2019,6,2265,IPCA - Variacao mensal,%,horticultura,IPCA - Horticultura,0.9653
201907,2019,7,2265,IPCA - Variacao mensal,%,horticultura,IPCA - Horticultura,-3.5144
201908,2019,8,2265,IPCA - Variacao mensal,%,horticultura,IPCA - Horticultura,-6.9568
201909,2019,9,2265,IPCA - Variacao mensal,%,horticultura,IPCA - Horticultura,-4.6346
201910,2019,10,2265,IPCA - Variacao mensal,%,horticultura,IPCA - Horticultura,0.7835
201911,2019,11,2265,IPCA - Variacao mensal,%,horticultura,IPCA - Horticultura,2.2315
201912,2019,12,2265,IPCA - Variacao mensal,%,horticultura,IPCA - Horticultura,9.5548
202001,2020,1,2265,IPCA - Variacao mensal,%,horticultura,IPCA - Horticultura,-0.0577
202002,2020,2,2265,IPCA - Variacao mensal,%,horticultura,IPCA - Horticultura,6.8299
202003,2020,3,2265,IPCA - Variacao mensal,%,horticultura,IPCA - Horticultura,2.6178
202004,2020,4,2265,IPCA - Variacao mensal,%,horticultura,IPCA - Horticultura,1.547
202005,2020,5,2265,IPCA - Variacao mensal,%,horticultura,IPCA - Horticultura,-5.6544
202006,2020,6,2265,IPCA - Variacao mensal,%,horticultura,IPCA - Horticultura,2.0058
202007,2020,7,2265,IPCA - Variacao mensal,%,horticultura,IPCA - Horticultura,-2.0611
202008,2020,8,2265,IPCA - Variacao mensal,%,horticultura,IPCA - Horticultura,1.6251
202009,2020,9,2265,IPCA - Variacao mensal,%,horticultura,IPCA - Horticultura,5.1111
202010,2020,10,2265,IPCA - Variacao mensal,%,horticultura,IPCA - Horticultura,5.1034
202011,2020,11,2265,IPCA - Variacao mensal,%,horticultura,IPCA - Horticultura,5.6391
202012,2020,12,2265,IPCA - Variacao mensal,%,horticultura,IPCA - Horticultura,-0.8103
202101,2021,1,2265,IPCA - Variacao mensal,%,horticultura,IPCA - Horticultura,-0.372
202102,2021,2,2265,IPCA - Variacao mensal,%,horticultura,IPCA - Horticultura,-1.7843
202103,2021,3,2265,IPCA - Variacao mensal,%,horticultura,IPCA - Horticultura,-1.2245
202104,2021,4,2265,IPCA - Variacao mensal,%,horticultura,IPCA - Horticultura,1.5879
202105,2021,5,2265,IPCA - Variacao mensal,%,horticultura,IPCA - Horticultura,1.3232
202106,2021,6,2265,IPCA - Variacao mensal,%,horticultura,IPCA - Horticultura,1.7662
202107,2021,7,2265,IPCA - Variacao mensal,%,horticultura,IPCA - Horticultura,3.9161
202108,2021,8,2265,IPCA - Variacao mensal,%,horticultura,IPCA - Horticultura,-1.8798
202109,2021,9,2265,IPCA - Variacao mensal,%,horticultura,IPCA - Horticultura,-0.0272
202110,2021,10,2265,IPCA - Variacao mensal,%,horticultura,IPCA - Horticultura,2.15
202111,2021,11,2265,IPCA - Variacao mensal,%,horticultura,IPCA - Horticultura,2.908
202112,2021,12,2265,IPCA - Variacao mensal,%,horticultura,IPCA - Horticultura,-0.224
202201,2022,1,2265,IPCA - Variacao mensal,%,horticultura,IPCA - Horticultura,4.8855
202202,2022,2,2265,IPCA - Variacao mensal,%,horticultura,IPCA - Horticultura,0.3705
202203,2022,3,2265,IPCA - Variacao mensal,%,horticultura,IPCA - Horticultura,4.1699
202204,2022,4,2265,IPCA - Variacao mensal,%,horticultura,IPCA - Horticultura,1.9858
202205,2022,5,2265,IPCA - Variacao mensal,%,horticultura,IPCA - Horticultura,-2.96
202206,2022,6,2265,IPCA - Variacao mensal,%,horticultura,IPCA - Horticultura,4.5413
202207,2022,7,2265,IPCA - Variacao mensal,%,horticultura,IPCA - Horticultura,-2.3653
202208,2022,8,2265,IPCA - Variacao mensal,%,horticultura,IPCA - Horticultura,-2.2574
202209,2022,9,2265,IPCA - Variacao mensal,%,horticultura,IPCA - Horticultura,-0.9745
202210,2022,10,2265,IPCA - Variacao mensal,%,horticultura,IPCA - Horticultura,0.2738
202211,2022,11,2265,IPCA - Variacao mensal,%,horticultura,IPCA - Horticultura,1.3011
202212,2022,12,2265,IPCA - Variacao mensal,%,horticultura,IPCA - Horticultura,3.6977
202301,2023,1,2265,IPCA - Variacao mensal,%,horticultura,IPCA - Horticultura,3.9481
202302,2023,2,2265,IPCA - Variacao mensal,%,horticultura,IPCA - Horticultura,-1.2489
202303,2023,3,2265,IPCA - Variacao mensal,%,horticultura,IPCA - Horticultura,-3.4857
202304,2023,4,2265,IPCA - Variacao mensal,%,horticultura,IPCA - Horticultura,3.3754
202305,2023,5,2265,IPCA - Variacao mensal,%,horticultura,IPCA - Horticultura,0.4285
202306,2023,6,2265,IPCA - Variacao mensal,%,horticultura,IPCA - Horticultura,-1.7096
202307,2023,7,2265,IPCA - Variacao mensal,%,horticultura,IPCA - Horticultura,0.0514
202308,2023,8,2265,IPCA - Variacao mensal,%,horticultura,IPCA - Horticultura,-2.845
202309,2023,9,2265,IPCA - Variacao mensal,%,horticultura,IPCA - Horticultura,-0.3423
202310,2023,10,2265,IPCA - Variacao mensal,%,horticultura,IPCA - Horticultura,1.3193
202311,2023,11,2265,IPCA - Variacao mensal,%,horticultura,IPCA - Horticultura,-1.39
202312,2023,12,2265,IPCA - Variacao mensal,%,horticultura,IPCA - Horticultura,-1.4893
202401,2024,1,2265,IPCA - Variacao mensal,%,horticultura,IPCA - Horticultura,-1.9131
202402,2024,2,2265,IPCA - Variacao mensal,%,horticultura,IPCA - Horticultura,1.5122
202403,2024,3,2265,IPCA - Variacao mensal,%,horticultura,IPCA - Horticultura,5.6638
202404,2024,4,2265,IPCA - Variacao mensal,%,horticultura,IPCA - Horticultura,7.7591
202405,2024,5,2265,IPCA - Variacao mensal,%,horticultura,IPCA - Horticultura,-0.6688
202406,2024,6,2265,IPCA - Variacao mensal,%,horticultura,IPCA - Horticultura,-1.7707
202407,2024,7,2265,IPCA - Variacao mensal,%,horticultura,IPCA - Horticultura,-2.8394
202408,2024,8,2265,IPCA - Variacao mensal,%,horticultura,IPCA - Horticultura,-6.9443
202409,2024,9,2265,IPCA - Variacao mensal,%,horticultura,IPCA - Horticultura,-2.3094
202410,2024,10,2265,IPCA - Variacao mensal,%,horticultura,IPCA - Horticultura,4.1272
202411,2024,11,2265,IPCA - Variacao mensal,%,horticultura,IPCA - Horticultura,3.5254
202412,2024,12,2265,IPCA - Variacao mensal,%,horticultura,IPCA - Horticultura,1.479
202501,2025,1,2265,IPCA - Variacao mensal,%,horticultura,IPCA - Horticultura,3.9583
202502,2025,2,2265,IPCA - Variacao mensal,%,horticultura,IPCA - Horticultura,1.4591
202503,2025,3,2265,IPCA - Variacao mensal,%,horticultura,IPCA - Horticultura,2.364
202504,2025,4,2265,IPCA - Variacao mensal,%,horticultura,IPCA - Horticultura,2.6201
202505,2025,5,2265,IPCA - Variacao mensal,%,horticultura,IPCA - Horticultura,-2.4152
202506,2025,6,2265,IPCA - Variacao mensal,%,horticultura,IPCA - Horticultura,0.9087
201501,2015,1,2265,IPCA - Variacao mensal,%,ipca_geral,IPCA - Geral,1.24
201502,2015,2,2265,IPCA - Variacao mensal,%,ipca_geral,IPCA - Geral,1.22
201503,2015,3,2265,IPCA - Variacao mensal,%,ipca_geral,IPCA - Geral,1.32
201504,2015,4,2265,IPCA - Variacao mensal,%,ipca_geral,IPCA - Geral,0.71
201505,2015,5,2265,IPCA - Variacao mensal,%,ipca_geral,IPCA - Geral,0.74
201506,2015,6,2265,IPCA - Variacao mensal,%,ipca_geral,IPCA - Geral,0.79
201507,2015,7,2265,IPCA - Variacao mensal,%,ipca_geral,IPCA - Geral,0.62
201508,2015,8,2265,IPCA - Variacao mensal,%,ipca_geral,IPCA - Geral,0.22
201509,2015,9,2265,IPCA - Variacao mensal,%,ipca_geral,IPCA - Geral,0.54
201510,2015,10,2265,IPCA - Variacao mensal,%,ipca_geral,IPCA - Geral,0.82
201511,2015,11,2265,IPCA - Variacao mensal,%,ipca_geral,IPCA - Geral,1.01
201512,2015,12,2265,IPCA - Variacao mensal,%,ipca_geral,IPCA - Geral,0.96
201601,2016,1,2265,IPCA - Variacao mensal,%,ipca_geral,IPCA - Geral,1.27
201602,2016,2,2265,IPCA - Variacao mensal,%,ipca_geral,IPCA - Geral,0.9
201603,2016,3,2265,IPCA - Variacao mensal,%,ipca_geral,IPCA - Geral,0.43
201604,2016,4,2265,IPCA - Variacao mensal,%,ipca_geral,IPCA - Geral,0.61
201605,2016,5,2265,IPCA - Variacao mensal,%,ipca_geral,IPCA - Geral,0.78
201606,2016,6,2265,IPCA - Variacao mensal,%,ipca_geral,IPCA - Geral,0.35
201607,2016,7,2265,IPCA - Variacao mensal,%,ipca_geral,IPCA - Geral,0.52
201608,2016,8,2265,IPCA - Variacao mensal,%,ipca_geral,IPCA - Geral,0.44
201609,2016,9,2265,IPCA - Variacao mensal,%,ipca_geral,IPCA - Geral,0.08
201610,2016,10,2265,IPCA - Variacao mensal,%,ipca_geral,IPCA - Geral,0.26
201611,2016,11,2265,IPCA - Variacao mensal,%,ipca_geral,IPCA - Geral,0.18
201612,2016,12,2265,IPCA - Variacao mensal,%,ipca_geral,IPCA - Geral,0.3
201701,2017,1,2265,IPCA - Variacao mensal,%,ipca_geral,IPCA - Geral,0.38
201702,2017,2,2265,IPCA - Variacao mensal,%,ipca_geral,IPCA - Geral,0.33
201703,2017,3,2265,IPCA - Variacao mensal,%,ipca_geral,IPCA - Geral,0.25
201704,2017,4,2265,IPCA - Variacao mensal,%,ipca_geral,IPCA - Geral,0.14
201705,2017,5,2265,IPCA - Variacao mensal,%,ipca_geral,IPCA - Geral,0.31
201706,2017,6,2265,IPCA - Variacao mensal,%,ipca_geral,IPCA - Geral,-0.23
201707,2017,7,2265,IPCA - Variacao mensal,%,ipca_geral,IPCA - Geral,0.24
201708,2017,8,2265,IPCA - Variacao mensal,%,ipca_geral,IPCA - Geral,0.19
201709,2017,9,2265,IPCA - Variacao mensal,%,ipca_geral,IPCA - Geral,0.16
201710,2017,10,2265,IPCA - Variacao mensal,%,ipca_geral,IPCA - Geral,0.42
201711,2017,11,2265,IPCA - Variacao mensal,%,ipca_geral,IPCA - Geral,0.28
201712,2017,12,2265,IPCA - Variacao mensal,%,ipca_geral,IPCA - Geral,0.44
201801,2018,1,2265,IPCA - Variacao mensal,%,ipca_geral,IPCA - Geral,0.29
201802,2018,2,2265,IPCA - Variacao mensal,%,ipca_geral,IPCA - Geral,0.32
201803,2018,3,2265,IPCA - Variacao mensal,%,ipca_geral,IPCA - Geral,0.09
201804,2018,4,2265,IPCA - Variacao mensal,%,ipca_geral,IPCA - Geral,0.22
201805,2018,5,2265,IPCA - Variacao mensal,%,ipca_geral,IPCA - Geral,0.4
201806,2018,6,2265,IPCA - Variacao mensal,%,ipca_geral,IPCA - Geral,1.26
201807,2018,7,2265,IPCA - Variacao mensal,%,ipca_geral,IPCA - Geral,0.33
201808,2018,8,2265,IPCA - Variacao mensal,%,ipca_geral,IPCA - Geral,-0.09
201809,2018,9,2265,IPCA - Variacao mensal,%,ipca_geral,IPCA - Geral,0.48
201810,2018,10,2265,IPCA - Variacao mensal,%,ipca_geral,IPCA - Geral,0.45
201811,2018,11,2265,IPCA - Variacao mensal,%,ipca_geral,IPCA - Geral,-0.21
201812,2018,12,2265,IPCA - Variacao mensal,%,ipca_geral,IPCA - Geral,0.15
201901,2019,1,2265,IPCA - Variacao mensal,%,ipca_geral,IPCA - Geral,0.32
201902,2019,2,2265,IPCA - Variacao mensal,%,ipca_geral,IPCA - Geral,0.43
201903,2019,3,2265,IPCA - Variacao mensal,%,ipca_geral,IPCA - Geral,0.75
201904,2019,4,2265,IPCA - Variacao mensal,%,ipca_geral,IPCA - Geral,0.57
201905,2019,5,2265,IPCA - Variacao mensal,%,ipca_geral,IPCA - Geral,0.13
201906,2019,6,2265,IPCA - Variacao mensal,%,ipca_geral,IPCA - Geral,0.01
201907,2019,7,2265,IPCA - Variacao mensal,%,ipca_geral,IPCA - Geral,0.19
201908,2019,8,2265,IPCA - Variacao mensal,%,ipca_geral,IPCA - Geral,0.11
201909,2019,9,2265,IPCA - Variacao mensal,%,ipca_geral,IPCA - Geral,-0.04
201910,2019,10,2265,IPCA - Variacao mensal,%,ipca_geral,IPCA - Geral,0.1
201911,2019,11,2265,IPCA - Variacao mensal,%,ipca_geral,IPCA - Geral,0.51
201912,2019,12,2265,IPCA - Variacao mensal,%,ipca_geral,IPCA - Geral,1.15
202001,2020,1,2265,IPCA - Variacao mensal,%,ipca_geral,IPCA - Geral,0.21
202002,2020,2,2265,IPCA - Variacao mensal,%,ipca_geral,IPCA - Geral,0.25
202003,2020,3,2265,IPCA - Variacao mensal,%,ipca_geral,IPCA - Geral,0.07
202004,2020,4,2265,IPCA - Variacao mensal,%,ipca_geral,IPCA - Geral,-0.31
202005,2020,5,2265,IPCA - Variacao mensal,%,ipca_geral,IPCA - Geral,-0.38
202006,2020,6,2265,IPCA - Variacao mensal,%,ipca_geral,IPCA - Geral,0.26
202007,2020,7,2265,IPCA - Variacao mensal,%,ipca_geral,IPCA - Geral,0.36
202008,2020,8,2265,IPCA - Variacao mensal,%,ipca_geral,IPCA - Geral,0.24
202009,2020,9,2265,IPCA - Variacao mensal,%,ipca_geral,IPCA - Geral,0.64
202010,2020,10,2265,IPCA - Variacao mensal,%,ipca_geral,IPCA - Geral,0.86
202011,2020,11,2265,IPCA - Variacao mensal,%,ipca_geral,IPCA - Geral,0.89
202012,2020,12,2265,IPCA - Variacao mensal,%,ipca_geral,IPCA - Geral,1.35
202101,2021,1,2265,IPCA - Variacao mensal,%,ipca_geral,IPCA - Geral,0.25
202102,2021,2,2265,IPCA - Variacao mensal,%,ipca_geral,IPCA - Geral,0.86
202103,2021,3,2265,IPCA - Variacao mensal,%,ipca_geral,IPCA - Geral,0.93
202104,2021,4,2265,IPCA - Variacao mensal,%,ipca_geral,IPCA - Geral,0.31
202105,2021,5,2265,IPCA - Variacao mensal,%,ipca_geral,IPCA - Geral,0.83
202106,2021,6,2265,IPCA - Variacao mensal,%,ipca_geral,IPCA - Geral,0.53
202107,2021,7,2265,IPCA - Variacao mensal,%,ipca_geral,IPCA - Geral,0.96
202108,2021,8,2265,IPCA - Variacao mensal,%,ipca_geral,IPCA - Geral,0.87
202109,2021,9,2265,IPCA - Variacao mensal,%,ipca_geral,IPCA - Geral,1.16
202110,2021,10,2265,IPCA - Variacao mensal,%,ipca_geral,IPCA - Geral,1.25
202111,2021,11,2265,IPCA - Variacao mensal,%,ipca_geral,IPCA - Geral,0.95
202112,2021,12,2265,IPCA - Variacao mensal,%,ipca_geral,IPCA - Geral,0.73
202201,2022,1,2265,IPCA - Variacao mensal,%,ipca_geral,IPCA - Geral,0.54
202202,2022,2,2265,IPCA - Variacao mensal,%,ipca_geral,IPCA - Geral,1.01
202203,2022,3,2265,IPCA - Variacao mensal,%,ipca_geral,IPCA - Geral,1.62
202204,2022,4,2265,IPCA - Variacao mensal,%,ipca_geral,IPCA - Geral,1.06
202205,2022,5,2265,IPCA - Variacao mensal,%,ipca_geral,IPCA - Geral,0.47
202206,2022,6,2265,IPCA - Variacao mensal,%,ipca_geral,IPCA - Geral,0.67
202207,2022,7,2265,IPCA - Variacao mensal,%,ipca_geral,IPCA - Geral,-0.68
202208,2022,8,2265,IPCA - Variacao mensal,%,ipca_geral,IPCA - Geral,-0.36
202209,2022,9,2265,IPCA - Variacao mensal,%,ipca_geral,IPCA - Geral,-0.29
202210,2022,10,2265,IPCA - Variacao mensal,%,ipca_geral,IPCA - Geral,0.59
202211,2022,11,2265,IPCA - Variacao mensal,%,ipca_geral,IPCA - Geral,0.41
202212,2022,12,2265,IPCA - Variacao mensal,%,ipca_geral,IPCA - Geral,0.62
202301,2023,1,2265,IPCA - Variacao mensal,%,ipca_geral,IPCA - Geral,0.53
202302,2023,2,2265,IPCA - Variacao mensal,%,ipca_geral,IPCA - Geral,0.84
202303,2023,3,2265,IPCA - Variacao mensal,%,ipca_geral,IPCA - Geral,0.71
202304,2023,4,2265,IPCA - Variacao mensal,%,ipca_geral,IPCA - Geral,0.61
202305,2023,5,2265,IPCA - Variacao mensal,%,ipca_geral,IPCA - Geral,0.23
202306,2023,6,2265,IPCA - Variacao mensal,%,ipca_geral,IPCA - Geral,-0.08
202307,2023,7,2265,IPCA - Variacao mensal,%,ipca_geral,IPCA - Geral,0.12
202308,2023,8,2265,IPCA - Variacao mensal,%,ipca_geral,IPCA - Geral,0.23
202309,2023,9,2265,IPCA - Variacao mensal,%,ipca_geral,IPCA - Geral,0.26
202310,2023,10,2265,IPCA - Variacao mensal,%,ipca_geral,IPCA - Geral,0.24
202311,2023,11,2265,IPCA - Variacao mensal,%,ipca_geral,IPCA - Geral,0.28
202312,2023,12,2265,IPCA - Variacao mensal,%,ipca_geral,IPCA - Geral,0.56
202401,2024,1,2265,IPCA - Variacao mensal,%,ipca_geral,IPCA - Geral,0.42
202402,2024,2,2265,IPCA - Variacao mensal,%,ipca_geral,IPCA - Geral,0.83
202403,2024,3,2265,IPCA - Variacao mensal,%,ipca_geral,IPCA - Geral,0.16
202404,2024,4,2265,IPCA - Variacao mensal,%,ipca_geral,IPCA - Geral,0.38
202405,2024,5,2265,IPCA - Variacao mensal,%,ipca_geral,IPCA - Geral,0.46
202406,2024,6,2265,IPCA - Variacao mensal,%,ipca_geral,IPCA - Geral,0.21
202407,2024,7,2265,IPCA - Variacao mensal,%,ipca_geral,IPCA - Geral,0.38
202408,2024,8,2265,IPCA - Variacao mensal,%,ipca_geral,IPCA - Geral,-0.02
202409,2024,9,2265,IPCA - Variacao mensal,%,ipca_geral,IPCA - Geral,0.44
202410,2024,10,2265,IPCA - Variacao mensal,%,ipca_geral,IPCA - Geral,0.56
202411,2024,11,2265,IPCA - Variacao mensal,%,ipca_geral,IPCA - Geral,0.39
202412,2024,12,2265,IPCA - Variacao mensal,%,ipca_geral,IPCA - Geral,0.52
202501,2025,1,2265,IPCA - Variacao mensal,%,ipca_geral,IPCA - Geral,0.16
202502,2025,2,2265,IPCA - Variacao mensal,%,ipca_geral,IPCA - Geral,1.31
202503,2025,3,2265,IPCA - Variacao mensal,%,ipca_geral,IPCA - Geral,0.56
202504,2025,4,2265,IPCA - Variacao mensal,%,ipca_geral,IPCA - Geral,0.43
202505,2025,5,2265,IPCA - Variacao mensal,%,ipca_geral,IPCA - Geral,0.26
202506,2025,6,2265,IPCA - Variacao mensal,%,ipca_geral,IPCA - Geral,0.24
202507,2025,7,2265,IPCA - Variacao mensal,%,ipca_geral,IPCA - Geral,0.26
202508,2025,8,2265,IPCA - Variacao mensal,%,ipca_geral,IPCA - Geral,-0.11
202509,2025,9,2265,IPCA - Variacao mensal,%,ipca_geral,IPCA - Geral,0.48
202510,2025,10,2265,IPCA - Variacao mensal,%,ipca_geral,IPCA - Geral,0.09
202511,2025,11,2265,IPCA - Variacao mensal,%,ipca_geral,IPCA - Geral,0.18
202512,2025,12,2265,IPCA - Variacao mensal,%,ipca_geral,IPCA - Geral,0.33
202601,2026,1,2265,IPCA - Variacao mensal,%,ipca_geral,IPCA - Geral,0.33
202602,2026,2,2265,IPCA - Variacao mensal,%,ipca_geral,IPCA - Geral,0.7
202603,2026,3,2265,IPCA - Variacao mensal,%,ipca_geral,IPCA - Geral,0.88
202604,2026,4,2265,IPCA - Variacao mensal,%,ipca_geral,IPCA - Geral,0.67
201501,2015,1,2265,IPCA - Variacao mensal,%,leite,IPCA - Leite e derivados,6.8057
201502,2015,2,2265,IPCA - Variacao mensal,%,leite,IPCA - Leite e derivados,1.2294
201503,2015,3,2265,IPCA - Variacao mensal,%,leite,IPCA - Leite e derivados,0.439
201504,2015,4,2265,IPCA - Variacao mensal,%,leite,IPCA - Leite e derivados,1.4976
201505,2015,5,2265,IPCA - Variacao mensal,%,leite,IPCA - Leite e derivados,2.1702
201506,2015,6,2265,IPCA - Variacao mensal,%,leite,IPCA - Leite e derivados,-4.8213
201507,2015,7,2265,IPCA - Variacao mensal,%,leite,IPCA - Leite e derivados,1.8479
201508,2015,8,2265,IPCA - Variacao mensal,%,leite,IPCA - Leite e derivados,-2.2028
201509,2015,9,2265,IPCA - Variacao mensal,%,leite,IPCA - Leite e derivados,0.2282
201510,2015,10,2265,IPCA - Variacao mensal,%,leite,IPCA - Leite e derivados,0.1242
201511,2015,11,2265,IPCA - Variacao mensal,%,leite,IPCA - Leite e derivados,6.9638
201512,2015,12,2265,IPCA - Variacao mensal,%,leite,IPCA - Leite e derivados,4.0642
201601,2016,1,2265,IPCA - Variacao mensal,%,leite,IPCA - Leite e derivados,10.8275
201602,2016,2,2265,IPCA - Variacao mensal,%,leite,IPCA - Leite e derivados,-4.1727
201603,2016,3,2265,IPCA - Variacao mensal,%,leite,IPCA - Leite e derivados,2.136
201604,2016,4,2265,IPCA - Variacao mensal,%,leite,IPCA - Leite e derivados,-2.3481
201605,2016,5,2265,IPCA - Variacao mensal,%,leite,IPCA - Leite e derivados,2.3194
201606,2016,6,2265,IPCA - Variacao mensal,%,leite,IPCA - Leite e derivados,4.2399
201607,2016,7,2265,IPCA - Variacao mensal,%,leite,IPCA - Leite e derivados,-0.6388
201608,2016,8,2265,IPCA - Variacao mensal,%,leite,IPCA - Leite e derivados,1.5457
201609,2016,9,2265,IPCA - Variacao mensal,%,leite,IPCA - Leite e derivados,-1.883
201610,2016,10,2265,IPCA - Variacao mensal,%,leite,IPCA - Leite e derivados,-0.7306
201611,2016,11,2265,IPCA - Variacao mensal,%,leite,IPCA - Leite e derivados,-4.1986
201612,2016,12,2265,IPCA - Variacao mensal,%,leite,IPCA - Leite e derivados,-1.5565
201701,2017,1,2265,IPCA - Variacao mensal,%,leite,IPCA - Leite e derivados,-1.2593
201702,2017,2,2265,IPCA - Variacao mensal,%,leite,IPCA - Leite e derivados,-3.0871
201703,2017,3,2265,IPCA - Variacao mensal,%,leite,IPCA - Leite e derivados,2.0945
201704,2017,4,2265,IPCA - Variacao mensal,%,leite,IPCA - Leite e derivados,3.0578
201705,2017,5,2265,IPCA - Variacao mensal,%,leite,IPCA - Leite e derivados,-1.7012
201706,2017,6,2265,IPCA - Variacao mensal,%,leite,IPCA - Leite e derivados,-4.0271
201707,2017,7,2265,IPCA - Variacao mensal,%,leite,IPCA - Leite e derivados,2.3528
201708,2017,8,2265,IPCA - Variacao mensal,%,leite,IPCA - Leite e derivados,-4.8581
201709,2017,9,2265,IPCA - Variacao mensal,%,leite,IPCA - Leite e derivados,-0.8848
201710,2017,10,2265,IPCA - Variacao mensal,%,leite,IPCA - Leite e derivados,1.1249
201711,2017,11,2265,IPCA - Variacao mensal,%,leite,IPCA - Leite e derivados,-1.689
201712,2017,12,2265,IPCA - Variacao mensal,%,leite,IPCA - Leite e derivados,0.5282
201801,2018,1,2265,IPCA - Variacao mensal,%,leite,IPCA - Leite e derivados,5.0911
201802,2018,2,2265,IPCA - Variacao mensal,%,leite,IPCA - Leite e derivados,0.4947
201803,2018,3,2265,IPCA - Variacao mensal,%,leite,IPCA - Leite e derivados,-0.9872
201804,2018,4,2265,IPCA - Variacao mensal,%,leite,IPCA - Leite e derivados,-0.4099
201805,2018,5,2265,IPCA - Variacao mensal,%,leite,IPCA - Leite e derivados,-0.3904
201806,2018,6,2265,IPCA - Variacao mensal,%,leite,IPCA - Leite e derivados,-0.3172
201807,2018,7,2265,IPCA - Variacao mensal,%,leite,IPCA - Leite e derivados,-2.8455
201808,2018,8,2265,IPCA - Variacao mensal,%,leite,IPCA - Leite e derivados,-1.4727
201809,2018,9,2265,IPCA - Variacao mensal,%,leite,IPCA - Leite e derivados,0.2514
201810,2018,10,2265,IPCA - Variacao mensal,%,leite,IPCA - Leite e derivados,3.8848
201811,2018,11,2265,IPCA - Variacao mensal,%,leite,IPCA - Leite e derivados,7.8145
201812,2018,12,2265,IPCA - Variacao mensal,%,leite,IPCA - Leite e derivados,1.6945
201901,2019,1,2265,IPCA - Variacao mensal,%,leite,IPCA - Leite e derivados,-0.8099
201902,2019,2,2265,IPCA - Variacao mensal,%,leite,IPCA - Leite e derivados,4.8347
201903,2019,3,2265,IPCA - Variacao mensal,%,leite,IPCA - Leite e derivados,4.2965
201904,2019,4,2265,IPCA - Variacao mensal,%,leite,IPCA - Leite e derivados,3.0795
201905,2019,5,2265,IPCA - Variacao mensal,%,leite,IPCA - Leite e derivados,-7.0167
201906,2019,6,2265,IPCA - Variacao mensal,%,leite,IPCA - Leite e derivados,1.0474
201907,2019,7,2265,IPCA - Variacao mensal,%,leite,IPCA - Leite e derivados,-3.324
201908,2019,8,2265,IPCA - Variacao mensal,%,leite,IPCA - Leite e derivados,-3.3467
201909,2019,9,2265,IPCA - Variacao mensal,%,leite,IPCA - Leite e derivados,-2.5452
201910,2019,10,2265,IPCA - Variacao mensal,%,leite,IPCA - Leite e derivados,0.2353
201911,2019,11,2265,IPCA - Variacao mensal,%,leite,IPCA - Leite e derivados,0.4415
201912,2019,12,2265,IPCA - Variacao mensal,%,leite,IPCA - Leite e derivados,13.0418
202001,2020,1,2265,IPCA - Variacao mensal,%,leite,IPCA - Leite e derivados,2.5713
202002,2020,2,2265,IPCA - Variacao mensal,%,leite,IPCA - Leite e derivados,0.6026
202003,2020,3,2265,IPCA - Variacao mensal,%,leite,IPCA - Leite e derivados,0.4748
202004,2020,4,2265,IPCA - Variacao mensal,%,leite,IPCA - Leite e derivados,5.0447
202005,2020,5,2265,IPCA - Variacao mensal,%,leite,IPCA - Leite e derivados,-0.1094
202006,2020,6,2265,IPCA - Variacao mensal,%,leite,IPCA - Leite e derivados,-1.8243
202007,2020,7,2265,IPCA - Variacao mensal,%,leite,IPCA - Leite e derivados,-2.1318
202008,2020,8,2265,IPCA - Variacao mensal,%,leite,IPCA - Leite e derivados,2.7975
202009,2020,9,2265,IPCA - Variacao mensal,%,leite,IPCA - Leite e derivados,2.8343
202010,2020,10,2265,IPCA - Variacao mensal,%,leite,IPCA - Leite e derivados,5.1259
202011,2020,11,2265,IPCA - Variacao mensal,%,leite,IPCA - Leite e derivados,6.8786
202012,2020,12,2265,IPCA - Variacao mensal,%,leite,IPCA - Leite e derivados,2.9256
202101,2021,1,2265,IPCA - Variacao mensal,%,leite,IPCA - Leite e derivados,4.1739
202102,2021,2,2265,IPCA - Variacao mensal,%,leite,IPCA - Leite e derivados,-3.1625
202103,2021,3,2265,IPCA - Variacao mensal,%,leite,IPCA - Leite e derivados,-3.114
202104,2021,4,2265,IPCA - Variacao mensal,%,leite,IPCA - Leite e derivados,1.8194
202106,2021,6,2265,IPCA - Variacao mensal,%,leite,IPCA - Leite e derivados,-5.9688
202107,2021,7,2265,IPCA - Variacao mensal,%,leite,IPCA - Leite e derivados,3.2857
202108,2021,8,2265,IPCA - Variacao mensal,%,leite,IPCA - Leite e derivados,2.4495
202109,2021,9,2265,IPCA - Variacao mensal,%,leite,IPCA - Leite e derivados,3.4923
202110,2021,10,2265,IPCA - Variacao mensal,%,leite,IPCA - Leite e derivados,2.7772
202111,2021,11,2265,IPCA - Variacao mensal,%,leite,IPCA - Leite e derivados,-0.638
202112,2021,12,2265,IPCA - Variacao mensal,%,leite,IPCA - Leite e derivados,1.7127
202201,2022,1,2265,IPCA - Variacao mensal,%,leite,IPCA - Leite e derivados,4.5723
202202,2022,2,2265,IPCA - Variacao mensal,%,leite,IPCA - Leite e derivados,1.4506
202203,2022,3,2265,IPCA - Variacao mensal,%,leite,IPCA - Leite e derivados,4.2772
202204,2022,4,2265,IPCA - Variacao mensal,%,leite,IPCA - Leite e derivados,3.576
202205,2022,5,2265,IPCA - Variacao mensal,%,leite,IPCA - Leite e derivados,-5.8104
202206,2022,6,2265,IPCA - Variacao mensal,%,leite,IPCA - Leite e derivados,-0.666
202207,2022,7,2265,IPCA - Variacao mensal,%,leite,IPCA - Leite e derivados,0.5087
202208,2022,8,2265,IPCA - Variacao mensal,%,leite,IPCA - Leite e derivados,-2.1286
202209,2022,9,2265,IPCA - Variacao mensal,%,leite,IPCA - Leite e derivados,1.8756
202210,2022,10,2265,IPCA - Variacao mensal,%,leite,IPCA - Leite e derivados,1.878
202211,2022,11,2265,IPCA - Variacao mensal,%,leite,IPCA - Leite e derivados,4.6802
202212,2022,12,2265,IPCA - Variacao mensal,%,leite,IPCA - Leite e derivados,0.4255
202301,2023,1,2265,IPCA - Variacao mensal,%,leite,IPCA - Leite e derivados,1.6673
202302,2023,2,2265,IPCA - Variacao mensal,%,leite,IPCA - Leite e derivados,-3.9651
202303,2023,3,2265,IPCA - Variacao mensal,%,leite,IPCA - Leite e derivados,-3.7199
202304,2023,4,2265,IPCA - Variacao mensal,%,leite,IPCA - Leite e derivados,2.1984
202305,2023,5,2265,IPCA - Variacao mensal,%,leite,IPCA - Leite e derivados,-0.3199
202306,2023,6,2265,IPCA - Variacao mensal,%,leite,IPCA - Leite e derivados,-1.6196
202307,2023,7,2265,IPCA - Variacao mensal,%,leite,IPCA - Leite e derivados,-0.4939
202308,2023,8,2265,IPCA - Variacao mensal,%,leite,IPCA - Leite e derivados,-1.0356
202309,2023,9,2265,IPCA - Variacao mensal,%,leite,IPCA - Leite e derivados,-1.8947
202310,2023,10,2265,IPCA - Variacao mensal,%,leite,IPCA - Leite e derivados,-0.9562
202311,2023,11,2265,IPCA - Variacao mensal,%,leite,IPCA - Leite e derivados,1.9053
202312,2023,12,2265,IPCA - Variacao mensal,%,leite,IPCA - Leite e derivados,2.5966
202401,2024,1,2265,IPCA - Variacao mensal,%,leite,IPCA - Leite e derivados,10.4283
202402,2024,2,2265,IPCA - Variacao mensal,%,leite,IPCA - Leite e derivados,0.3767
202403,2024,3,2265,IPCA - Variacao mensal,%,leite,IPCA - Leite e derivados,-2.0551
202404,2024,4,2265,IPCA - Variacao mensal,%,leite,IPCA - Leite e derivados,0.0267
202405,2024,5,2265,IPCA - Variacao mensal,%,leite,IPCA - Leite e derivados,-2.7094
202406,2024,6,2265,IPCA - Variacao mensal,%,leite,IPCA - Leite e derivados,1.1768
202407,2024,7,2265,IPCA - Variacao mensal,%,leite,IPCA - Leite e derivados,-6.3944
202408,2024,8,2265,IPCA - Variacao mensal,%,leite,IPCA - Leite e derivados,-0.2193
202409,2024,9,2265,IPCA - Variacao mensal,%,leite,IPCA - Leite e derivados,-0.5815
202410,2024,10,2265,IPCA - Variacao mensal,%,leite,IPCA - Leite e derivados,4.0879
202411,2024,11,2265,IPCA - Variacao mensal,%,leite,IPCA - Leite e derivados,1.3022
202412,2024,12,2265,IPCA - Variacao mensal,%,leite,IPCA - Leite e derivados,1.1457
202501,2025,1,2265,IPCA - Variacao mensal,%,leite,IPCA - Leite e derivados,3.273
202502,2025,2,2265,IPCA - Variacao mensal,%,leite,IPCA - Leite e derivados,1.1847
202503,2025,3,2265,IPCA - Variacao mensal,%,leite,IPCA - Leite e derivados,2.4917
202504,2025,4,2265,IPCA - Variacao mensal,%,leite,IPCA - Leite e derivados,1.1423
202505,2025,5,2265,IPCA - Variacao mensal,%,leite,IPCA - Leite e derivados,-2.5033
202506,2025,6,2265,IPCA - Variacao mensal,%,leite,IPCA - Leite e derivados,-0.9717
201501,2015,1,2265,IPCA - Variacao mensal,%,oleos,IPCA - Oleos e gorduras,3.2935
201502,2015,2,2265,IPCA - Variacao mensal,%,oleos,IPCA - Oleos e gorduras,4.3558
201503,2015,3,2265,IPCA - Variacao mensal,%,oleos,IPCA - Oleos e gorduras,-0.1519
201504,2015,4,2265,IPCA - Variacao mensal,%,oleos,IPCA - Oleos e gorduras,3.9833
201505,2015,5,2265,IPCA - Variacao mensal,%,oleos,IPCA - Oleos e gorduras,3.8839
201506,2015,6,2265,IPCA - Variacao mensal,%,oleos,IPCA - Oleos e gorduras,-3.0889
201507,2015,7,2265,IPCA - Variacao mensal,%,oleos,IPCA - Oleos e gorduras,-3.0321
201508,2015,8,2265,IPCA - Variacao mensal,%,oleos,IPCA - Oleos e gorduras,-2.4593
201509,2015,9,2265,IPCA - Variacao mensal,%,oleos,IPCA - Oleos e gorduras,-1.2711
201510,2015,10,2265,IPCA - Variacao mensal,%,oleos,IPCA - Oleos e gorduras,0.9727
201511,2015,11,2265,IPCA - Variacao mensal,%,oleos,IPCA - Oleos e gorduras,5.8395
201512,2015,12,2265,IPCA - Variacao mensal,%,oleos,IPCA - Oleos e gorduras,2.575
201601,2016,1,2265,IPCA - Variacao mensal,%,oleos,IPCA - Oleos e gorduras,6.221
201602,2016,2,2265,IPCA - Variacao mensal,%,oleos,IPCA - Oleos e gorduras,0.7868
201603,2016,3,2265,IPCA - Variacao mensal,%,oleos,IPCA - Oleos e gorduras,-1.7511
201604,2016,4,2265,IPCA - Variacao mensal,%,oleos,IPCA - Oleos e gorduras,2.6106
201605,2016,5,2265,IPCA - Variacao mensal,%,oleos,IPCA - Oleos e gorduras,0.8969
201606,2016,6,2265,IPCA - Variacao mensal,%,oleos,IPCA - Oleos e gorduras,4.3349
201607,2016,7,2265,IPCA - Variacao mensal,%,oleos,IPCA - Oleos e gorduras,2.9848
201608,2016,8,2265,IPCA - Variacao mensal,%,oleos,IPCA - Oleos e gorduras,0.7804
201609,2016,9,2265,IPCA - Variacao mensal,%,oleos,IPCA - Oleos e gorduras,0.5691
201610,2016,10,2265,IPCA - Variacao mensal,%,oleos,IPCA - Oleos e gorduras,-0.1741
201611,2016,11,2265,IPCA - Variacao mensal,%,oleos,IPCA - Oleos e gorduras,-3.3551
201612,2016,12,2265,IPCA - Variacao mensal,%,oleos,IPCA - Oleos e gorduras,-0.7417
201701,2017,1,2265,IPCA - Variacao mensal,%,oleos,IPCA - Oleos e gorduras,-0.6677
201702,2017,2,2265,IPCA - Variacao mensal,%,oleos,IPCA - Oleos e gorduras,0.5921
201703,2017,3,2265,IPCA - Variacao mensal,%,oleos,IPCA - Oleos e gorduras,3.5373
201704,2017,4,2265,IPCA - Variacao mensal,%,oleos,IPCA - Oleos e gorduras,1.3018
201705,2017,5,2265,IPCA - Variacao mensal,%,oleos,IPCA - Oleos e gorduras,-1.0546
201706,2017,6,2265,IPCA - Variacao mensal,%,oleos,IPCA - Oleos e gorduras,-2.918
201707,2017,7,2265,IPCA - Variacao mensal,%,oleos,IPCA - Oleos e gorduras,1.0809
201708,2017,8,2265,IPCA - Variacao mensal,%,oleos,IPCA - Oleos e gorduras,-6.1511
201709,2017,9,2265,IPCA - Variacao mensal,%,oleos,IPCA - Oleos e gorduras,-3.6356
201710,2017,10,2265,IPCA - Variacao mensal,%,oleos,IPCA - Oleos e gorduras,0.3674
201711,2017,11,2265,IPCA - Variacao mensal,%,oleos,IPCA - Oleos e gorduras,0.9597
201712,2017,12,2265,IPCA - Variacao mensal,%,oleos,IPCA - Oleos e gorduras,0.9049
201801,2018,1,2265,IPCA - Variacao mensal,%,oleos,IPCA - Oleos e gorduras,8.8472
201802,2018,2,2265,IPCA - Variacao mensal,%,oleos,IPCA - Oleos e gorduras,-3.1957
201803,2018,3,2265,IPCA - Variacao mensal,%,oleos,IPCA - Oleos e gorduras,-1.6334
201804,2018,4,2265,IPCA - Variacao mensal,%,oleos,IPCA - Oleos e gorduras,-1.6285
201805,2018,5,2265,IPCA - Variacao mensal,%,oleos,IPCA - Oleos e gorduras,1.0395
201806,2018,6,2265,IPCA - Variacao mensal,%,oleos,IPCA - Oleos e gorduras,2.9105
201807,2018,7,2265,IPCA - Variacao mensal,%,oleos,IPCA - Oleos e gorduras,-2.8538
201808,2018,8,2265,IPCA - Variacao mensal,%,oleos,IPCA - Oleos e gorduras,-1.6066
201809,2018,9,2265,IPCA - Variacao mensal,%,oleos,IPCA - Oleos e gorduras,-1.5822
201810,2018,10,2265,IPCA - Variacao mensal,%,oleos,IPCA - Oleos e gorduras,-0.1211
201811,2018,11,2265,IPCA - Variacao mensal,%,oleos,IPCA - Oleos e gorduras,0.7002
201812,2018,12,2265,IPCA - Variacao mensal,%,oleos,IPCA - Oleos e gorduras,2.7663
201901,2019,1,2265,IPCA - Variacao mensal,%,oleos,IPCA - Oleos e gorduras,3.0551
201902,2019,2,2265,IPCA - Variacao mensal,%,oleos,IPCA - Oleos e gorduras,6.7504
201903,2019,3,2265,IPCA - Variacao mensal,%,oleos,IPCA - Oleos e gorduras,6.2384
201904,2019,4,2265,IPCA - Variacao mensal,%,oleos,IPCA - Oleos e gorduras,2.7794
201905,2019,5,2265,IPCA - Variacao mensal,%,oleos,IPCA - Oleos e gorduras,-0.9827
201906,2019,6,2265,IPCA - Variacao mensal,%,oleos,IPCA - Oleos e gorduras,-2.1745
201907,2019,7,2265,IPCA - Variacao mensal,%,oleos,IPCA - Oleos e gorduras,-4.0202
201908,2019,8,2265,IPCA - Variacao mensal,%,oleos,IPCA - Oleos e gorduras,-7.037
201909,2019,9,2265,IPCA - Variacao mensal,%,oleos,IPCA - Oleos e gorduras,-0.5276
201910,2019,10,2265,IPCA - Variacao mensal,%,oleos,IPCA - Oleos e gorduras,-3.0263
201911,2019,11,2265,IPCA - Variacao mensal,%,oleos,IPCA - Oleos e gorduras,1.752
201912,2019,12,2265,IPCA - Variacao mensal,%,oleos,IPCA - Oleos e gorduras,10.3107
202001,2020,1,2265,IPCA - Variacao mensal,%,oleos,IPCA - Oleos e gorduras,1.4332
202002,2020,2,2265,IPCA - Variacao mensal,%,oleos,IPCA - Oleos e gorduras,4.2696
202003,2020,3,2265,IPCA - Variacao mensal,%,oleos,IPCA - Oleos e gorduras,4.9571
202004,2020,4,2265,IPCA - Variacao mensal,%,oleos,IPCA - Oleos e gorduras,0.5352
202005,2020,5,2265,IPCA - Variacao mensal,%,oleos,IPCA - Oleos e gorduras,0.3012
202006,2020,6,2265,IPCA - Variacao mensal,%,oleos,IPCA - Oleos e gorduras,3.0007
202007,2020,7,2265,IPCA - Variacao mensal,%,oleos,IPCA - Oleos e gorduras,-2.6669
202008,2020,8,2265,IPCA - Variacao mensal,%,oleos,IPCA - Oleos e gorduras,-2.5983
202009,2020,9,2265,IPCA - Variacao mensal,%,oleos,IPCA - Oleos e gorduras,0.677
202010,2020,10,2265,IPCA - Variacao mensal,%,oleos,IPCA - Oleos e gorduras,3.4217
202011,2020,11,2265,IPCA - Variacao mensal,%,oleos,IPCA - Oleos e gorduras,4.2747
202012,2020,12,2265,IPCA - Variacao mensal,%,oleos,IPCA - Oleos e gorduras,0.7378
202101,2021,1,2265,IPCA - Variacao mensal,%,oleos,IPCA - Oleos e gorduras,-0.9372
202102,2021,2,2265,IPCA - Variacao mensal,%,oleos,IPCA - Oleos e gorduras,2.1871
202103,2021,3,2265,IPCA - Variacao mensal,%,oleos,IPCA - Oleos e gorduras,2.8271
202104,2021,4,2265,IPCA - Variacao mensal,%,oleos,IPCA - Oleos e gorduras,0.1403
202105,2021,5,2265,IPCA - Variacao mensal,%,oleos,IPCA - Oleos e gorduras,4.9077
202106,2021,6,2265,IPCA - Variacao mensal,%,oleos,IPCA - Oleos e gorduras,-0.299
202107,2021,7,2265,IPCA - Variacao mensal,%,oleos,IPCA - Oleos e gorduras,1.2615
202108,2021,8,2265,IPCA - Variacao mensal,%,oleos,IPCA - Oleos e gorduras,0.3021
202109,2021,9,2265,IPCA - Variacao mensal,%,oleos,IPCA - Oleos e gorduras,-2.9033
202110,2021,10,2265,IPCA - Variacao mensal,%,oleos,IPCA - Oleos e gorduras,2.3049
202111,2021,11,2265,IPCA - Variacao mensal,%,oleos,IPCA - Oleos e gorduras,3.2537
202112,2021,12,2265,IPCA - Variacao mensal,%,oleos,IPCA - Oleos e gorduras,1.6236
202201,2022,1,2265,IPCA - Variacao mensal,%,oleos,IPCA - Oleos e gorduras,4.0639
202202,2022,2,2265,IPCA - Variacao mensal,%,oleos,IPCA - Oleos e gorduras,1.1142
202203,2022,3,2265,IPCA - Variacao mensal,%,oleos,IPCA - Oleos e gorduras,3.2538
202204,2022,4,2265,IPCA - Variacao mensal,%,oleos,IPCA - Oleos e gorduras,3.4832
202205,2022,5,2265,IPCA - Variacao mensal,%,oleos,IPCA - Oleos e gorduras,-1.5033
202206,2022,6,2265,IPCA - Variacao mensal,%,oleos,IPCA - Oleos e gorduras,4.3263
202207,2022,7,2265,IPCA - Variacao mensal,%,oleos,IPCA - Oleos e gorduras,-3.9572
202208,2022,8,2265,IPCA - Variacao mensal,%,oleos,IPCA - Oleos e gorduras,-1.1641
202209,2022,9,2265,IPCA - Variacao mensal,%,oleos,IPCA - Oleos e gorduras,0.136
202210,2022,10,2265,IPCA - Variacao mensal,%,oleos,IPCA - Oleos e gorduras,-1.398
202211,2022,11,2265,IPCA - Variacao mensal,%,oleos,IPCA - Oleos e gorduras,-1.1249
202212,2022,12,2265,IPCA - Variacao mensal,%,oleos,IPCA - Oleos e gorduras,3.0708
202301,2023,1,2265,IPCA - Variacao mensal,%,oleos,IPCA - Oleos e gorduras,6.4686
202302,2023,2,2265,IPCA - Variacao mensal,%,oleos,IPCA - Oleos e gorduras,0.6413
202303,2023,3,2265,IPCA - Variacao mensal,%,oleos,IPCA - Oleos e gorduras,-1.7759
202304,2023,4,2265,IPCA - Variacao mensal,%,oleos,IPCA - Oleos e gorduras,-1.478
202305,2023,5,2265,IPCA - Variacao mensal,%,oleos,IPCA - Oleos e gorduras,-0.6238
202306,2023,6,2265,IPCA - Variacao mensal,%,oleos,IPCA - Oleos e gorduras,5.0003
202307,2023,7,2265,IPCA - Variacao mensal,%,oleos,IPCA - Oleos e gorduras,-2.9465
202308,2023,8,2265,IPCA - Variacao mensal,%,oleos,IPCA - Oleos e gorduras,-5.2897
202309,2023,9,2265,IPCA - Variacao mensal,%,oleos,IPCA - Oleos e gorduras,3.0645
202310,2023,10,2265,IPCA - Variacao mensal,%,oleos,IPCA - Oleos e gorduras,-2.8164
202311,2023,11,2265,IPCA - Variacao mensal,%,oleos,IPCA - Oleos e gorduras,-2.5459
202312,2023,12,2265,IPCA - Variacao mensal,%,oleos,IPCA - Oleos e gorduras,-1.9813
202401,2024,1,2265,IPCA - Variacao mensal,%,oleos,IPCA - Oleos e gorduras,3.5338
202402,2024,2,2265,IPCA - Variacao mensal,%,oleos,IPCA - Oleos e gorduras,0.6253
202403,2024,3,2265,IPCA - Variacao mensal,%,oleos,IPCA - Oleos e gorduras,4.4916
202404,2024,4,2265,IPCA - Variacao mensal,%,oleos,IPCA - Oleos e gorduras,4.4439
202405,2024,5,2265,IPCA - Variacao mensal,%,oleos,IPCA - Oleos e gorduras,1.2448
202406,2024,6,2265,IPCA - Variacao mensal,%,oleos,IPCA - Oleos e gorduras,-6.3756
202407,2024,7,2265,IPCA - Variacao mensal,%,oleos,IPCA - Oleos e gorduras,-4.0331
202408,2024,8,2265,IPCA - Variacao mensal,%,oleos,IPCA - Oleos e gorduras,-3.3802
202409,2024,9,2265,IPCA - Variacao mensal,%,oleos,IPCA - Oleos e gorduras,-0.3023
202410,2024,10,2265,IPCA - Variacao mensal,%,oleos,IPCA - Oleos e gorduras,4.0126
202411,2024,11,2265,IPCA - Variacao mensal,%,oleos,IPCA - Oleos e gorduras,3.004
202412,2024,12,2265,IPCA - Variacao mensal,%,oleos,IPCA - Oleos e gorduras,4.0065
202501,2025,1,2265,IPCA - Variacao mensal,%,oleos,IPCA - Oleos e gorduras,2.7198
202502,2025,2,2265,IPCA - Variacao mensal,%,oleos,IPCA - Oleos e gorduras,2.2819
202503,2025,3,2265,IPCA - Variacao mensal,%,oleos,IPCA - Oleos e gorduras,-1.8672
202504,2025,4,2265,IPCA - Variacao mensal,%,oleos,IPCA - Oleos e gorduras,3.2256
202505,2025,5,2265,IPCA - Variacao mensal,%,oleos,IPCA - Oleos e gorduras,-1.8265
202506,2025,6,2265,IPCA - Variacao mensal,%,oleos,IPCA - Oleos e gorduras,-1.2481
201501,2015,1,2265,IPCA - Variacao mensal,%,panificados,IPCA - Panificados,7.262
201502,2015,2,2265,IPCA - Variacao mensal,%,panificados,IPCA - Panificados,0.5939
201503,2015,3,2265,IPCA - Variacao mensal,%,panificados,IPCA - Panificados,-1.0599
201504,2015,4,2265,IPCA - Variacao mensal,%,panificados,IPCA - Panificados,1.7248
201505,2015,5,2265,IPCA - Variacao mensal,%,panificados,IPCA - Panificados,3.4162
201506,2015,6,2265,IPCA - Variacao mensal,%,panificados,IPCA - Panificados,-2.8685
201507,2015,7,2265,IPCA - Variacao mensal,%,panificados,IPCA - Panificados,-1.2986
201508,2015,8,2265,IPCA - Variacao mensal,%,panificados,IPCA - Panificados,-3.4597
201509,2015,9,2265,IPCA - Variacao mensal,%,panificados,IPCA - Panificados,-1.2782
201510,2015,10,2265,IPCA - Variacao mensal,%,panificados,IPCA - Panificados,2.0989
201511,2015,11,2265,IPCA - Variacao mensal,%,panificados,IPCA - Panificados,9.2246
201512,2015,12,2265,IPCA - Variacao mensal,%,panificados,IPCA - Panificados,4.1592
201601,2016,1,2265,IPCA - Variacao mensal,%,panificados,IPCA - Panificados,14.9721
201602,2016,2,2265,IPCA - Variacao mensal,%,panificados,IPCA - Panificados,-2.8931
201603,2016,3,2265,IPCA - Variacao mensal,%,panificados,IPCA - Panificados,1.3791
201604,2016,4,2265,IPCA - Variacao mensal,%,panificados,IPCA - Panificados,-3.8359
201605,2016,5,2265,IPCA - Variacao mensal,%,panificados,IPCA - Panificados,3.2548
201606,2016,6,2265,IPCA - Variacao mensal,%,panificados,IPCA - Panificados,1.5399
201607,2016,7,2265,IPCA - Variacao mensal,%,panificados,IPCA - Panificados,-0.2319
201608,2016,8,2265,IPCA - Variacao mensal,%,panificados,IPCA - Panificados,0.8785
201609,2016,9,2265,IPCA - Variacao mensal,%,panificados,IPCA - Panificados,2.371
201610,2016,10,2265,IPCA - Variacao mensal,%,panificados,IPCA - Panificados,-5.4417
201611,2016,11,2265,IPCA - Variacao mensal,%,panificados,IPCA - Panificados,-0.0389
201612,2016,12,2265,IPCA - Variacao mensal,%,panificados,IPCA - Panificados,-1.1381
201701,2017,1,2265,IPCA - Variacao mensal,%,panificados,IPCA - Panificados,0.2177
201702,2017,2,2265,IPCA - Variacao mensal,%,panificados,IPCA - Panificados,-3.712
201703,2017,3,2265,IPCA - Variacao mensal,%,panificados,IPCA - Panificados,-0.2881
201704,2017,4,2265,IPCA - Variacao mensal,%,panificados,IPCA - Panificados,2.884
201705,2017,5,2265,IPCA - Variacao mensal,%,panificados,IPCA - Panificados,-1.1325
201706,2017,6,2265,IPCA - Variacao mensal,%,panificados,IPCA - Panificados,-4.1772
201707,2017,7,2265,IPCA - Variacao mensal,%,panificados,IPCA - Panificados,0.1284
201708,2017,8,2265,IPCA - Variacao mensal,%,panificados,IPCA - Panificados,-2.1855
201709,2017,9,2265,IPCA - Variacao mensal,%,panificados,IPCA - Panificados,-3.407
201710,2017,10,2265,IPCA - Variacao mensal,%,panificados,IPCA - Panificados,1.5012
201711,2017,11,2265,IPCA - Variacao mensal,%,panificados,IPCA - Panificados,-2.1246
201712,2017,12,2265,IPCA - Variacao mensal,%,panificados,IPCA - Panificados,-0.1971
201801,2018,1,2265,IPCA - Variacao mensal,%,panificados,IPCA - Panificados,9.6716
201802,2018,2,2265,IPCA - Variacao mensal,%,panificados,IPCA - Panificados,-1.8776
201803,2018,3,2265,IPCA - Variacao mensal,%,panificados,IPCA - Panificados,-0.9983
201804,2018,4,2265,IPCA - Variacao mensal,%,panificados,IPCA - Panificados,-0.566
201805,2018,5,2265,IPCA - Variacao mensal,%,panificados,IPCA - Panificados,0.5816
201806,2018,6,2265,IPCA - Variacao mensal,%,panificados,IPCA - Panificados,2.0685
201807,2018,7,2265,IPCA - Variacao mensal,%,panificados,IPCA - Panificados,-5.4913
201808,2018,8,2265,IPCA - Variacao mensal,%,panificados,IPCA - Panificados,-1.2092
201809,2018,9,2265,IPCA - Variacao mensal,%,panificados,IPCA - Panificados,1.1721
201810,2018,10,2265,IPCA - Variacao mensal,%,panificados,IPCA - Panificados,4.7239
201811,2018,11,2265,IPCA - Variacao mensal,%,panificados,IPCA - Panificados,5.4458
201812,2018,12,2265,IPCA - Variacao mensal,%,panificados,IPCA - Panificados,1.1629
201901,2019,1,2265,IPCA - Variacao mensal,%,panificados,IPCA - Panificados,-2.0031
201902,2019,2,2265,IPCA - Variacao mensal,%,panificados,IPCA - Panificados,0.103
201903,2019,3,2265,IPCA - Variacao mensal,%,panificados,IPCA - Panificados,11.0867
201904,2019,4,2265,IPCA - Variacao mensal,%,panificados,IPCA - Panificados,2.5435
201905,2019,5,2265,IPCA - Variacao mensal,%,panificados,IPCA - Panificados,0.0575
201906,2019,6,2265,IPCA - Variacao mensal,%,panificados,IPCA - Panificados,-6.6489
201907,2019,7,2265,IPCA - Variacao mensal,%,panificados,IPCA - Panificados,-1.2376
201908,2019,8,2265,IPCA - Variacao mensal,%,panificados,IPCA - Panificados,-3.5213
201909,2019,9,2265,IPCA - Variacao mensal,%,panificados,IPCA - Panificados,-3.1007
201910,2019,10,2265,IPCA - Variacao mensal,%,panificados,IPCA - Panificados,5.2142
201912,2019,12,2265,IPCA - Variacao mensal,%,panificados,IPCA - Panificados,7.239
202001,2020,1,2265,IPCA - Variacao mensal,%,panificados,IPCA - Panificados,1.9561
202002,2020,2,2265,IPCA - Variacao mensal,%,panificados,IPCA - Panificados,-0.2877
202003,2020,3,2265,IPCA - Variacao mensal,%,panificados,IPCA - Panificados,0.4919
202004,2020,4,2265,IPCA - Variacao mensal,%,panificados,IPCA - Panificados,-2.681
202005,2020,5,2265,IPCA - Variacao mensal,%,panificados,IPCA - Panificados,-6.3841
202006,2020,6,2265,IPCA - Variacao mensal,%,panificados,IPCA - Panificados,2.122
202007,2020,7,2265,IPCA - Variacao mensal,%,panificados,IPCA - Panificados,-0.1088
202008,2020,8,2265,IPCA - Variacao mensal,%,panificados,IPCA - Panificados,-1.4846
202009,2020,9,2265,IPCA - Variacao mensal,%,panificados,IPCA - Panificados,0.5595
202010,2020,10,2265,IPCA - Variacao mensal,%,panificados,IPCA - Panificados,10.0323
202011,2020,11,2265,IPCA - Variacao mensal,%,panificados,IPCA - Panificados,16.7509
202012,2020,12,2265,IPCA - Variacao mensal,%,panificados,IPCA - Panificados,3.3494
202101,2021,1,2265,IPCA - Variacao mensal,%,panificados,IPCA - Panificados,3.8001
202102,2021,2,2265,IPCA - Variacao mensal,%,panificados,IPCA - Panificados,-3.7229
202103,2021,3,2265,IPCA - Variacao mensal,%,panificados,IPCA - Panificados,-1.8058
202104,2021,4,2265,IPCA - Variacao mensal,%,panificados,IPCA - Panificados,1.1313
202105,2021,5,2265,IPCA - Variacao mensal,%,panificados,IPCA - Panificados,0.1549
202106,2021,6,2265,IPCA - Variacao mensal,%,panificados,IPCA - Panificados,-0.5525
202107,2021,7,2265,IPCA - Variacao mensal,%,panificados,IPCA - Panificados,-0.4513
202108,2021,8,2265,IPCA - Variacao mensal,%,panificados,IPCA - Panificados,2.1018
202109,2021,9,2265,IPCA - Variacao mensal,%,panificados,IPCA - Panificados,3.8783
202110,2021,10,2265,IPCA - Variacao mensal,%,panificados,IPCA - Panificados,4.2807
202111,2021,11,2265,IPCA - Variacao mensal,%,panificados,IPCA - Panificados,-1.8848
202112,2021,12,2265,IPCA - Variacao mensal,%,panificados,IPCA - Panificados,-1.6441
202201,2022,1,2265,IPCA - Variacao mensal,%,panificados,IPCA - Panificados,6.3598
202202,2022,2,2265,IPCA - Variacao mensal,%,panificados,IPCA - Panificados,1.496
202203,2022,3,2265,IPCA - Variacao mensal,%,panificados,IPCA - Panificados,5.018
202204,2022,4,2265,IPCA - Variacao mensal,%,panificados,IPCA - Panificados,5.2366
202205,2022,5,2265,IPCA - Variacao mensal,%,panificados,IPCA - Panificados,-6.0967
202206,2022,6,2265,IPCA - Variacao mensal,%,panificados,IPCA - Panificados,0.2901
202207,2022,7,2265,IPCA - Variacao mensal,%,panificados,IPCA - Panificados,0.7976
202208,2022,8,2265,IPCA - Variacao mensal,%,panificados,IPCA - Panificados,-2.0769
202209,2022,9,2265,IPCA - Variacao mensal,%,panificados,IPCA - Panificados,-0.3047
202210,2022,10,2265,IPCA - Variacao mensal,%,panificados,IPCA - Panificados,1.7287
202211,2022,11,2265,IPCA - Variacao mensal,%,panificados,IPCA - Panificados,1.8753
202212,2022,12,2265,IPCA - Variacao mensal,%,panificados,IPCA - Panificados,2.328
202301,2023,1,2265,IPCA - Variacao mensal,%,panificados,IPCA - Panificados,0.1304
202302,2023,2,2265,IPCA - Variacao mensal,%,panificados,IPCA - Panificados,-1.369
202303,2023,3,2265,IPCA - Variacao mensal,%,panificados,IPCA - Panificados,-3.6708
202304,2023,4,2265,IPCA - Variacao mensal,%,panificados,IPCA - Panificados,3.4284
202305,2023,5,2265,IPCA - Variacao mensal,%,panificados,IPCA - Panificados,-1.9049
202306,2023,6,2265,IPCA - Variacao mensal,%,panificados,IPCA - Panificados,-2.2888
202307,2023,7,2265,IPCA - Variacao mensal,%,panificados,IPCA - Panificados,0.0364
202308,2023,8,2265,IPCA - Variacao mensal,%,panificados,IPCA - Panificados,0.3491
202309,2023,9,2265,IPCA - Variacao mensal,%,panificados,IPCA - Panificados,-4.0262
202310,2023,10,2265,IPCA - Variacao mensal,%,panificados,IPCA - Panificados,-2.1806
202311,2023,11,2265,IPCA - Variacao mensal,%,panificados,IPCA - Panificados,3.0598
202312,2023,12,2265,IPCA - Variacao mensal,%,panificados,IPCA - Panificados,4.6676
202401,2024,1,2265,IPCA - Variacao mensal,%,panificados,IPCA - Panificados,6.2656
202402,2024,2,2265,IPCA - Variacao mensal,%,panificados,IPCA - Panificados,-0.0822
202403,2024,3,2265,IPCA - Variacao mensal,%,panificados,IPCA - Panificados,0.7777
202404,2024,4,2265,IPCA - Variacao mensal,%,panificados,IPCA - Panificados,-2.6388
202405,2024,5,2265,IPCA - Variacao mensal,%,panificados,IPCA - Panificados,1.294
202406,2024,6,2265,IPCA - Variacao mensal,%,panificados,IPCA - Panificados,0.2116
202407,2024,7,2265,IPCA - Variacao mensal,%,panificados,IPCA - Panificados,-6.0385
202408,2024,8,2265,IPCA - Variacao mensal,%,panificados,IPCA - Panificados,-3.0491
202409,2024,9,2265,IPCA - Variacao mensal,%,panificados,IPCA - Panificados,1.392
202410,2024,10,2265,IPCA - Variacao mensal,%,panificados,IPCA - Panificados,4.1816
202411,2024,11,2265,IPCA - Variacao mensal,%,panificados,IPCA - Panificados,4.3879
202412,2024,12,2265,IPCA - Variacao mensal,%,panificados,IPCA - Panificados,0.1266
202501,2025,1,2265,IPCA - Variacao mensal,%,panificados,IPCA - Panificados,1.7277
202502,2025,2,2265,IPCA - Variacao mensal,%,panificados,IPCA - Panificados,2.152
202503,2025,3,2265,IPCA - Variacao mensal,%,panificados,IPCA - Panificados,1.3402
202504,2025,4,2265,IPCA - Variacao mensal,%,panificados,IPCA - Panificados,-0.8701
202505,2025,5,2265,IPCA - Variacao mensal,%,panificados,IPCA - Panificados,-0.1946
202506,2025,6,2265,IPCA - Variacao mensal,%,panificados,IPCA - Panificados,-0.1266
201501,2015,1,2265,IPCA - Variacao mensal,%,tuberculos,"IPCA - Tuberculos, raizes e legumes",2.1354
201502,2015,2,2265,IPCA - Variacao mensal,%,tuberculos,"IPCA - Tuberculos, raizes e legumes",-0.244
201503,2015,3,2265,IPCA - Variacao mensal,%,tuberculos,"IPCA - Tuberculos, raizes e legumes",-0.4503
201504,2015,4,2265,IPCA - Variacao mensal,%,tuberculos,"IPCA - Tuberculos, raizes e legumes",2.8425
201505,2015,5,2265,IPCA - Variacao mensal,%,tuberculos,"IPCA - Tuberculos, raizes e legumes",7.0509
201506,2015,6,2265,IPCA - Variacao mensal,%,tuberculos,"IPCA - Tuberculos, raizes e legumes",-2.0772
201507,2015,7,2265,IPCA - Variacao mensal,%,tuberculos,"IPCA - Tuberculos, raizes e legumes",-2.4372
201508,2015,8,2265,IPCA - Variacao mensal,%,tuberculos,"IPCA - Tuberculos, raizes e legumes",-1.0353
201509,2015,9,2265,IPCA - Variacao mensal,%,tuberculos,"IPCA - Tuberculos, raizes e legumes",2.7656
201510,2015,10,2265,IPCA - Variacao mensal,%,tuberculos,"IPCA - Tuberculos, raizes e legumes",-1.2138
201511,2015,11,2265,IPCA - Variacao mensal,%,tuberculos,"IPCA - Tuberculos, raizes e legumes",3.5408
201512,2015,12,2265,IPCA - Variacao mensal,%,tuberculos,"IPCA - Tuberculos, raizes e legumes",5.6833
201601,2016,1,2265,IPCA - Variacao mensal,%,tuberculos,"IPCA - Tuberculos, raizes e legumes",5.5829
201602,2016,2,2265,IPCA - Variacao mensal,%,tuberculos,"IPCA - Tuberculos, raizes e legumes",-1.498
201603,2016,3,2265,IPCA - Variacao mensal,%,tuberculos,"IPCA - Tuberculos, raizes e legumes",2.4078
201604,2016,4,2265,IPCA - Variacao mensal,%,tuberculos,"IPCA - Tuberculos, raizes e legumes",-0.5668
201605,2016,5,2265,IPCA - Variacao mensal,%,tuberculos,"IPCA - Tuberculos, raizes e legumes",-4.0884
201606,2016,6,2265,IPCA - Variacao mensal,%,tuberculos,"IPCA - Tuberculos, raizes e legumes",10.13
201607,2016,7,2265,IPCA - Variacao mensal,%,tuberculos,"IPCA - Tuberculos, raizes e legumes",-4.3455
201608,2016,8,2265,IPCA - Variacao mensal,%,tuberculos,"IPCA - Tuberculos, raizes e legumes",3.1595
201609,2016,9,2265,IPCA - Variacao mensal,%,tuberculos,"IPCA - Tuberculos, raizes e legumes",-1.7633
201610,2016,10,2265,IPCA - Variacao mensal,%,tuberculos,"IPCA - Tuberculos, raizes e legumes",5.8501
201611,2016,11,2265,IPCA - Variacao mensal,%,tuberculos,"IPCA - Tuberculos, raizes e legumes",-1.9082
201612,2016,12,2265,IPCA - Variacao mensal,%,tuberculos,"IPCA - Tuberculos, raizes e legumes",-2.6702
201701,2017,1,2265,IPCA - Variacao mensal,%,tuberculos,"IPCA - Tuberculos, raizes e legumes",-2.6179
201702,2017,2,2265,IPCA - Variacao mensal,%,tuberculos,"IPCA - Tuberculos, raizes e legumes",-1.7605
201703,2017,3,2265,IPCA - Variacao mensal,%,tuberculos,"IPCA - Tuberculos, raizes e legumes",-0.1013
201704,2017,4,2265,IPCA - Variacao mensal,%,tuberculos,"IPCA - Tuberculos, raizes e legumes",4.5746
201705,2017,5,2265,IPCA - Variacao mensal,%,tuberculos,"IPCA - Tuberculos, raizes e legumes",-1.5478
201706,2017,6,2265,IPCA - Variacao mensal,%,tuberculos,"IPCA - Tuberculos, raizes e legumes",-3.1622
201707,2017,7,2265,IPCA - Variacao mensal,%,tuberculos,"IPCA - Tuberculos, raizes e legumes",1.7276
201708,2017,8,2265,IPCA - Variacao mensal,%,tuberculos,"IPCA - Tuberculos, raizes e legumes",-3.085
201709,2017,9,2265,IPCA - Variacao mensal,%,tuberculos,"IPCA - Tuberculos, raizes e legumes",-1.6725
201710,2017,10,2265,IPCA - Variacao mensal,%,tuberculos,"IPCA - Tuberculos, raizes e legumes",-0.6584
201711,2017,11,2265,IPCA - Variacao mensal,%,tuberculos,"IPCA - Tuberculos, raizes e legumes",-0.3386
201712,2017,12,2265,IPCA - Variacao mensal,%,tuberculos,"IPCA - Tuberculos, raizes e legumes",0.8699
201801,2018,1,2265,IPCA - Variacao mensal,%,tuberculos,"IPCA - Tuberculos, raizes e legumes",2.8451
201802,2018,2,2265,IPCA - Variacao mensal,%,tuberculos,"IPCA - Tuberculos, raizes e legumes",-1.2706
201803,2018,3,2265,IPCA - Variacao mensal,%,tuberculos,"IPCA - Tuberculos, raizes e legumes",0.4094
201804,2018,4,2265,IPCA - Variacao mensal,%,tuberculos,"IPCA - Tuberculos, raizes e legumes",-0.0141
201805,2018,5,2265,IPCA - Variacao mensal,%,tuberculos,"IPCA - Tuberculos, raizes e legumes",3.4893
201806,2018,6,2265,IPCA - Variacao mensal,%,tuberculos,"IPCA - Tuberculos, raizes e legumes",-3.6955
201807,2018,7,2265,IPCA - Variacao mensal,%,tuberculos,"IPCA - Tuberculos, raizes e legumes",-2.3583
201808,2018,8,2265,IPCA - Variacao mensal,%,tuberculos,"IPCA - Tuberculos, raizes e legumes",3.8601
201809,2018,9,2265,IPCA - Variacao mensal,%,tuberculos,"IPCA - Tuberculos, raizes e legumes",0.9668
201810,2018,10,2265,IPCA - Variacao mensal,%,tuberculos,"IPCA - Tuberculos, raizes e legumes",3.417
201811,2018,11,2265,IPCA - Variacao mensal,%,tuberculos,"IPCA - Tuberculos, raizes e legumes",1.0037
201812,2018,12,2265,IPCA - Variacao mensal,%,tuberculos,"IPCA - Tuberculos, raizes e legumes",0.6485
201901,2019,1,2265,IPCA - Variacao mensal,%,tuberculos,"IPCA - Tuberculos, raizes e legumes",-4.4275
201902,2019,2,2265,IPCA - Variacao mensal,%,tuberculos,"IPCA - Tuberculos, raizes e legumes",0.9919
201903,2019,3,2265,IPCA - Variacao mensal,%,tuberculos,"IPCA - Tuberculos, raizes e legumes",7.2824
201904,2019,4,2265,IPCA - Variacao mensal,%,tuberculos,"IPCA - Tuberculos, raizes e legumes",1.736
201905,2019,5,2265,IPCA - Variacao mensal,%,tuberculos,"IPCA - Tuberculos, raizes e legumes",1.1673
201906,2019,6,2265,IPCA - Variacao mensal,%,tuberculos,"IPCA - Tuberculos, raizes e legumes",1.4408
201907,2019,7,2265,IPCA - Variacao mensal,%,tuberculos,"IPCA - Tuberculos, raizes e legumes",-2.3759
201908,2019,8,2265,IPCA - Variacao mensal,%,tuberculos,"IPCA - Tuberculos, raizes e legumes",-3.9238
201909,2019,9,2265,IPCA - Variacao mensal,%,tuberculos,"IPCA - Tuberculos, raizes e legumes",-2.0033
201910,2019,10,2265,IPCA - Variacao mensal,%,tuberculos,"IPCA - Tuberculos, raizes e legumes",0.7342
201911,2019,11,2265,IPCA - Variacao mensal,%,tuberculos,"IPCA - Tuberculos, raizes e legumes",4.4514
201912,2019,12,2265,IPCA - Variacao mensal,%,tuberculos,"IPCA - Tuberculos, raizes e legumes",6.8981
202001,2020,1,2265,IPCA - Variacao mensal,%,tuberculos,"IPCA - Tuberculos, raizes e legumes",-4.4108
202002,2020,2,2265,IPCA - Variacao mensal,%,tuberculos,"IPCA - Tuberculos, raizes e legumes",0.8219
202003,2020,3,2265,IPCA - Variacao mensal,%,tuberculos,"IPCA - Tuberculos, raizes e legumes",4.8626
202004,2020,4,2265,IPCA - Variacao mensal,%,tuberculos,"IPCA - Tuberculos, raizes e legumes",1.2898
202005,2020,5,2265,IPCA - Variacao mensal,%,tuberculos,"IPCA - Tuberculos, raizes e legumes",0.0515
202006,2020,6,2265,IPCA - Variacao mensal,%,tuberculos,"IPCA - Tuberculos, raizes e legumes",-1.3548
202007,2020,7,2265,IPCA - Variacao mensal,%,tuberculos,"IPCA - Tuberculos, raizes e legumes",0.9788
202008,2020,8,2265,IPCA - Variacao mensal,%,tuberculos,"IPCA - Tuberculos, raizes e legumes",1.6072
202009,2020,9,2265,IPCA - Variacao mensal,%,tuberculos,"IPCA - Tuberculos, raizes e legumes",9.7998
202010,2020,10,2265,IPCA - Variacao mensal,%,tuberculos,"IPCA - Tuberculos, raizes e legumes",0.4052
202011,2020,11,2265,IPCA - Variacao mensal,%,tuberculos,"IPCA - Tuberculos, raizes e legumes",5.51
202012,2020,12,2265,IPCA - Variacao mensal,%,tuberculos,"IPCA - Tuberculos, raizes e legumes",-0.2285
202101,2021,1,2265,IPCA - Variacao mensal,%,tuberculos,"IPCA - Tuberculos, raizes e legumes",5.8157
202102,2021,2,2265,IPCA - Variacao mensal,%,tuberculos,"IPCA - Tuberculos, raizes e legumes",-1.7747
202103,2021,3,2265,IPCA - Variacao mensal,%,tuberculos,"IPCA - Tuberculos, raizes e legumes",-1.1035
202104,2021,4,2265,IPCA - Variacao mensal,%,tuberculos,"IPCA - Tuberculos, raizes e legumes",0.2813
202105,2021,5,2265,IPCA - Variacao mensal,%,tuberculos,"IPCA - Tuberculos, raizes e legumes",0.29
202106,2021,6,2265,IPCA - Variacao mensal,%,tuberculos,"IPCA - Tuberculos, raizes e legumes",1.4158
202107,2021,7,2265,IPCA - Variacao mensal,%,tuberculos,"IPCA - Tuberculos, raizes e legumes",1.4023
202108,2021,8,2265,IPCA - Variacao mensal,%,tuberculos,"IPCA - Tuberculos, raizes e legumes",0.6983
202109,2021,9,2265,IPCA - Variacao mensal,%,tuberculos,"IPCA - Tuberculos, raizes e legumes",0.5842
202110,2021,10,2265,IPCA - Variacao mensal,%,tuberculos,"IPCA - Tuberculos, raizes e legumes",5.7087
202111,2021,11,2265,IPCA - Variacao mensal,%,tuberculos,"IPCA - Tuberculos, raizes e legumes",1.4043
202112,2021,12,2265,IPCA - Variacao mensal,%,tuberculos,"IPCA - Tuberculos, raizes e legumes",-2.9513
202201,2022,1,2265,IPCA - Variacao mensal,%,tuberculos,"IPCA - Tuberculos, raizes e legumes",0.8745
202202,2022,2,2265,IPCA - Variacao mensal,%,tuberculos,"IPCA - Tuberculos, raizes e legumes",1.7208
202203,2022,3,2265,IPCA - Variacao mensal,%,tuberculos,"IPCA - Tuberculos, raizes e legumes",5.3578
202204,2022,4,2265,IPCA - Variacao mensal,%,tuberculos,"IPCA - Tuberculos, raizes e legumes",5.7051
202205,2022,5,2265,IPCA - Variacao mensal,%,tuberculos,"IPCA - Tuberculos, raizes e legumes",-2.0216
202206,2022,6,2265,IPCA - Variacao mensal,%,tuberculos,"IPCA - Tuberculos, raizes e legumes",-1.5102
202207,2022,7,2265,IPCA - Variacao mensal,%,tuberculos,"IPCA - Tuberculos, raizes e legumes",-0.8785
202208,2022,8,2265,IPCA - Variacao mensal,%,tuberculos,"IPCA - Tuberculos, raizes e legumes",-0.9977
202209,2022,9,2265,IPCA - Variacao mensal,%,tuberculos,"IPCA - Tuberculos, raizes e legumes",0.0456
202210,2022,10,2265,IPCA - Variacao mensal,%,tuberculos,"IPCA - Tuberculos, raizes e legumes",0.9738
202211,2022,11,2265,IPCA - Variacao mensal,%,tuberculos,"IPCA - Tuberculos, raizes e legumes",2.9609
202212,2022,12,2265,IPCA - Variacao mensal,%,tuberculos,"IPCA - Tuberculos, raizes e legumes",-0.8955
202301,2023,1,2265,IPCA - Variacao mensal,%,tuberculos,"IPCA - Tuberculos, raizes e legumes",-1.1103
202302,2023,2,2265,IPCA - Variacao mensal,%,tuberculos,"IPCA - Tuberculos, raizes e legumes",-1.8011
202303,2023,3,2265,IPCA - Variacao mensal,%,tuberculos,"IPCA - Tuberculos, raizes e legumes",-0.6319
202304,2023,4,2265,IPCA - Variacao mensal,%,tuberculos,"IPCA - Tuberculos, raizes e legumes",3.6539
202305,2023,5,2265,IPCA - Variacao mensal,%,tuberculos,"IPCA - Tuberculos, raizes e legumes",-0.5485
202306,2023,6,2265,IPCA - Variacao mensal,%,tuberculos,"IPCA - Tuberculos, raizes e legumes",0.8378
202307,2023,7,2265,IPCA - Variacao mensal,%,tuberculos,"IPCA - Tuberculos, raizes e legumes",-3.2247
202308,2023,8,2265,IPCA - Variacao mensal,%,tuberculos,"IPCA - Tuberculos, raizes e legumes",-0.3643
202309,2023,9,2265,IPCA - Variacao mensal,%,tuberculos,"IPCA - Tuberculos, raizes e legumes",0.4974
202310,2023,10,2265,IPCA - Variacao mensal,%,tuberculos,"IPCA - Tuberculos, raizes e legumes",-1.1864
202311,2023,11,2265,IPCA - Variacao mensal,%,tuberculos,"IPCA - Tuberculos, raizes e legumes",1.1939
202312,2023,12,2265,IPCA - Variacao mensal,%,tuberculos,"IPCA - Tuberculos, raizes e legumes",1.4594
202401,2024,1,2265,IPCA - Variacao mensal,%,tuberculos,"IPCA - Tuberculos, raizes e legumes",5.5122
202402,2024,2,2265,IPCA - Variacao mensal,%,tuberculos,"IPCA - Tuberculos, raizes e legumes",-2.1179
202403,2024,3,2265,IPCA - Variacao mensal,%,tuberculos,"IPCA - Tuberculos, raizes e legumes",1.0021
202404,2024,4,2265,IPCA - Variacao mensal,%,tuberculos,"IPCA - Tuberculos, raizes e legumes",-1.2234
202405,2024,5,2265,IPCA - Variacao mensal,%,tuberculos,"IPCA - Tuberculos, raizes e legumes",2.4951
202406,2024,6,2265,IPCA - Variacao mensal,%,tuberculos,"IPCA - Tuberculos, raizes e legumes",1.8763
202407,2024,7,2265,IPCA - Variacao mensal,%,tuberculos,"IPCA - Tuberculos, raizes e legumes",-4.0843
202408,2024,8,2265,IPCA - Variacao mensal,%,tuberculos,"IPCA - Tuberculos, raizes e legumes",-3.3754
202409,2024,9,2265,IPCA - Variacao mensal,%,tuberculos,"IPCA - Tuberculos, raizes e legumes",1.5893
202410,2024,10,2265,IPCA - Variacao mensal,%,tuberculos,"IPCA - Tuberculos, raizes e legumes",3.7237
202411,2024,11,2265,IPCA - Variacao mensal,%,tuberculos,"IPCA - Tuberculos, raizes e legumes",0.3363
202412,2024,12,2265,IPCA - Variacao mensal,%,tuberculos,"IPCA - Tuberculos, raizes e legumes",1.2306
202501,2025,1,2265,IPCA - Variacao mensal,%,tuberculos,"IPCA - Tuberculos, raizes e legumes",-0.0877
202502,2025,2,2265,IPCA - Variacao mensal,%,tuberculos,"IPCA - Tuberculos, raizes e legumes",-0.1286
202503,2025,3,2265,IPCA - Variacao mensal,%,tuberculos,"IPCA - Tuberculos, raizes e legumes",2.9974
202504,2025,4,2265,IPCA - Variacao mensal,%,tuberculos,"IPCA - Tuberculos, raizes e legumes",3.159
202505,2025,5,2265,IPCA - Variacao mensal,%,tuberculos,"IPCA - Tuberculos, raizes e legumes",0.0851
202506,2025,6,2265,IPCA - Variacao mensal,%,tuberculos,"IPCA - Tuberculos, raizes e legumes",1.0362
