periodo,ano,mes,estado,regiao,bioma,cidade,precipitacao_mm_total,precipitacao_dias_sem_chuva,temp_max_media,temp_min_media,registros_diarios
201501,2015,1,AL,Nordeste,Mata Atlântica,Maceió,29.2,8,28.470967741935485,24.154838709677417,31
201502,2015,2,AL,Nordeste,Mata Atlântica,Maceió,68.4,6,28.907142857142855,24.425,28
201503,2015,3,AL,Nordeste,Mata Atlântica,Maceió,62.3,5,28.74516129032258,24.383870967741935,31
201504,2015,4,AL,Nordeste,Mata Atlântica,Maceió,27.9,8,29.516666666666666,24.516666666666666,30
201505,2015,5,AL,Nordeste,Mata Atlântica,Maceió,98.5,3,28.129032258064516,23.948387096774194,31
201506,2015,6,AL,Nordeste,Mata Atlântica,Maceió,162.0,0,26.529999999999998,23.003333333333334,30
201507,2015,7,AL,Nordeste,Mata Atlântica,Maceió,163.4,1,25.80322580645161,22.561290322580643,31
201508,2015,8,AL,Nordeste,Mata Atlântica,Maceió,77.9,3,25.88064516129032,22.151612903225807,31
201509,2015,9,AL,Nordeste,Mata Atlântica,Maceió,38.7,7,26.683333333333334,22.853333333333335,30
201510,2015,10,AL,Nordeste,Mata Atlântica,Maceió,28.6,13,27.567741935483873,23.43548387096774,31
201511,2015,11,AL,Nordeste,Mata Atlântica,Maceió,13.700000000000001,21,29.15,24.006666666666668,30
201512,2015,12,AL,Nordeste,Mata Atlântica,Maceió,36.9,9,29.112903225806452,24.42258064516129,31
201601,2016,1,AL,Nordeste,Mata Atlântica,Maceió,71.9,5,29.216129032258067,24.706451612903226,31
201602,2016,2,AL,Nordeste,Mata Atlântica,Maceió,53.4,6,28.92413793103448,24.70344827586207,29
201603,2016,3,AL,Nordeste,Mata Atlântica,Maceió,76.2,3,28.932258064516127,24.86774193548387,31
201604,2016,4,AL,Nordeste,Mata Atlântica,Maceió,79.9,1,28.516666666666666,24.763333333333332,30
201605,2016,5,AL,Nordeste,Mata Atlântica,Maceió,127.9,3,27.451612903225808,23.84193548387097,31
201606,2016,6,AL,Nordeste,Mata Atlântica,Maceió,74.89999999999999,2,26.85666666666667,23.09,30
201607,2016,7,AL,Nordeste,Mata Atlântica,Maceió,70.1,3,26.019354838709678,22.458064516129035,31
201608,2016,8,AL,Nordeste,Mata Atlântica,Maceió,38.9,10,26.448387096774194,22.76451612903226,31
201609,2016,9,AL,Nordeste,Mata Atlântica,Maceió,44.2,6,26.863333333333333,22.990000000000002,30
201610,2016,10,AL,Nordeste,Mata Atlântica,Maceió,35.9,8,28.05806451612903,23.66774193548387,31
201611,2016,11,AL,Nordeste,Mata Atlântica,Maceió,22.0,6,28.483333333333334,24.13,30
201612,2016,12,AL,Nordeste,Mata Atlântica,Maceió,21.2,12,29.203225806451613,24.761290322580646,31
201701,2017,1,AL,Nordeste,Mata Atlântica,Maceió,70.4,2,28.41290322580645,24.93548387096774,31
201702,2017,2,AL,Nordeste,Mata Atlântica,Maceió,66.6,1,28.664285714285715,25.150000000000002,28
201703,2017,3,AL,Nordeste,Mata Atlântica,Maceió,81.5,1,28.848387096774193,25.306451612903224,31
201704,2017,4,AL,Nordeste,Mata Atlântica,Maceió,130.7,0,28.176666666666666,25.05666666666667,30
201705,2017,5,AL,Nordeste,Mata Atlântica,Maceió,320.3,1,27.05806451612903,24.432258064516127,31
201706,2017,6,AL,Nordeste,Mata Atlântica,Maceió,238.2,0,26.483333333333334,23.823333333333334,30
201707,2017,7,AL,Nordeste,Mata Atlântica,Maceió,234.3,1,25.358064516129033,22.796774193548387,31
201708,2017,8,AL,Nordeste,Mata Atlântica,Maceió,123.2,0,25.25483870967742,22.41290322580645,31
201709,2017,9,AL,Nordeste,Mata Atlântica,Maceió,116.8,0,25.716666666666665,22.69333333333333,30
201710,2017,10,AL,Nordeste,Mata Atlântica,Maceió,58.9,0,26.625806451612902,23.570967741935487,31
201711,2017,11,AL,Nordeste,Mata Atlântica,Maceió,35.9,4,27.89333333333333,24.046666666666667,30
201712,2017,12,AL,Nordeste,Mata Atlântica,Maceió,47.8,6,28.561290322580643,24.635483870967743,31
201801,2018,1,AL,Nordeste,Mata Atlântica,Maceió,83.9,2,28.135483870967743,24.55483870967742,31
201802,2018,2,AL,Nordeste,Mata Atlântica,Maceió,100.6,0,28.185714285714287,24.739285714285717,28
201803,2018,3,AL,Nordeste,Mata Atlântica,Maceió,83.8,4,28.309677419354838,24.641935483870967,31
201804,2018,4,AL,Nordeste,Mata Atlântica,Maceió,156.3,0,27.226666666666667,24.53666666666667,30
201805,2018,5,AL,Nordeste,Mata Atlântica,Maceió,139.3,1,27.17096774193548,23.9,31
201806,2018,6,AL,Nordeste,Mata Atlântica,Maceió,82.0,0,26.3,23.316666666666666,30
201807,2018,7,AL,Nordeste,Mata Atlântica,Maceió,113.7,0,25.593548387096774,22.799999999999997,31
201808,2018,8,AL,Nordeste,Mata Atlântica,Maceió,69.7,3,26.125806451612902,22.993548387096773,31
201809,2018,9,AL,Nordeste,Mata Atlântica,Maceió,69.5,2,26.206666666666667,23.116666666666667,30
201810,2018,10,AL,Nordeste,Mata Atlântica,Maceió,42.3,3,27.616129032258065,23.683870967741935,31
201811,2018,11,AL,Nordeste,Mata Atlântica,Maceió,84.5,0,27.88,24.403333333333332,30
201812,2018,12,AL,Nordeste,Mata Atlântica,Maceió,52.3,2,28.35483870967742,24.496774193548386,31
201901,2019,1,AL,Nordeste,Mata Atlântica,Maceió,106.3,0,27.925806451612903,24.729032258064517,31
201902,2019,2,AL,Nordeste,Mata Atlântica,Maceió,84.5,0,28.767857142857142,25.09642857142857,28
201903,2019,3,AL,Nordeste,Mata Atlântica,Maceió,129.0,4,29.238709677419354,25.103225806451615,31
201904,2019,4,AL,Nordeste,Mata Atlântica,Maceió,113.5,0,28.509999999999998,25.086666666666666,30
201905,2019,5,AL,Nordeste,Mata Atlântica,Maceió,75.7,3,28.116129032258065,24.541935483870965,31
201906,2019,6,AL,Nordeste,Mata Atlântica,Maceió,183.9,0,26.796666666666667,23.586666666666666,30
201907,2019,7,AL,Nordeste,Mata Atlântica,Maceió,171.3,2,25.86774193548387,22.725806451612904,31
201908,2019,8,AL,Nordeste,Mata Atlântica,Maceió,113.6,0,25.864516129032257,22.864516129032257,31
201909,2019,9,AL,Nordeste,Mata Atlântica,Maceió,79.9,0,26.283333333333335,23.17,30
201910,2019,10,AL,Nordeste,Mata Atlântica,Maceió,69.2,3,27.19677419354839,23.532258064516128,31
201911,2019,11,AL,Nordeste,Mata Atlântica,Maceió,39.9,5,28.486666666666668,24.363333333333333,30
201912,2019,12,AL,Nordeste,Mata Atlântica,Maceió,64.3,3,28.87741935483871,24.73548387096774,31
202001,2020,1,AL,Nordeste,Mata Atlântica,Maceió,43.6,2,29.296774193548387,25.24516129032258,31
202002,2020,2,AL,Nordeste,Mata Atlântica,Maceió,80.9,0,28.889655172413793,25.33103448275862,29
202003,2020,3,AL,Nordeste,Mata Atlântica,Maceió,171.9,1,29.183870967741935,25.432258064516127,31
202004,2020,4,AL,Nordeste,Mata Atlântica,Maceió,118.4,3,28.753333333333334,25.146666666666665,30
202005,2020,5,AL,Nordeste,Mata Atlântica,Maceió,251.9,0,27.583870967741937,24.55483870967742,31
202006,2020,6,AL,Nordeste,Mata Atlântica,Maceió,211.5,0,26.743333333333332,23.740000000000002,30
202007,2020,7,AL,Nordeste,Mata Atlântica,Maceió,123.6,0,26.096774193548388,22.783870967741933,31
202008,2020,8,AL,Nordeste,Mata Atlântica,Maceió,85.0,1,25.851612903225806,22.57741935483871,31
202009,2020,9,AL,Nordeste,Mata Atlântica,Maceió,73.3,0,26.19,22.823333333333334,30
202010,2020,10,AL,Nordeste,Mata Atlântica,Maceió,41.8,4,27.896774193548385,23.816129032258065,31
202011,2020,11,AL,Nordeste,Mata Atlântica,Maceió,66.7,0,28.276666666666664,24.276666666666664,30
202012,2020,12,AL,Nordeste,Mata Atlântica,Maceió,103.2,0,28.13225806451613,24.274193548387096,31
202101,2021,1,AL,Nordeste,Mata Atlântica,Maceió,85.9,2,27.896774193548385,24.287096774193547,31
202102,2021,2,AL,Nordeste,Mata Atlântica,Maceió,42.1,3,28.825,24.692857142857143,28
202103,2021,3,AL,Nordeste,Mata Atlântica,Maceió,172.2,2,28.029032258064515,24.651612903225807,31
202104,2021,4,AL,Nordeste,Mata Atlântica,Maceió,116.4,1,27.583333333333332,24.423333333333336,30
202105,2021,5,AL,Nordeste,Mata Atlântica,Maceió,187.2,1,26.719354838709677,23.932258064516127,31
202106,2021,6,AL,Nordeste,Mata Atlântica,Maceió,131.0,1,26.003333333333334,23.116666666666667,30
202107,2021,7,AL,Nordeste,Mata Atlântica,Maceió,129.1,1,25.76774193548387,22.68064516129032,31
202108,2021,8,AL,Nordeste,Mata Atlântica,Maceió,152.5,0,25.306451612903224,22.541935483870965,31
202109,2021,9,AL,Nordeste,Mata Atlântica,Maceió,98.3,2,26.363333333333333,23.203333333333333,30
202110,2021,10,AL,Nordeste,Mata Atlântica,Maceió,62.4,1,27.896774193548385,23.9,31
202111,2021,11,AL,Nordeste,Mata Atlântica,Maceió,48.699999999999996,2,29.43,24.503333333333334,30
202112,2021,12,AL,Nordeste,Mata Atlântica,Maceió,74.2,2,29.048387096774192,24.532258064516128,31
202201,2022,1,AL,Nordeste,Mata Atlântica,Maceió,75.2,1,28.516129032258064,24.429032258064513,31
202202,2022,2,AL,Nordeste,Mata Atlântica,Maceió,32.800000000000004,1,29.38214285714286,24.62142857142857,28
202203,2022,3,AL,Nordeste,Mata Atlântica,Maceió,238.5,1,28.032258064516128,24.364516129032257,31
202204,2022,4,AL,Nordeste,Mata Atlântica,Maceió,111.6,2,28.290000000000003,24.336666666666666,30
202205,2022,5,AL,Nordeste,Mata Atlântica,Maceió,337.7,0,27.212903225806453,23.9741935483871,31
202206,2022,6,AL,Nordeste,Mata Atlântica,Maceió,394.1,0,25.896666666666665,22.85666666666667,30
202207,2022,7,AL,Nordeste,Mata Atlântica,Maceió,230.8,0,25.703225806451613,22.519354838709678,31
202208,2022,8,AL,Nordeste,Mata Atlântica,Maceió,297.6,0,25.493548387096773,22.148387096774194,31
202209,2022,9,AL,Nordeste,Mata Atlântica,Maceió,75.2,2,26.283333333333335,22.473333333333336,30
202210,2022,10,AL,Nordeste,Mata Atlântica,Maceió,81.8,2,27.419354838709676,23.438709677419357,31
202211,2022,11,AL,Nordeste,Mata Atlântica,Maceió,203.2,1,27.8,23.62,30
202212,2022,12,AL,Nordeste,Mata Atlântica,Maceió,74.0,4,28.225806451612904,23.63225806451613,31
202301,2023,1,AL,Nordeste,Mata Atlântica,Maceió,73.8,1,28.27741935483871,23.838709677419356,31
202302,2023,2,AL,Nordeste,Mata Atlântica,Maceió,60.5,0,28.717857142857145,24.825,28
202303,2023,3,AL,Nordeste,Mata Atlântica,Maceió,150.6,0,28.506451612903227,24.509677419354837,31
202304,2023,4,AL,Nordeste,Mata Atlântica,Maceió,114.1,3,28.166666666666668,24.273333333333333,30
202305,2023,5,AL,Nordeste,Mata Atlântica,Maceió,209.4,0,27.53548387096774,24.161290322580644,31
202306,2023,6,AL,Nordeste,Mata Atlântica,Maceió,223.1,0,26.403333333333332,23.553333333333335,30
202307,2023,7,AL,Nordeste,Mata Atlântica,Maceió,149.1,1,26.04516129032258,22.532258064516128,31
202308,2023,8,AL,Nordeste,Mata Atlântica,Maceió,104.8,0,26.58709677419355,22.683870967741935,31
202309,2023,9,AL,Nordeste,Mata Atlântica,Maceió,91.7,2,26.959999999999997,23.0,30
202310,2023,10,AL,Nordeste,Mata Atlântica,Maceió,60.9,5,28.17096774193548,23.25483870967742,31
202311,2023,11,AL,Nordeste,Mata Atlântica,Maceió,32.2,2,29.47666666666667,24.073333333333334,30
202312,2023,12,AL,Nordeste,Mata Atlântica,Maceió,75.5,1,29.11935483870968,24.27741935483871,31
202401,2024,1,AL,Nordeste,Mata Atlântica,Maceió,39.0,2,30.919354838709676,24.758064516129032,31
202402,2024,2,AL,Nordeste,Mata Atlântica,Maceió,71.4,0,29.76206896551724,25.189655172413794,29
202403,2024,3,AL,Nordeste,Mata Atlântica,Maceió,126.4,0,30.403225806451612,25.38064516129032,31
202404,2024,4,AL,Nordeste,Mata Atlântica,Maceió,113.7,1,29.013333333333332,24.726666666666667,30
202405,2024,5,AL,Nordeste,Mata Atlântica,Maceió,271.2,1,28.029032258064515,24.187096774193545,31
202406,2024,6,AL,Nordeste,Mata Atlântica,Maceió,194.29999999999998,1,26.740000000000002,23.12,30
202407,2024,7,AL,Nordeste,Mata Atlântica,Maceió,168.6,1,26.37741935483871,22.616129032258065,31
202408,2024,8,AL,Nordeste,Mata Atlântica,Maceió,75.5,3,26.62258064516129,22.361290322580647,31
202409,2024,9,AL,Nordeste,Mata Atlântica,Maceió,73.0,4,26.796666666666667,22.64333333333333,30
202410,2024,10,AL,Nordeste,Mata Atlântica,Maceió,33.4,5,28.567741935483873,23.074193548387097,31
202411,2024,11,AL,Nordeste,Mata Atlântica,Maceió,30.1,6,29.573333333333334,23.936666666666667,30
202412,2024,12,AL,Nordeste,Mata Atlântica,Maceió,46.7,3,29.751612903225805,24.34193548387097,31
202501,2025,1,AL,Nordeste,Mata Atlântica,Maceió,73.6,1,30.258064516129032,24.4,31
202502,2025,2,AL,Nordeste,Mata Atlântica,Maceió,77.8,1,29.603571428571428,24.335714285714285,28
202503,2025,3,AL,Nordeste,Mata Atlântica,Maceió,55.6,2,30.061290322580643,24.729032258064517,31
202504,2025,4,AL,Nordeste,Mata Atlântica,Maceió,57.4,2,29.946666666666665,24.35,30
202505,2025,5,AL,Nordeste,Mata Atlântica,Maceió,285.0,0,28.406451612903226,23.60967741935484,31
202506,2025,6,AL,Nordeste,Mata Atlântica,Maceió,317.4,0,26.63,22.753333333333334,30
202507,2025,7,AL,Nordeste,Mata Atlântica,Maceió,177.29999999999998,0,26.36774193548387,22.070967741935487,31
202508,2025,8,AL,Nordeste,Mata Atlântica,Maceió,225.1,0,26.200000000000003,22.038709677419355,31
202509,2025,9,AL,Nordeste,Mata Atlântica,Maceió,118.2,0,26.683333333333334,22.783333333333335,30
202510,2025,10,AL,Nordeste,Mata Atlântica,Maceió,69.6,2,27.33225806451613,23.200000000000003,31
202511,2025,11,AL,Nordeste,Mata Atlântica,Maceió,19.900000000000002,3,28.89,23.626666666666665,30
202512,2025,12,AL,Nordeste,Mata Atlântica,Maceió,33.1,5,29.503225806451614,24.041935483870965,31
202601,2026,1,AL,Nordeste,Mata Atlântica,Maceió,51.7,3,29.44193548387097,24.429032258064513,31
202602,2026,2,AL,Nordeste,Mata Atlântica,Maceió,63.0,2,29.678571428571427,24.210714285714285,28
202603,2026,3,AL,Nordeste,Mata Atlântica,Maceió,122.8,1,29.799999999999997,24.34193548387097,31
202604,2026,4,AL,Nordeste,Mata Atlântica,Maceió,190.2,0,28.68,24.009999999999998,30
202605,2026,5,AL,Nordeste,Mata Atlântica,Maceió,230.0,0,28.23225806451613,23.83225806451613,31
202606,2026,6,AL,Nordeste,Mata Atlântica,Maceió,13.0,0,27.925,23.95,4
201501,2015,1,BA,Nordeste,Caatinga,Salvador,35.8,6,27.419354838709676,24.316129032258065,31
201502,2015,2,BA,Nordeste,Caatinga,Salvador,81.6,3,27.79642857142857,24.682142857142857,28
201503,2015,3,BA,Nordeste,Caatinga,Salvador,56.2,6,27.97741935483871,24.793548387096774,31
201504,2015,4,BA,Nordeste,Caatinga,Salvador,202.8,4,27.46333333333333,24.3,30
201505,2015,5,BA,Nordeste,Caatinga,Salvador,384.0,2,26.003225806451614,23.193548387096776,31
201506,2015,6,BA,Nordeste,Caatinga,Salvador,236.70000000000002,1,24.816666666666666,22.456666666666667,30
201507,2015,7,BA,Nordeste,Caatinga,Salvador,137.8,1,24.932258064516127,22.096774193548388,31
201508,2015,8,BA,Nordeste,Caatinga,Salvador,80.2,4,24.5258064516129,21.906451612903226,31
201509,2015,9,BA,Nordeste,Caatinga,Salvador,26.7,12,26.373333333333335,22.763333333333332,30
201510,2015,10,BA,Nordeste,Caatinga,Salvador,22.9,13,27.34193548387097,23.683870967741935,31
201511,2015,11,BA,Nordeste,Caatinga,Salvador,6.4,22,29.290000000000003,24.596666666666668,30
201512,2015,12,BA,Nordeste,Caatinga,Salvador,11.5,17,29.116129032258065,24.861290322580647,31
201601,2016,1,BA,Nordeste,Caatinga,Salvador,156.7,9,28.32903225806452,24.916129032258063,31
201602,2016,2,BA,Nordeste,Caatinga,Salvador,23.1,10,28.56551724137931,25.16896551724138,29
201603,2016,3,BA,Nordeste,Caatinga,Salvador,45.6,2,28.51290322580645,25.36774193548387,31
201604,2016,4,BA,Nordeste,Caatinga,Salvador,56.3,7,27.873333333333335,24.790000000000003,30
201605,2016,5,BA,Nordeste,Caatinga,Salvador,152.2,8,26.383870967741935,23.761290322580646,31
201606,2016,6,BA,Nordeste,Caatinga,Salvador,158.1,9,25.936666666666667,23.186666666666667,30
201607,2016,7,BA,Nordeste,Caatinga,Salvador,74.2,5,25.041935483870965,22.106451612903225,31
201608,2016,8,BA,Nordeste,Caatinga,Salvador,87.1,10,25.383870967741935,22.293548387096774,31
201609,2016,9,BA,Nordeste,Caatinga,Salvador,62.5,5,25.59333333333333,22.633333333333333,30
201610,2016,10,BA,Nordeste,Caatinga,Salvador,32.6,8,26.9741935483871,23.64516129032258,31
201611,2016,11,BA,Nordeste,Caatinga,Salvador,70.3,13,27.57,23.966666666666665,30
201612,2016,12,BA,Nordeste,Caatinga,Salvador,52.8,11,28.190322580645162,24.55483870967742,31
201701,2017,1,BA,Nordeste,Caatinga,Salvador,28.5,1,29.067741935483873,24.809677419354838,31
201702,2017,2,BA,Nordeste,Caatinga,Salvador,42.5,0,28.92142857142857,25.067857142857143,28
201703,2017,3,BA,Nordeste,Caatinga,Salvador,68.3,3,28.74516129032258,25.248387096774195,31
201704,2017,4,BA,Nordeste,Caatinga,Salvador,125.0,1,27.546666666666667,24.540000000000003,30
201705,2017,5,BA,Nordeste,Caatinga,Salvador,260.6,1,26.693548387096776,23.9,31
201706,2017,6,BA,Nordeste,Caatinga,Salvador,112.5,0,25.936666666666667,22.970000000000002,30
201707,2017,7,BA,Nordeste,Caatinga,Salvador,92.1,1,24.596774193548388,21.948387096774194,31
201708,2017,8,BA,Nordeste,Caatinga,Salvador,52.8,4,24.629032258064516,21.63225806451613,31
201709,2017,9,BA,Nordeste,Caatinga,Salvador,84.8,1,25.023333333333333,22.196666666666665,30
201710,2017,10,BA,Nordeste,Caatinga,Salvador,43.9,2,26.780645161290323,23.080645161290324,31
201711,2017,11,BA,Nordeste,Caatinga,Salvador,97.5,1,27.290000000000003,23.52,30
201712,2017,12,BA,Nordeste,Caatinga,Salvador,71.6,7,28.629032258064516,24.338709677419356,31
201801,2018,1,BA,Nordeste,Caatinga,Salvador,45.3,5,29.080645161290324,24.664516129032258,31
201802,2018,2,BA,Nordeste,Caatinga,Salvador,33.2,3,29.178571428571427,25.160714285714285,28
201803,2018,3,BA,Nordeste,Caatinga,Salvador,76.2,3,29.322580645161292,25.016129032258064,31
201804,2018,4,BA,Nordeste,Caatinga,Salvador,164.79999999999998,1,27.226666666666667,24.293333333333333,30
201805,2018,5,BA,Nordeste,Caatinga,Salvador,182.4,1,26.345161290322583,23.361290322580647,31
201806,2018,6,BA,Nordeste,Caatinga,Salvador,98.1,0,25.733333333333334,22.816666666666666,30
201807,2018,7,BA,Nordeste,Caatinga,Salvador,54.2,2,25.351612903225806,22.24516129032258,31
201808,2018,8,BA,Nordeste,Caatinga,Salvador,70.5,5,26.016129032258064,22.383870967741935,31
201809,2018,9,BA,Nordeste,Caatinga,Salvador,46.6,1,26.509999999999998,22.69333333333333,30
201810,2018,10,BA,Nordeste,Caatinga,Salvador,55.699999999999996,2,27.93548387096774,23.799999999999997,31
201811,2018,11,BA,Nordeste,Caatinga,Salvador,72.0,1,28.116666666666667,24.076666666666664,30
201812,2018,12,BA,Nordeste,Caatinga,Salvador,56.0,7,28.448387096774194,23.980645161290322,31
201901,2019,1,BA,Nordeste,Caatinga,Salvador,44.3,1,28.980645161290322,24.761290322580646,31
201902,2019,2,BA,Nordeste,Caatinga,Salvador,25.5,7,30.425,25.592857142857145,28
201903,2019,3,BA,Nordeste,Caatinga,Salvador,148.8,6,29.67096774193548,25.25483870967742,31
201904,2019,4,BA,Nordeste,Caatinga,Salvador,83.2,2,28.27,24.759999999999998,30
201905,2019,5,BA,Nordeste,Caatinga,Salvador,115.3,2,27.406451612903226,24.451612903225808,31
201906,2019,6,BA,Nordeste,Caatinga,Salvador,130.7,0,26.486666666666668,23.353333333333335,30
201907,2019,7,BA,Nordeste,Caatinga,Salvador,101.5,4,25.690322580645162,22.383870967741935,31
201908,2019,8,BA,Nordeste,Caatinga,Salvador,95.3,2,25.141935483870967,22.14516129032258,31
201909,2019,9,BA,Nordeste,Caatinga,Salvador,66.8,4,26.09333333333333,22.623333333333335,30
201910,2019,10,BA,Nordeste,Caatinga,Salvador,60.2,2,27.26451612903226,23.216129032258067,31
201911,2019,11,BA,Nordeste,Caatinga,Salvador,93.1,5,28.776666666666664,24.15666666666667,30
201912,2019,12,BA,Nordeste,Caatinga,Salvador,43.1,5,28.925806451612903,24.345161290322583,31
202001,2020,1,BA,Nordeste,Caatinga,Salvador,63.6,4,29.05483870967742,24.780645161290323,31
202002,2020,2,BA,Nordeste,Caatinga,Salvador,57.699999999999996,0,29.079310344827583,25.099999999999998,29
202003,2020,3,BA,Nordeste,Caatinga,Salvador,224.29999999999998,1,28.56451612903226,25.212903225806453,31
202004,2020,4,BA,Nordeste,Caatinga,Salvador,231.0,1,27.783333333333335,24.55,30
202005,2020,5,BA,Nordeste,Caatinga,Salvador,323.6,1,26.570967741935487,23.635483870967743,31
202006,2020,6,BA,Nordeste,Caatinga,Salvador,136.4,0,26.083333333333332,22.990000000000002,30
202007,2020,7,BA,Nordeste,Caatinga,Salvador,111.89999999999999,2,25.496774193548386,22.23548387096774,31
202008,2020,8,BA,Nordeste,Caatinga,Salvador,95.2,1,24.9,22.02258064516129,31
202009,2020,9,BA,Nordeste,Caatinga,Salvador,64.7,1,25.78666666666667,22.279999999999998,30
202010,2020,10,BA,Nordeste,Caatinga,Salvador,35.9,6,28.0258064516129,23.45483870967742,31
202011,2020,11,BA,Nordeste,Caatinga,Salvador,124.10000000000001,1,27.423333333333336,23.803333333333335,30
202012,2020,12,BA,Nordeste,Caatinga,Salvador,38.1,3,28.46451612903226,24.05806451612903,31
202101,2021,1,BA,Nordeste,Caatinga,Salvador,58.2,1,28.14516129032258,24.338709677419356,31
202102,2021,2,BA,Nordeste,Caatinga,Salvador,34.3,3,28.982142857142858,24.74642857142857,28
202103,2021,3,BA,Nordeste,Caatinga,Salvador,45.4,6,28.861290322580647,24.438709677419357,31
202104,2021,4,BA,Nordeste,Caatinga,Salvador,201.8,3,27.529999999999998,24.133333333333333,30
202105,2021,5,BA,Nordeste,Caatinga,Salvador,104.0,7,26.52258064516129,23.31935483870968,31
202106,2021,6,BA,Nordeste,Caatinga,Salvador,110.8,2,25.35,22.763333333333332,30
202107,2021,7,BA,Nordeste,Caatinga,Salvador,175.1,2,24.77741935483871,21.91290322580645,31
202108,2021,8,BA,Nordeste,Caatinga,Salvador,97.7,1,24.438709677419357,21.68064516129032,31
202109,2021,9,BA,Nordeste,Caatinga,Salvador,39.6,6,26.276666666666664,22.563333333333333,30
202110,2021,10,BA,Nordeste,Caatinga,Salvador,55.1,3,28.16774193548387,23.883870967741935,31
202111,2021,11,BA,Nordeste,Caatinga,Salvador,204.0,1,27.77,23.763333333333332,30
202112,2021,12,BA,Nordeste,Caatinga,Salvador,147.5,1,28.016129032258064,24.154838709677417,31
202201,2022,1,BA,Nordeste,Caatinga,Salvador,119.6,1,28.041935483870965,23.96451612903226,31
202202,2022,2,BA,Nordeste,Caatinga,Salvador,66.8,0,28.2,24.342857142857145,28
202203,2022,3,BA,Nordeste,Caatinga,Salvador,165.6,0,27.48709677419355,23.89032258064516,31
202204,2022,4,BA,Nordeste,Caatinga,Salvador,270.9,2,27.633333333333333,23.883333333333333,30
202205,2022,5,BA,Nordeste,Caatinga,Salvador,115.89999999999999,4,26.793548387096774,23.56451612903226,31
202206,2022,6,BA,Nordeste,Caatinga,Salvador,82.8,1,25.546666666666667,22.523333333333333,30
202207,2022,7,BA,Nordeste,Caatinga,Salvador,98.1,0,25.34193548387097,21.97741935483871,31
202208,2022,8,BA,Nordeste,Caatinga,Salvador,83.3,5,25.080645161290324,21.661290322580644,31
202209,2022,9,BA,Nordeste,Caatinga,Salvador,73.0,2,25.55666666666667,21.82,30
202210,2022,10,BA,Nordeste,Caatinga,Salvador,70.0,1,27.193548387096776,23.200000000000003,31
202211,2022,11,BA,Nordeste,Caatinga,Salvador,210.6,1,27.029999999999998,23.41,30
202212,2022,12,BA,Nordeste,Caatinga,Salvador,88.5,1,28.187096774193545,23.825806451612905,31
202301,2023,1,BA,Nordeste,Caatinga,Salvador,53.6,1,28.338709677419356,23.993548387096773,31
202302,2023,2,BA,Nordeste,Caatinga,Salvador,81.3,0,28.560714285714287,24.089285714285715,28
202303,2023,3,BA,Nordeste,Caatinga,Salvador,129.3,0,27.612903225806452,23.774193548387096,31
202304,2023,4,BA,Nordeste,Caatinga,Salvador,78.3,2,28.14,24.086666666666666,30
202305,2023,5,BA,Nordeste,Caatinga,Salvador,243.5,0,26.32903225806452,23.38064516129032,31
202306,2023,6,BA,Nordeste,Caatinga,Salvador,196.3,0,25.773333333333333,22.913333333333334,30
202307,2023,7,BA,Nordeste,Caatinga,Salvador,93.5,1,25.403225806451612,22.16774193548387,31
202308,2023,8,BA,Nordeste,Caatinga,Salvador,87.5,1,25.94193548387097,22.200000000000003,31
202309,2023,9,BA,Nordeste,Caatinga,Salvador,58.8,1,27.126666666666665,22.803333333333335,30
202310,2023,10,BA,Nordeste,Caatinga,Salvador,45.5,7,28.548387096774192,23.693548387096776,31
202311,2023,11,BA,Nordeste,Caatinga,Salvador,47.4,6,29.623333333333335,24.033333333333335,30
202312,2023,12,BA,Nordeste,Caatinga,Salvador,118.6,1,29.138709677419353,24.509677419354837,31
202401,2024,1,BA,Nordeste,Caatinga,Salvador,135.4,0,29.674193548387095,24.73548387096774,31
202402,2024,2,BA,Nordeste,Caatinga,Salvador,132.8,0,28.720689655172414,24.893103448275863,29
202403,2024,3,BA,Nordeste,Caatinga,Salvador,107.7,2,29.79032258064516,25.141935483870967,31
202404,2024,4,BA,Nordeste,Caatinga,Salvador,326.4,1,28.013333333333332,24.546666666666667,30
202405,2024,5,BA,Nordeste,Caatinga,Salvador,115.4,2,27.712903225806453,24.31935483870968,31
202406,2024,6,BA,Nordeste,Caatinga,Salvador,132.0,0,26.33,22.91,30
202407,2024,7,BA,Nordeste,Caatinga,Salvador,74.2,0,25.97741935483871,22.574193548387097,31
202408,2024,8,BA,Nordeste,Caatinga,Salvador,117.4,1,25.835483870967742,22.016129032258064,31
202409,2024,9,BA,Nordeste,Caatinga,Salvador,58.2,1,26.52,22.33,30
202410,2024,10,BA,Nordeste,Caatinga,Salvador,57.2,3,28.293548387096774,23.593548387096774,31
202411,2024,11,BA,Nordeste,Caatinga,Salvador,187.8,1,28.3,23.709999999999997,30
202412,2024,12,BA,Nordeste,Caatinga,Salvador,31.8,1,29.60967741935484,24.593548387096774,31
202501,2025,1,BA,Nordeste,Caatinga,Salvador,143.8,1,29.538709677419355,24.661290322580644,31
202502,2025,2,BA,Nordeste,Caatinga,Salvador,85.0,0,29.04642857142857,24.49642857142857,28
202503,2025,3,BA,Nordeste,Caatinga,Salvador,60.5,0,29.796774193548387,24.6,31
202504,2025,4,BA,Nordeste,Caatinga,Salvador,106.2,1,29.25,24.64333333333333,30
202505,2025,5,BA,Nordeste,Caatinga,Salvador,312.2,1,27.02258064516129,23.509677419354837,31
202506,2025,6,BA,Nordeste,Caatinga,Salvador,131.2,1,26.076666666666664,22.7,30
202507,2025,7,BA,Nordeste,Caatinga,Salvador,162.0,1,24.996774193548386,21.864516129032257,31
202508,2025,8,BA,Nordeste,Caatinga,Salvador,84.0,3,25.838709677419356,22.148387096774194,31
202509,2025,9,BA,Nordeste,Caatinga,Salvador,68.39999999999999,1,26.31,22.490000000000002,30
202510,2025,10,BA,Nordeste,Caatinga,Salvador,163.4,1,26.75483870967742,22.848387096774193,31
202511,2025,11,BA,Nordeste,Caatinga,Salvador,179.0,1,28.133333333333333,23.706666666666667,30
202512,2025,12,BA,Nordeste,Caatinga,Salvador,34.4,5,29.287096774193547,24.270967741935483,31
202601,2026,1,BA,Nordeste,Caatinga,Salvador,56.7,1,29.0,24.451612903225808,31
202602,2026,2,BA,Nordeste,Caatinga,Salvador,150.9,3,29.439285714285713,24.489285714285717,28
202603,2026,3,BA,Nordeste,Caatinga,Salvador,179.2,2,29.44516129032258,24.541935483870965,31
202604,2026,4,BA,Nordeste,Caatinga,Salvador,154.8,1,28.476666666666667,24.31,30
202605,2026,5,BA,Nordeste,Caatinga,Salvador,129.8,1,27.780645161290323,24.032258064516128,31
202606,2026,6,BA,Nordeste,Caatinga,Salvador,48.1,0,25.925,22.625,4
201501,2015,1,CE,Nordeste,Caatinga,Fortaleza,24.0,9,29.835483870967742,25.18064516129032,31
201502,2015,2,CE,Nordeste,Caatinga,Fortaleza,117.2,4,29.00714285714286,24.7,28
201503,2015,3,CE,Nordeste,Caatinga,Fortaleza,253.6,1,28.396774193548385,24.448387096774194,31
201504,2015,4,CE,Nordeste,Caatinga,Fortaleza,192.5,0,28.203333333333333,24.44,30
201505,2015,5,CE,Nordeste,Caatinga,Fortaleza,74.4,4,29.10967741935484,25.190322580645162,31
201506,2015,6,CE,Nordeste,Caatinga,Fortaleza,55.6,6,29.003333333333334,24.53666666666667,30
201507,2015,7,CE,Nordeste,Caatinga,Fortaleza,64.2,14,28.654838709677417,24.03548387096774,31
201508,2015,8,CE,Nordeste,Caatinga,Fortaleza,0.8,27,30.351612903225806,24.08709677419355,31
201509,2015,9,CE,Nordeste,Caatinga,Fortaleza,6.8,21,29.756666666666668,24.633333333333333,30
201510,2015,10,CE,Nordeste,Caatinga,Fortaleza,0.7,28,30.238709677419354,24.98709677419355,31
201511,2015,11,CE,Nordeste,Caatinga,Fortaleza,2.0,23,30.46333333333333,25.346666666666668,30
201512,2015,12,CE,Nordeste,Caatinga,Fortaleza,49.7,11,29.996774193548386,25.43548387096774,31
201601,2016,1,CE,Nordeste,Caatinga,Fortaleza,214.2,0,28.490322580645163,24.661290322580644,31
201602,2016,2,CE,Nordeste,Caatinga,Fortaleza,166.6,2,28.79655172413793,24.92413793103448,29
201603,2016,3,CE,Nordeste,Caatinga,Fortaleza,126.5,2,29.496774193548386,25.625806451612902,31
201604,2016,4,CE,Nordeste,Caatinga,Fortaleza,189.4,4,29.06,25.25,30
201605,2016,5,CE,Nordeste,Caatinga,Fortaleza,42.1,9,29.835483870967742,25.34193548387097,31
201606,2016,6,CE,Nordeste,Caatinga,Fortaleza,27.5,12,29.80666666666667,24.803333333333335,30
201607,2016,7,CE,Nordeste,Caatinga,Fortaleza,7.2,22,30.519354838709678,24.68064516129032,31
201608,2016,8,CE,Nordeste,Caatinga,Fortaleza,2.7,23,30.541935483870965,24.56451612903226,31
201609,2016,9,CE,Nordeste,Caatinga,Fortaleza,2.1,23,30.433333333333334,24.78666666666667,30
201610,2016,10,CE,Nordeste,Caatinga,Fortaleza,7.4,21,30.648387096774194,25.251612903225805,31
201611,2016,11,CE,Nordeste,Caatinga,Fortaleza,4.3,21,30.59333333333333,25.529999999999998,30
201612,2016,12,CE,Nordeste,Caatinga,Fortaleza,27.799999999999997,14,30.406451612903226,25.706451612903226,31
201701,2017,1,CE,Nordeste,Caatinga,Fortaleza,91.9,2,29.23225806451613,25.187096774193545,31
201702,2017,2,CE,Nordeste,Caatinga,Fortaleza,197.6,1,28.728571428571428,24.835714285714285,28
201703,2017,3,CE,Nordeste,Caatinga,Fortaleza,411.5,0,28.14516129032258,24.24516129032258,31
201704,2017,4,CE,Nordeste,Caatinga,Fortaleza,291.4,1,29.053333333333335,24.523333333333333,30
201705,2017,5,CE,Nordeste,Caatinga,Fortaleza,171.79999999999998,3,29.370967741935484,24.712903225806453,31
201706,2017,6,CE,Nordeste,Caatinga,Fortaleza,57.699999999999996,7,29.66,24.470000000000002,30
201707,2017,7,CE,Nordeste,Caatinga,Fortaleza,35.1,10,29.68064516129032,23.24516129032258,31
201708,2017,8,CE,Nordeste,Caatinga,Fortaleza,5.699999999999999,21,30.148387096774194,24.541935483870965,31
201709,2017,9,CE,Nordeste,Caatinga,Fortaleza,13.8,23,30.216666666666665,24.48,30
201710,2017,10,CE,Nordeste,Caatinga,Fortaleza,13.4,11,30.23548387096774,25.274193548387096,31
201711,2017,11,CE,Nordeste,Caatinga,Fortaleza,22.8,5,29.77,25.55,30
201712,2017,12,CE,Nordeste,Caatinga,Fortaleza,65.6,1,29.67096774193548,25.470967741935485,31
201801,2018,1,CE,Nordeste,Caatinga,Fortaleza,108.3,0,29.13225806451613,24.845161290322583,31
201802,2018,2,CE,Nordeste,Caatinga,Fortaleza,337.2,0,27.985714285714288,23.978571428571428,28
201803,2018,3,CE,Nordeste,Caatinga,Fortaleza,185.7,1,28.94516129032258,24.825806451612905,31
201804,2018,4,CE,Nordeste,Caatinga,Fortaleza,289.1,1,29.009999999999998,23.75,30
201805,2018,5,CE,Nordeste,Caatinga,Fortaleza,155.3,4,29.241935483870968,24.067741935483873,31
201806,2018,6,CE,Nordeste,Caatinga,Fortaleza,71.8,7,28.75,24.13,30
201807,2018,7,CE,Nordeste,Caatinga,Fortaleza,100.60000000000001,11,28.641935483870967,23.53548387096774,31
201808,2018,8,CE,Nordeste,Caatinga,Fortaleza,31.2,9,29.041935483870965,24.200000000000003,31
201809,2018,9,CE,Nordeste,Caatinga,Fortaleza,9.6,14,29.779999999999998,24.733333333333334,30
201810,2018,10,CE,Nordeste,Caatinga,Fortaleza,16.9,8,30.05483870967742,25.461290322580645,31
201811,2018,11,CE,Nordeste,Caatinga,Fortaleza,20.6,2,30.363333333333333,25.89,30
201812,2018,12,CE,Nordeste,Caatinga,Fortaleza,129.8,2,28.838709677419356,24.674193548387095,31
201901,2019,1,CE,Nordeste,Caatinga,Fortaleza,234.5,0,28.887096774193548,24.41290322580645,31
201902,2019,2,CE,Nordeste,Caatinga,Fortaleza,269.7,0,28.667857142857144,24.400000000000002,28
201903,2019,3,CE,Nordeste,Caatinga,Fortaleza,498.3,0,28.24516129032258,23.858064516129033,31
201904,2019,4,CE,Nordeste,Caatinga,Fortaleza,474.5,0,28.553333333333335,24.0,30
201905,2019,5,CE,Nordeste,Caatinga,Fortaleza,171.5,0,29.02258064516129,24.448387096774194,31
201906,2019,6,CE,Nordeste,Caatinga,Fortaleza,172.9,3,29.05666666666667,24.046666666666667,30
201907,2019,7,CE,Nordeste,Caatinga,Fortaleza,80.2,2,28.88064516129032,23.741935483870968,31
201908,2019,8,CE,Nordeste,Caatinga,Fortaleza,15.700000000000001,10,29.716129032258067,24.14516129032258,31
201909,2019,9,CE,Nordeste,Caatinga,Fortaleza,17.1,5,29.59333333333333,24.823333333333334,30
201910,2019,10,CE,Nordeste,Caatinga,Fortaleza,13.8,8,30.112903225806452,25.061290322580643,31
201911,2019,11,CE,Nordeste,Caatinga,Fortaleza,18.1,6,30.383333333333333,25.726666666666667,30
201912,2019,12,CE,Nordeste,Caatinga,Fortaleza,33.8,4,30.593548387096774,25.938709677419357,31
202001,2020,1,CE,Nordeste,Caatinga,Fortaleza,221.1,2,29.27741935483871,24.993548387096773,31
202002,2020,2,CE,Nordeste,Caatinga,Fortaleza,349.0,0,29.224137931034484,24.489655172413794,29
202003,2020,3,CE,Nordeste,Caatinga,Fortaleza,267.6,0,29.306451612903224,24.603225806451615,31
202004,2020,4,CE,Nordeste,Caatinga,Fortaleza,286.1,0,29.436666666666667,24.45,30
202005,2020,5,CE,Nordeste,Caatinga,Fortaleza,186.0,2,29.41290322580645,24.4,31
202006,2020,6,CE,Nordeste,Caatinga,Fortaleza,62.699999999999996,4,28.966666666666665,23.663333333333334,30
202007,2020,7,CE,Nordeste,Caatinga,Fortaleza,36.6,9,29.561290322580643,23.432258064516127,31
202008,2020,8,CE,Nordeste,Caatinga,Fortaleza,4.8,23,30.07741935483871,24.03548387096774,31
202009,2020,9,CE,Nordeste,Caatinga,Fortaleza,4.8,17,30.23,24.596666666666668,30
202010,2020,10,CE,Nordeste,Caatinga,Fortaleza,11.9,11,30.519354838709678,25.293548387096774,31
202011,2020,11,CE,Nordeste,Caatinga,Fortaleza,28.7,4,30.39,25.646666666666665,30
202012,2020,12,CE,Nordeste,Caatinga,Fortaleza,25.3,3,30.39032258064516,25.75483870967742,31
202101,2021,1,CE,Nordeste,Caatinga,Fortaleza,75.5,1,29.970967741935485,25.35483870967742,31
202102,2021,2,CE,Nordeste,Caatinga,Fortaleza,91.8,1,29.567857142857143,24.989285714285717,28
202103,2021,3,CE,Nordeste,Caatinga,Fortaleza,270.9,0,28.84193548387097,24.0258064516129,31
202104,2021,4,CE,Nordeste,Caatinga,Fortaleza,99.60000000000001,3,29.596666666666668,24.413333333333334,30
202105,2021,5,CE,Nordeste,Caatinga,Fortaleza,155.9,1,29.35483870967742,23.89032258064516,31
202106,2021,6,CE,Nordeste,Caatinga,Fortaleza,55.0,7,29.95,24.113333333333333,30
202107,2021,7,CE,Nordeste,Caatinga,Fortaleza,48.300000000000004,9,29.84193548387097,24.106451612903225,31
202108,2021,8,CE,Nordeste,Caatinga,Fortaleza,14.8,16,30.864516129032257,24.52258064516129,31
202109,2021,9,CE,Nordeste,Caatinga,Fortaleza,6.5,8,30.60666666666667,25.246666666666666,30
202110,2021,10,CE,Nordeste,Caatinga,Fortaleza,19.5,3,30.706451612903226,25.693548387096776,31
202111,2021,11,CE,Nordeste,Caatinga,Fortaleza,20.7,5,31.086666666666666,25.990000000000002,30
202112,2021,12,CE,Nordeste,Caatinga,Fortaleza,44.8,2,30.725806451612904,25.919354838709676,31
202201,2022,1,CE,Nordeste,Caatinga,Fortaleza,161.8,0,28.89032258064516,24.12258064516129,31
202202,2022,2,CE,Nordeste,Caatinga,Fortaleza,55.0,1,29.728571428571428,24.90357142857143,28
202203,2022,3,CE,Nordeste,Caatinga,Fortaleza,392.3,0,28.719354838709677,23.55483870967742,31
202204,2022,4,CE,Nordeste,Caatinga,Fortaleza,261.7,1,28.816666666666666,23.496666666666666,30
202205,2022,5,CE,Nordeste,Caatinga,Fortaleza,247.39999999999998,1,29.01290322580645,23.45483870967742,31
202206,2022,6,CE,Nordeste,Caatinga,Fortaleza,154.70000000000002,4,28.876666666666665,22.903333333333332,30
202207,2022,7,CE,Nordeste,Caatinga,Fortaleza,72.60000000000001,5,29.19677419354839,23.061290322580643,31
202208,2022,8,CE,Nordeste,Caatinga,Fortaleza,35.7,13,30.40967741935484,23.612903225806452,31
202209,2022,9,CE,Nordeste,Caatinga,Fortaleza,12.5,10,30.276666666666664,24.586666666666666,30
202210,2022,10,CE,Nordeste,Caatinga,Fortaleza,12.3,9,30.567741935483873,25.283870967741933,31
202211,2022,11,CE,Nordeste,Caatinga,Fortaleza,26.6,5,30.35666666666667,25.296666666666667,30
202212,2022,12,CE,Nordeste,Caatinga,Fortaleza,36.9,5,30.393548387096775,25.23548387096774,31
202301,2023,1,CE,Nordeste,Caatinga,Fortaleza,97.9,2,29.27741935483871,24.361290322580647,31
202302,2023,2,CE,Nordeste,Caatinga,Fortaleza,248.3,0,28.978571428571428,24.09642857142857,28
202303,2023,3,CE,Nordeste,Caatinga,Fortaleza,275.3,1,28.774193548387096,23.661290322580644,31
202304,2023,4,CE,Nordeste,Caatinga,Fortaleza,213.6,3,28.990000000000002,23.626666666666665,30
202305,2023,5,CE,Nordeste,Caatinga,Fortaleza,75.1,0,29.996774193548386,24.358064516129033,31
202306,2023,6,CE,Nordeste,Caatinga,Fortaleza,49.199999999999996,4,29.89,23.666666666666668,30
202307,2023,7,CE,Nordeste,Caatinga,Fortaleza,26.5,10,31.04516129032258,24.05806451612903,31
202308,2023,8,CE,Nordeste,Caatinga,Fortaleza,15.4,9,30.916129032258063,24.5,31
202309,2023,9,CE,Nordeste,Caatinga,Fortaleza,8.0,17,30.96333333333333,24.923333333333336,30
202310,2023,10,CE,Nordeste,Caatinga,Fortaleza,12.0,15,30.874193548387098,25.5258064516129,31
202311,2023,11,CE,Nordeste,Caatinga,Fortaleza,18.0,11,31.073333333333334,25.846666666666668,30
202312,2023,12,CE,Nordeste,Caatinga,Fortaleza,38.2,5,30.970967741935485,25.838709677419356,31
202401,2024,1,CE,Nordeste,Caatinga,Fortaleza,55.0,3,31.125806451612902,25.95483870967742,31
202402,2024,2,CE,Nordeste,Caatinga,Fortaleza,338.5,0,30.017241379310345,24.348275862068967,29
202403,2024,3,CE,Nordeste,Caatinga,Fortaleza,359.40000000000003,0,29.45483870967742,24.193548387096776,31
202404,2024,4,CE,Nordeste,Caatinga,Fortaleza,253.4,0,29.71333333333333,24.243333333333332,30
202405,2024,5,CE,Nordeste,Caatinga,Fortaleza,200.3,1,30.1,24.432258064516127,31
202406,2024,6,CE,Nordeste,Caatinga,Fortaleza,98.2,5,29.543333333333333,23.676666666666666,30
202407,2024,7,CE,Nordeste,Caatinga,Fortaleza,15.0,11,30.393548387096775,23.312903225806455,31
202408,2024,8,CE,Nordeste,Caatinga,Fortaleza,2.7,21,30.887096774193548,24.05483870967742,31
202409,2024,9,CE,Nordeste,Caatinga,Fortaleza,1.5,26,30.503333333333334,24.616666666666667,30
202410,2024,10,CE,Nordeste,Caatinga,Fortaleza,9.2,14,30.325806451612905,25.238709677419354,31
202411,2024,11,CE,Nordeste,Caatinga,Fortaleza,8.4,9,30.916666666666668,25.756666666666668,30
202412,2024,12,CE,Nordeste,Caatinga,Fortaleza,45.5,1,30.812903225806455,25.59032258064516,31
202501,2025,1,CE,Nordeste,Caatinga,Fortaleza,150.1,0,29.787096774193547,24.36774193548387,31
202502,2025,2,CE,Nordeste,Caatinga,Fortaleza,224.8,2,29.75714285714286,23.985714285714288,28
202503,2025,3,CE,Nordeste,Caatinga,Fortaleza,264.2,0,29.467741935483872,23.664516129032258,31
202504,2025,4,CE,Nordeste,Caatinga,Fortaleza,205.0,0,29.78666666666667,24.03666666666667,30
202505,2025,5,CE,Nordeste,Caatinga,Fortaleza,130.5,0,30.1,24.17096774193548,31
202506,2025,6,CE,Nordeste,Caatinga,Fortaleza,146.9,0,29.303333333333335,23.526666666666664,30
202507,2025,7,CE,Nordeste,Caatinga,Fortaleza,71.5,4,29.822580645161292,23.496774193548386,31
202508,2025,8,CE,Nordeste,Caatinga,Fortaleza,25.6,7,30.57741935483871,23.91290322580645,31
202509,2025,9,CE,Nordeste,Caatinga,Fortaleza,6.8999999999999995,15,31.096666666666668,24.813333333333333,30
202510,2025,10,CE,Nordeste,Caatinga,Fortaleza,6.4,16,30.79032258064516,25.322580645161292,31
202511,2025,11,CE,Nordeste,Caatinga,Fortaleza,13.5,10,30.636666666666667,25.89333333333333,30
202512,2025,12,CE,Nordeste,Caatinga,Fortaleza,29.0,1,30.864516129032257,26.074193548387097,31
202601,2026,1,CE,Nordeste,Caatinga,Fortaleza,96.3,0,30.25483870967742,25.5258064516129,31
202602,2026,2,CE,Nordeste,Caatinga,Fortaleza,189.1,1,29.45,24.11785714285714,28
202603,2026,3,CE,Nordeste,Caatinga,Fortaleza,179.7,1,29.848387096774193,24.393548387096775,31
202604,2026,4,CE,Nordeste,Caatinga,Fortaleza,368.5,0,29.029999999999998,23.743333333333332,30
202605,2026,5,CE,Nordeste,Caatinga,Fortaleza,211.9,0,30.174193548387095,23.87741935483871,31
202606,2026,6,CE,Nordeste,Caatinga,Fortaleza,14.4,0,30.025,24.575,4
201501,2015,1,MA,Nordeste,Cerrado,São Luís,61.9,5,30.05483870967742,25.361290322580647,31
201502,2015,2,MA,Nordeste,Cerrado,São Luís,238.5,1,28.592857142857145,24.614285714285717,28
201503,2015,3,MA,Nordeste,Cerrado,São Luís,395.4,0,28.112903225806452,24.23225806451613,31
201504,2015,4,MA,Nordeste,Cerrado,São Luís,300.4,0,28.083333333333332,24.313333333333333,30
201505,2015,5,MA,Nordeste,Cerrado,São Luís,152.8,0,29.135483870967743,24.751612903225805,31
201506,2015,6,MA,Nordeste,Cerrado,São Luís,122.2,1,29.043333333333333,24.723333333333336,30
201507,2015,7,MA,Nordeste,Cerrado,São Luís,65.5,7,29.780645161290323,25.029032258064515,31
201508,2015,8,MA,Nordeste,Cerrado,São Luís,8.9,11,31.338709677419356,25.51290322580645,31
201509,2015,9,MA,Nordeste,Cerrado,São Luís,8.4,11,30.936666666666667,25.64,30
201510,2015,10,MA,Nordeste,Cerrado,São Luís,5.8,18,31.58709677419355,25.961290322580645,31
201511,2015,11,MA,Nordeste,Cerrado,São Luís,1.0,26,31.470000000000002,26.11,30
201512,2015,12,MA,Nordeste,Cerrado,São Luís,31.6,9,31.190322580645162,26.190322580645162,31
201601,2016,1,MA,Nordeste,Cerrado,São Luís,178.8,2,29.370967741935484,25.29032258064516,31
201602,2016,2,MA,Nordeste,Cerrado,São Luís,186.5,1,29.06551724137931,25.186206896551724,29
201603,2016,3,MA,Nordeste,Cerrado,São Luís,254.7,0,29.096774193548388,25.193548387096776,31
201604,2016,4,MA,Nordeste,Cerrado,São Luís,260.9,0,29.45,25.413333333333334,30
201605,2016,5,MA,Nordeste,Cerrado,São Luís,117.89999999999999,0,29.42258064516129,25.509677419354837,31
201606,2016,6,MA,Nordeste,Cerrado,São Luís,72.9,0,29.529999999999998,25.290000000000003,30
201607,2016,7,MA,Nordeste,Cerrado,São Luís,52.2,0,29.996774193548386,25.39032258064516,31
201608,2016,8,MA,Nordeste,Cerrado,São Luís,12.1,9,31.067741935483873,25.770967741935483,31
201609,2016,9,MA,Nordeste,Cerrado,São Luís,5.5,14,31.256666666666668,25.90666666666667,30
201610,2016,10,MA,Nordeste,Cerrado,São Luís,7.4,15,31.903225806451612,26.10967741935484,31
201611,2016,11,MA,Nordeste,Cerrado,São Luís,6.8,15,31.966666666666665,26.31,30
201612,2016,12,MA,Nordeste,Cerrado,São Luís,116.3,6,30.10967741935484,25.725806451612904,31
201701,2017,1,MA,Nordeste,Cerrado,São Luís,280.6,0,29.12258064516129,24.39032258064516,31
201702,2017,2,MA,Nordeste,Cerrado,São Luís,337.6,1,28.789285714285715,24.032142857142855,28
201703,2017,3,MA,Nordeste,Cerrado,São Luís,467.4,0,28.57741935483871,23.84193548387097,31
201704,2017,4,MA,Nordeste,Cerrado,São Luís,278.5,0,29.46333333333333,24.203333333333333,30
201705,2017,5,MA,Nordeste,Cerrado,São Luís,324.0,1,29.79032258064516,24.648387096774194,31
201706,2017,6,MA,Nordeste,Cerrado,São Luís,94.0,3,29.970000000000002,24.55666666666667,30
201707,2017,7,MA,Nordeste,Cerrado,São Luís,62.2,5,30.19677419354839,23.73225806451613,31
201708,2017,8,MA,Nordeste,Cerrado,São Luís,74.6,1,30.770967741935483,24.938709677419357,31
201709,2017,9,MA,Nordeste,Cerrado,São Luís,27.9,3,32.17666666666667,25.413333333333334,30
201710,2017,10,MA,Nordeste,Cerrado,São Luís,53.5,1,31.55483870967742,25.780645161290323,31
201711,2017,11,MA,Nordeste,Cerrado,São Luís,29.6,8,31.216666666666665,25.529999999999998,30
201712,2017,12,MA,Nordeste,Cerrado,São Luís,106.5,4,30.793548387096774,25.338709677419356,31
201801,2018,1,MA,Nordeste,Cerrado,São Luís,224.3,0,29.370967741935484,24.148387096774194,31
201802,2018,2,MA,Nordeste,Cerrado,São Luís,479.9,0,28.317857142857143,23.432142857142857,28
201803,2018,3,MA,Nordeste,Cerrado,São Luís,332.0,0,29.070967741935487,24.041935483870965,31
201804,2018,4,MA,Nordeste,Cerrado,São Luís,451.8,0,28.623333333333335,23.563333333333333,30
201805,2018,5,MA,Nordeste,Cerrado,São Luís,334.4,0,28.845161290322583,23.751612903225805,31
201806,2018,6,MA,Nordeste,Cerrado,São Luís,145.0,2,29.33,23.923333333333336,30
201807,2018,7,MA,Nordeste,Cerrado,São Luís,95.4,1,29.44516129032258,24.25483870967742,31
201808,2018,8,MA,Nordeste,Cerrado,São Luís,51.800000000000004,0,29.76774193548387,24.406451612903226,31
201809,2018,9,MA,Nordeste,Cerrado,São Luís,18.0,1,30.92,25.05666666666667,30
201810,2018,10,MA,Nordeste,Cerrado,São Luís,22.0,6,31.177419354838708,25.348387096774193,31
201811,2018,11,MA,Nordeste,Cerrado,São Luís,204.8,6,31.316666666666666,25.456666666666667,30
201812,2018,12,MA,Nordeste,Cerrado,São Luís,249.0,1,28.635483870967743,24.04516129032258,31
201901,2019,1,MA,Nordeste,Cerrado,São Luís,248.5,0,29.106451612903225,24.219354838709677,31
201902,2019,2,MA,Nordeste,Cerrado,São Luís,435.7,0,28.789285714285715,23.910714285714285,28
201903,2019,3,MA,Nordeste,Cerrado,São Luís,691.9,0,28.30322580645161,23.729032258064517,31
201904,2019,4,MA,Nordeste,Cerrado,São Luís,642.9,0,29.009999999999998,23.753333333333334,30
201905,2019,5,MA,Nordeste,Cerrado,São Luís,326.6,0,29.4,24.29032258064516,31
201906,2019,6,MA,Nordeste,Cerrado,São Luís,118.3,1,29.813333333333333,24.09333333333333,30
201907,2019,7,MA,Nordeste,Cerrado,São Luís,105.7,0,29.780645161290323,23.858064516129033,31
201908,2019,8,MA,Nordeste,Cerrado,São Luís,34.3,1,30.806451612903224,24.593548387096774,31
201909,2019,9,MA,Nordeste,Cerrado,São Luís,33.300000000000004,3,31.48,25.173333333333336,30
201910,2019,10,MA,Nordeste,Cerrado,São Luís,25.900000000000002,3,31.532258064516128,25.251612903225805,31
201911,2019,11,MA,Nordeste,Cerrado,São Luís,52.5,3,31.48,25.496666666666666,30
201912,2019,12,MA,Nordeste,Cerrado,São Luís,85.2,3,31.63225806451613,25.65806451612903,31
202001,2020,1,MA,Nordeste,Cerrado,São Luís,388.0,0,29.129032258064516,24.151612903225807,31
202002,2020,2,MA,Nordeste,Cerrado,São Luís,416.8,0,28.96551724137931,24.03793103448276,29
202003,2020,3,MA,Nordeste,Cerrado,São Luís,611.0,0,28.66774193548387,24.05483870967742,31
202004,2020,4,MA,Nordeste,Cerrado,São Luís,477.3,0,29.15666666666667,24.09,30
202005,2020,5,MA,Nordeste,Cerrado,São Luís,208.0,0,29.883870967741935,24.138709677419353,31
202006,2020,6,MA,Nordeste,Cerrado,São Luís,66.6,1,29.68,23.84,30
202007,2020,7,MA,Nordeste,Cerrado,São Luís,80.8,0,29.858064516129033,23.616129032258065,31
202008,2020,8,MA,Nordeste,Cerrado,São Luís,33.3,5,30.69677419354839,23.948387096774194,31
202009,2020,9,MA,Nordeste,Cerrado,São Luís,19.0,2,31.363333333333333,24.853333333333335,30
202010,2020,10,MA,Nordeste,Cerrado,São Luís,13.4,8,31.635483870967743,25.26451612903226,31
202011,2020,11,MA,Nordeste,Cerrado,São Luís,143.5,0,31.040000000000003,25.0,30
202012,2020,12,MA,Nordeste,Cerrado,São Luís,49.9,0,31.10967741935484,25.251612903225805,31
202101,2021,1,MA,Nordeste,Cerrado,São Luís,120.7,0,30.351612903225806,24.374193548387098,31
202102,2021,2,MA,Nordeste,Cerrado,São Luís,315.0,1,29.13214285714286,23.957142857142856,28
202103,2021,3,MA,Nordeste,Cerrado,São Luís,409.8,0,28.316129032258065,23.432258064516127,31
202104,2021,4,MA,Nordeste,Cerrado,São Luís,311.6,1,29.673333333333336,23.803333333333335,30
202105,2021,5,MA,Nordeste,Cerrado,São Luís,201.4,0,29.83225806451613,23.916129032258063,31
202106,2021,6,MA,Nordeste,Cerrado,São Luís,210.1,2,29.173333333333336,23.63,30
202107,2021,7,MA,Nordeste,Cerrado,São Luís,102.3,0,29.4,23.651612903225807,31
202108,2021,8,MA,Nordeste,Cerrado,São Luís,56.4,4,30.561290322580643,24.174193548387095,31
202109,2021,9,MA,Nordeste,Cerrado,São Luís,60.3,0,30.696666666666665,24.826666666666664,30
202110,2021,10,MA,Nordeste,Cerrado,São Luís,74.5,2,30.93548387096774,25.08709677419355,31
202111,2021,11,MA,Nordeste,Cerrado,São Luís,105.5,0,31.196666666666665,24.78666666666667,30
202112,2021,12,MA,Nordeste,Cerrado,São Luís,138.7,0,31.31935483870968,25.251612903225805,31
202201,2022,1,MA,Nordeste,Cerrado,São Luís,399.0,0,28.848387096774193,23.403225806451612,31
202202,2022,2,MA,Nordeste,Cerrado,São Luís,280.3,0,29.292857142857144,23.625,28
202203,2022,3,MA,Nordeste,Cerrado,São Luís,739.4,0,28.490322580645163,23.07741935483871,31
202204,2022,4,MA,Nordeste,Cerrado,São Luís,442.3,0,28.959999999999997,23.173333333333336,30
202205,2022,5,MA,Nordeste,Cerrado,São Luís,400.3,0,29.229032258064517,23.30322580645161,31
202206,2022,6,MA,Nordeste,Cerrado,São Luís,116.89999999999999,2,29.716666666666665,23.296666666666667,30
202207,2022,7,MA,Nordeste,Cerrado,São Luís,66.4,2,30.106451612903225,23.61935483870968,31
202208,2022,8,MA,Nordeste,Cerrado,São Luís,60.2,2,30.748387096774195,24.374193548387098,31
202209,2022,9,MA,Nordeste,Cerrado,São Luís,65.6,0,30.939999999999998,25.046666666666667,30
202210,2022,10,MA,Nordeste,Cerrado,São Luís,72.6,2,31.316129032258065,25.44516129032258,31
202211,2022,11,MA,Nordeste,Cerrado,São Luís,125.1,1,30.80666666666667,24.633333333333333,30
202212,2022,12,MA,Nordeste,Cerrado,São Luís,145.3,0,30.90967741935484,24.76774193548387,31
202301,2023,1,MA,Nordeste,Cerrado,São Luís,280.5,0,29.219354838709677,23.419354838709676,31
202302,2023,2,MA,Nordeste,Cerrado,São Luís,313.2,0,28.86785714285714,23.57857142857143,28
202303,2023,3,MA,Nordeste,Cerrado,São Luís,468.6,0,28.5258064516129,23.26774193548387,31
202304,2023,4,MA,Nordeste,Cerrado,São Luís,382.0,0,29.226666666666667,23.459999999999997,30
202305,2023,5,MA,Nordeste,Cerrado,São Luís,183.20000000000002,2,29.929032258064513,24.135483870967743,31
202306,2023,6,MA,Nordeste,Cerrado,São Luís,175.9,0,29.853333333333335,23.616666666666667,30
202307,2023,7,MA,Nordeste,Cerrado,São Luís,58.9,2,31.129032258064516,24.345161290322583,31
202308,2023,8,MA,Nordeste,Cerrado,São Luís,40.9,1,31.441935483870967,24.60967741935484,31
202309,2023,9,MA,Nordeste,Cerrado,São Luís,32.2,3,32.7,25.323333333333334,30
202310,2023,10,MA,Nordeste,Cerrado,São Luís,43.9,6,32.20967741935484,25.593548387096774,31
202311,2023,11,MA,Nordeste,Cerrado,São Luís,39.4,5,32.233333333333334,25.89333333333333,30
202312,2023,12,MA,Nordeste,Cerrado,São Luís,137.3,1,31.622580645161293,25.51290322580645,31
202401,2024,1,MA,Nordeste,Cerrado,São Luís,229.2,1,30.16774193548387,24.835483870967742,31
202402,2024,2,MA,Nordeste,Cerrado,São Luís,410.4,0,29.29655172413793,24.02758620689655,29
202403,2024,3,MA,Nordeste,Cerrado,São Luís,590.0,0,29.45483870967742,23.77741935483871,31
202404,2024,4,MA,Nordeste,Cerrado,São Luís,486.70000000000005,0,29.653333333333332,23.87,30
202405,2024,5,MA,Nordeste,Cerrado,São Luís,194.3,1,30.770967741935483,24.22258064516129,31
202406,2024,6,MA,Nordeste,Cerrado,São Luís,87.9,3,30.646666666666665,23.913333333333334,30
202407,2024,7,MA,Nordeste,Cerrado,São Luís,30.0,6,31.30322580645161,23.68064516129032,31
202408,2024,8,MA,Nordeste,Cerrado,São Luís,28.1,5,32.18709677419355,24.27741935483871,31
202409,2024,9,MA,Nordeste,Cerrado,São Luís,19.4,7,32.8,24.896666666666665,30
202410,2024,10,MA,Nordeste,Cerrado,São Luís,27.7,10,32.34516129032258,25.37741935483871,31
202411,2024,11,MA,Nordeste,Cerrado,São Luís,39.5,6,32.416666666666664,25.53666666666667,30
202412,2024,12,MA,Nordeste,Cerrado,São Luís,89.9,1,31.703225806451613,25.461290322580645,31
202501,2025,1,MA,Nordeste,Cerrado,São Luís,329.4,0,29.874193548387098,23.861290322580647,31
202502,2025,2,MA,Nordeste,Cerrado,São Luís,377.5,0,29.457142857142856,23.575,28
202503,2025,3,MA,Nordeste,Cerrado,São Luís,373.2,0,29.66774193548387,23.76451612903226,31
202504,2025,4,MA,Nordeste,Cerrado,São Luís,295.6,0,29.746666666666666,23.996666666666666,30
202505,2025,5,MA,Nordeste,Cerrado,São Luís,169.0,2,30.625806451612902,24.32903225806452,31
202506,2025,6,MA,Nordeste,Cerrado,São Luís,120.1,0,30.676666666666666,24.14333333333333,30
202507,2025,7,MA,Nordeste,Cerrado,São Luís,79.0,1,30.374193548387098,24.193548387096776,31
202508,2025,8,MA,Nordeste,Cerrado,São Luís,62.4,3,31.48709677419355,24.674193548387095,31
202509,2025,9,MA,Nordeste,Cerrado,São Luís,29.900000000000002,3,32.75,25.353333333333335,30
202510,2025,10,MA,Nordeste,Cerrado,São Luís,47.6,1,32.49354838709677,25.438709677419357,31
202511,2025,11,MA,Nordeste,Cerrado,São Luís,33.3,2,31.96333333333333,25.726666666666667,30
202512,2025,12,MA,Nordeste,Cerrado,São Luís,100.8,1,31.338709677419356,25.306451612903224,31
202601,2026,1,MA,Nordeste,Cerrado,São Luís,119.7,1,30.92258064516129,25.01290322580645,31
202602,2026,2,MA,Nordeste,Cerrado,São Luís,291.0,0,29.510714285714283,23.939285714285713,28
202603,2026,3,MA,Nordeste,Cerrado,São Luís,284.5,0,29.351612903225806,23.61935483870968,31
202604,2026,4,MA,Nordeste,Cerrado,São Luís,440.2,0,29.266666666666666,23.7,30
202605,2026,5,MA,Nordeste,Cerrado,São Luís,232.8,0,30.316129032258065,24.1,31
202606,2026,6,MA,Nordeste,Cerrado,São Luís,29.5,0,31.0,24.425,4
201501,2015,1,PB,Nordeste,Caatinga,João Pessoa,30.1,6,29.425806451612903,24.393548387096775,31
201502,2015,2,PB,Nordeste,Caatinga,João Pessoa,48.6,3,29.717857142857145,24.735714285714288,28
201503,2015,3,PB,Nordeste,Caatinga,João Pessoa,120.8,6,28.96451612903226,24.6,31
201504,2015,4,PB,Nordeste,Caatinga,João Pessoa,35.5,10,29.696666666666665,24.773333333333333,30
201505,2015,5,PB,Nordeste,Caatinga,João Pessoa,65.2,2,28.845161290322583,24.309677419354838,31
201506,2015,6,PB,Nordeste,Caatinga,João Pessoa,104.1,1,27.30666666666667,23.33,30
201507,2015,7,PB,Nordeste,Caatinga,João Pessoa,105.1,3,26.451612903225808,22.864516129032257,31
201508,2015,8,PB,Nordeste,Caatinga,João Pessoa,41.300000000000004,3,26.625806451612902,22.470967741935485,31
201509,2015,9,PB,Nordeste,Caatinga,João Pessoa,26.1,8,27.816666666666666,23.256666666666668,30
201510,2015,10,PB,Nordeste,Caatinga,João Pessoa,11.6,14,28.774193548387096,23.725806451612904,31
201511,2015,11,PB,Nordeste,Caatinga,João Pessoa,8.1,18,29.613333333333333,24.46333333333333,30
201512,2015,12,PB,Nordeste,Caatinga,João Pessoa,93.4,10,29.23548387096774,24.467741935483872,31
201601,2016,1,PB,Nordeste,Caatinga,João Pessoa,110.8,3,28.47741935483871,24.67096774193548,31
201602,2016,2,PB,Nordeste,Caatinga,João Pessoa,87.8,6,29.079310344827583,24.75862068965517,29
201603,2016,3,PB,Nordeste,Caatinga,João Pessoa,77.0,4,29.490322580645163,25.016129032258064,31
201604,2016,4,PB,Nordeste,Caatinga,João Pessoa,117.3,2,28.69,24.936666666666667,30
201605,2016,5,PB,Nordeste,Caatinga,João Pessoa,193.70000000000002,4,27.851612903225806,23.9741935483871,31
201606,2016,6,PB,Nordeste,Caatinga,João Pessoa,78.1,6,27.373333333333335,23.276666666666664,30
201607,2016,7,PB,Nordeste,Caatinga,João Pessoa,38.9,4,26.861290322580643,22.66774193548387,31
201608,2016,8,PB,Nordeste,Caatinga,João Pessoa,23.1,7,27.39032258064516,22.774193548387096,31
201609,2016,9,PB,Nordeste,Caatinga,João Pessoa,23.9,7,28.21333333333333,23.28666666666667,30
201610,2016,10,PB,Nordeste,Caatinga,João Pessoa,22.4,12,28.980645161290322,24.032258064516128,31
201611,2016,11,PB,Nordeste,Caatinga,João Pessoa,17.0,11,29.3,24.446666666666665,30
201612,2016,12,PB,Nordeste,Caatinga,João Pessoa,27.2,9,29.551612903225806,24.796774193548387,31
201701,2017,1,PB,Nordeste,Caatinga,João Pessoa,81.8,5,28.925806451612903,25.27741935483871,31
201702,2017,2,PB,Nordeste,Caatinga,João Pessoa,52.3,2,29.17142857142857,25.521428571428572,28
201703,2017,3,PB,Nordeste,Caatinga,João Pessoa,175.3,1,28.861290322580647,25.26774193548387,31
201704,2017,4,PB,Nordeste,Caatinga,João Pessoa,187.6,1,28.976666666666667,25.026666666666664,30
201705,2017,5,PB,Nordeste,Caatinga,João Pessoa,360.5,2,28.048387096774192,24.53548387096774,31
201706,2017,6,PB,Nordeste,Caatinga,João Pessoa,230.6,0,27.220000000000002,23.84,30
201707,2017,7,PB,Nordeste,Caatinga,João Pessoa,439.0,0,25.887096774193548,22.761290322580646,31
201708,2017,8,PB,Nordeste,Caatinga,João Pessoa,65.5,1,26.58709677419355,22.84193548387097,31
201709,2017,9,PB,Nordeste,Caatinga,João Pessoa,71.8,2,26.86,23.333333333333332,30
201710,2017,10,PB,Nordeste,Caatinga,João Pessoa,47.9,3,27.822580645161292,24.219354838709677,31
201711,2017,11,PB,Nordeste,Caatinga,João Pessoa,29.2,3,28.616666666666667,24.743333333333332,30
201712,2017,12,PB,Nordeste,Caatinga,João Pessoa,50.5,3,29.18064516129032,25.258064516129032,31
201801,2018,1,PB,Nordeste,Caatinga,João Pessoa,120.2,0,28.629032258064516,24.961290322580645,31
201802,2018,2,PB,Nordeste,Caatinga,João Pessoa,210.6,2,28.414285714285715,24.82857142857143,28
201803,2018,3,PB,Nordeste,Caatinga,João Pessoa,139.2,2,28.574193548387097,25.174193548387095,31
201804,2018,4,PB,Nordeste,Caatinga,João Pessoa,319.7,0,27.66,24.16,30
201805,2018,5,PB,Nordeste,Caatinga,João Pessoa,132.8,0,27.719354838709677,23.932258064516127,31
201806,2018,6,PB,Nordeste,Caatinga,João Pessoa,90.4,1,27.1,23.4,30
201807,2018,7,PB,Nordeste,Caatinga,João Pessoa,116.60000000000001,1,26.54516129032258,23.009677419354837,31
201808,2018,8,PB,Nordeste,Caatinga,João Pessoa,48.3,1,26.787096774193547,23.335483870967742,31
201809,2018,9,PB,Nordeste,Caatinga,João Pessoa,44.5,5,27.256666666666668,23.546666666666667,30
201810,2018,10,PB,Nordeste,Caatinga,João Pessoa,32.9,2,28.35483870967742,24.470967741935485,31
201811,2018,11,PB,Nordeste,Caatinga,João Pessoa,47.2,0,29.003333333333334,24.90666666666667,30
201812,2018,12,PB,Nordeste,Caatinga,João Pessoa,56.2,3,29.45483870967742,24.958064516129035,31
201901,2019,1,PB,Nordeste,Caatinga,João Pessoa,83.3,1,29.616129032258065,24.967741935483872,31
201902,2019,2,PB,Nordeste,Caatinga,João Pessoa,251.3,0,28.849999999999998,25.075,28
201903,2019,3,PB,Nordeste,Caatinga,João Pessoa,180.9,2,28.929032258064513,25.061290322580643,31
201904,2019,4,PB,Nordeste,Caatinga,João Pessoa,162.1,2,28.73,24.94,30
201905,2019,5,PB,Nordeste,Caatinga,João Pessoa,103.7,2,28.480645161290322,24.76451612903226,31
201906,2019,6,PB,Nordeste,Caatinga,João Pessoa,263.8,2,27.37333333333333,23.736666666666668,30
201907,2019,7,PB,Nordeste,Caatinga,João Pessoa,183.7,1,26.62258064516129,22.94193548387097,31
201908,2019,8,PB,Nordeste,Caatinga,João Pessoa,69.4,2,26.593548387096774,23.038709677419355,31
201909,2019,9,PB,Nordeste,Caatinga,João Pessoa,60.0,0,27.040000000000003,23.53666666666667,30
201910,2019,10,PB,Nordeste,Caatinga,João Pessoa,45.1,2,28.154838709677417,23.883870967741935,31
201911,2019,11,PB,Nordeste,Caatinga,João Pessoa,17.0,6,29.279999999999998,24.833333333333332,30
201912,2019,12,PB,Nordeste,Caatinga,João Pessoa,29.1,6,29.62258064516129,25.35483870967742,31
202001,2020,1,PB,Nordeste,Caatinga,João Pessoa,42.4,1,29.970967741935485,25.603225806451615,31
202002,2020,2,PB,Nordeste,Caatinga,João Pessoa,99.0,1,30.186206896551724,25.637931034482758,29
202003,2020,3,PB,Nordeste,Caatinga,João Pessoa,143.0,1,29.529032258064515,25.251612903225805,31
202004,2020,4,PB,Nordeste,Caatinga,João Pessoa,153.3,1,29.15,25.220000000000002,30
202005,2020,5,PB,Nordeste,Caatinga,João Pessoa,222.0,1,28.206451612903226,24.606451612903225,31
202006,2020,6,PB,Nordeste,Caatinga,João Pessoa,190.0,2,27.376666666666665,23.813333333333333,30
202007,2020,7,PB,Nordeste,Caatinga,João Pessoa,195.0,2,26.687096774193545,22.641935483870967,31
202008,2020,8,PB,Nordeste,Caatinga,João Pessoa,45.8,3,26.96451612903226,22.70967741935484,31
202009,2020,9,PB,Nordeste,Caatinga,João Pessoa,51.2,3,27.37,23.086666666666666,30
202010,2020,10,PB,Nordeste,Caatinga,João Pessoa,45.7,1,28.506451612903227,24.01290322580645,31
202011,2020,11,PB,Nordeste,Caatinga,João Pessoa,53.1,1,28.983333333333334,24.746666666666666,30
202012,2020,12,PB,Nordeste,Caatinga,João Pessoa,41.9,0,29.129032258064516,24.835483870967742,31
202101,2021,1,PB,Nordeste,Caatinga,João Pessoa,49.2,2,29.251612903225805,24.89032258064516,31
202102,2021,2,PB,Nordeste,Caatinga,João Pessoa,72.1,1,29.457142857142856,25.085714285714285,28
202103,2021,3,PB,Nordeste,Caatinga,João Pessoa,96.3,1,28.958064516129035,24.73548387096774,31
202104,2021,4,PB,Nordeste,Caatinga,João Pessoa,121.9,0,28.493333333333332,24.586666666666666,30
202105,2021,5,PB,Nordeste,Caatinga,João Pessoa,161.7,1,27.758064516129032,23.79032258064516,31
202106,2021,6,PB,Nordeste,Caatinga,João Pessoa,99.6,5,27.28666666666667,22.779999999999998,30
202107,2021,7,PB,Nordeste,Caatinga,João Pessoa,88.1,1,26.780645161290323,23.016129032258064,31
202108,2021,8,PB,Nordeste,Caatinga,João Pessoa,130.0,0,26.26774193548387,22.651612903225807,31
202109,2021,9,PB,Nordeste,Caatinga,João Pessoa,80.4,3,27.396666666666665,23.473333333333336,30
202110,2021,10,PB,Nordeste,Caatinga,João Pessoa,60.7,2,28.396774193548385,24.396774193548385,31
202111,2021,11,PB,Nordeste,Caatinga,João Pessoa,44.7,1,29.453333333333333,25.33,30
202112,2021,12,PB,Nordeste,Caatinga,João Pessoa,81.6,0,29.467741935483872,25.05483870967742,31
202201,2022,1,PB,Nordeste,Caatinga,João Pessoa,153.79999999999998,0,29.148387096774194,24.58709677419355,31
202202,2022,2,PB,Nordeste,Caatinga,João Pessoa,36.9,4,29.592857142857145,25.307142857142857,28
202203,2022,3,PB,Nordeste,Caatinga,João Pessoa,177.8,1,29.02258064516129,24.299999999999997,31
202204,2022,4,PB,Nordeste,Caatinga,João Pessoa,90.7,0,28.796666666666667,24.206666666666667,30
202205,2022,5,PB,Nordeste,Caatinga,João Pessoa,293.1,1,27.706451612903226,23.812903225806455,31
202206,2022,6,PB,Nordeste,Caatinga,João Pessoa,256.5,4,26.98,22.553333333333335,30
202207,2022,7,PB,Nordeste,Caatinga,João Pessoa,239.9,0,26.483870967741936,22.69677419354839,31
202208,2022,8,PB,Nordeste,Caatinga,João Pessoa,89.8,4,26.84193548387097,22.296774193548387,31
202209,2022,9,PB,Nordeste,Caatinga,João Pessoa,75.5,6,27.116666666666667,22.873333333333335,30
202210,2022,10,PB,Nordeste,Caatinga,João Pessoa,38.9,0,28.335483870967742,23.925806451612903,31
202211,2022,11,PB,Nordeste,Caatinga,João Pessoa,43.9,0,28.983333333333334,24.496666666666666,30
202212,2022,12,PB,Nordeste,Caatinga,João Pessoa,57.1,0,29.396774193548385,24.625806451612902,31
202301,2023,1,PB,Nordeste,Caatinga,João Pessoa,77.0,1,29.183870967741935,24.5,31
202302,2023,2,PB,Nordeste,Caatinga,João Pessoa,68.0,0,29.7,25.071428571428573,28
202303,2023,3,PB,Nordeste,Caatinga,João Pessoa,159.4,1,29.032258064516128,24.580645161290324,31
202304,2023,4,PB,Nordeste,Caatinga,João Pessoa,85.3,3,28.986666666666668,24.39,30
202305,2023,5,PB,Nordeste,Caatinga,João Pessoa,95.7,2,28.83225806451613,24.27741935483871,31
202306,2023,6,PB,Nordeste,Caatinga,João Pessoa,291.7,0,27.326666666666664,23.353333333333335,30
202307,2023,7,PB,Nordeste,Caatinga,João Pessoa,106.5,2,27.16774193548387,22.751612903225805,31
202308,2023,8,PB,Nordeste,Caatinga,João Pessoa,80.6,1,27.370967741935484,22.870967741935484,31
202309,2023,9,PB,Nordeste,Caatinga,João Pessoa,79.9,2,27.81,23.493333333333332,30
202310,2023,10,PB,Nordeste,Caatinga,João Pessoa,33.3,1,28.93548387096774,24.1,31
202311,2023,11,PB,Nordeste,Caatinga,João Pessoa,49.4,4,29.64333333333333,24.873333333333335,30
202312,2023,12,PB,Nordeste,Caatinga,João Pessoa,58.4,2,29.73225806451613,24.967741935483872,31
202401,2024,1,PB,Nordeste,Caatinga,João Pessoa,49.9,4,30.40967741935484,25.283870967741933,31
202402,2024,2,PB,Nordeste,Caatinga,João Pessoa,155.4,0,30.275862068965516,25.144827586206898,29
202403,2024,3,PB,Nordeste,Caatinga,João Pessoa,121.10000000000001,0,30.374193548387098,25.261290322580646,31
202404,2024,4,PB,Nordeste,Caatinga,João Pessoa,108.9,1,29.886666666666667,24.9,30
202405,2024,5,PB,Nordeste,Caatinga,João Pessoa,142.3,0,29.074193548387097,24.383870967741935,31
202406,2024,6,PB,Nordeste,Caatinga,João Pessoa,212.7,1,28.016666666666666,23.426666666666666,30
202407,2024,7,PB,Nordeste,Caatinga,João Pessoa,134.6,0,27.0,22.712903225806453,31
202408,2024,8,PB,Nordeste,Caatinga,João Pessoa,63.699999999999996,3,27.25483870967742,22.606451612903225,31
202409,2024,9,PB,Nordeste,Caatinga,João Pessoa,45.2,3,27.57,23.003333333333334,30
202410,2024,10,PB,Nordeste,Caatinga,João Pessoa,24.1,3,28.883870967741935,23.98709677419355,31
202411,2024,11,PB,Nordeste,Caatinga,João Pessoa,33.8,3,29.38,24.796666666666667,30
202412,2024,12,PB,Nordeste,Caatinga,João Pessoa,67.3,0,29.206451612903226,24.774193548387096,31
202501,2025,1,PB,Nordeste,Caatinga,João Pessoa,104.7,3,29.548387096774192,24.77741935483871,31
202502,2025,2,PB,Nordeste,Caatinga,João Pessoa,132.9,0,29.40357142857143,24.65357142857143,28
202503,2025,3,PB,Nordeste,Caatinga,João Pessoa,132.6,0,29.567741935483873,24.561290322580643,31
202504,2025,4,PB,Nordeste,Caatinga,João Pessoa,76.2,3,29.923333333333336,25.05,30
202505,2025,5,PB,Nordeste,Caatinga,João Pessoa,210.4,1,28.929032258064513,24.27741935483871,31
202506,2025,6,PB,Nordeste,Caatinga,João Pessoa,168.0,0,27.803333333333335,23.206666666666667,30
202507,2025,7,PB,Nordeste,Caatinga,João Pessoa,145.7,1,26.73548387096774,22.306451612903224,31
202508,2025,8,PB,Nordeste,Caatinga,João Pessoa,132.4,1,27.019354838709678,22.432258064516127,31
202509,2025,9,PB,Nordeste,Caatinga,João Pessoa,73.5,3,27.533333333333335,23.203333333333333,30
202510,2025,10,PB,Nordeste,Caatinga,João Pessoa,63.8,0,28.041935483870965,23.76774193548387,31
202511,2025,11,PB,Nordeste,Caatinga,João Pessoa,29.3,7,29.37,25.003333333333334,30
202512,2025,12,PB,Nordeste,Caatinga,João Pessoa,44.0,0,29.41290322580645,25.096774193548388,31
202601,2026,1,PB,Nordeste,Caatinga,João Pessoa,70.4,0,29.661290322580644,24.90967741935484,31
202602,2026,2,PB,Nordeste,Caatinga,João Pessoa,98.8,1,29.61785714285714,24.896428571428572,28
202603,2026,3,PB,Nordeste,Caatinga,João Pessoa,90.10000000000001,2,30.154838709677417,25.15806451612903,31
202604,2026,4,PB,Nordeste,Caatinga,João Pessoa,255.70000000000002,0,28.933333333333334,24.166666666666668,30
202605,2026,5,PB,Nordeste,Caatinga,João Pessoa,295.4,0,28.309677419354838,23.661290322580644,31
202606,2026,6,PB,Nordeste,Caatinga,João Pessoa,26.3,0,28.0,23.4,4
201501,2015,1,PE,Nordeste,Caatinga,Recife,31.1,5,30.032258064516128,24.52258064516129,31
201502,2015,2,PE,Nordeste,Caatinga,Recife,58.4,5,30.310714285714287,24.764285714285712,28
201503,2015,3,PE,Nordeste,Caatinga,Recife,103.2,6,29.493548387096773,24.59032258064516,31
201504,2015,4,PE,Nordeste,Caatinga,Recife,22.2,13,30.959999999999997,24.913333333333334,30
201505,2015,5,PE,Nordeste,Caatinga,Recife,71.9,2,29.219354838709677,24.33225806451613,31
201506,2015,6,PE,Nordeste,Caatinga,Recife,105.8,1,27.633333333333333,23.21333333333333,30
201507,2015,7,PE,Nordeste,Caatinga,Recife,116.1,1,26.516129032258064,22.787096774193547,31
201508,2015,8,PE,Nordeste,Caatinga,Recife,57.3,3,26.56451612903226,22.335483870967742,31
201509,2015,9,PE,Nordeste,Caatinga,Recife,25.7,10,28.220000000000002,23.206666666666667,30
201510,2015,10,PE,Nordeste,Caatinga,Recife,14.8,15,29.403225806451612,23.88064516129032,31
201511,2015,11,PE,Nordeste,Caatinga,Recife,10.7,19,30.543333333333333,24.403333333333332,30
201512,2015,12,PE,Nordeste,Caatinga,Recife,57.5,8,29.916129032258063,24.700000000000003,31
201601,2016,1,PE,Nordeste,Caatinga,Recife,86.1,3,29.4741935483871,24.60967741935484,31
201602,2016,2,PE,Nordeste,Caatinga,Recife,79.5,8,29.74827586206897,24.82758620689655,29
201603,2016,3,PE,Nordeste,Caatinga,Recife,119.0,3,29.629032258064516,24.874193548387098,31
201604,2016,4,PE,Nordeste,Caatinga,Recife,88.1,3,29.08,24.92,30
201605,2016,5,PE,Nordeste,Caatinga,Recife,222.3,1,28.225806451612904,23.938709677419357,31
201606,2016,6,PE,Nordeste,Caatinga,Recife,64.7,4,27.65,23.326666666666664,30
201607,2016,7,PE,Nordeste,Caatinga,Recife,49.0,2,26.79032258064516,22.635483870967743,31
201608,2016,8,PE,Nordeste,Caatinga,Recife,25.6,9,27.70967741935484,22.883870967741935,31
201609,2016,9,PE,Nordeste,Caatinga,Recife,31.5,8,28.446666666666665,23.326666666666664,30
201610,2016,10,PE,Nordeste,Caatinga,Recife,18.2,13,29.661290322580644,24.15806451612903,31
201611,2016,11,PE,Nordeste,Caatinga,Recife,18.5,11,29.916666666666668,24.603333333333335,30
201612,2016,12,PE,Nordeste,Caatinga,Recife,21.2,12,30.358064516129033,25.11935483870968,31
201701,2017,1,PE,Nordeste,Caatinga,Recife,62.6,3,29.241935483870968,25.151612903225807,31
201702,2017,2,PE,Nordeste,Caatinga,Recife,58.2,2,29.464285714285715,25.24642857142857,28
201703,2017,3,PE,Nordeste,Caatinga,Recife,114.9,0,28.94193548387097,24.925806451612903,31
201704,2017,4,PE,Nordeste,Caatinga,Recife,154.7,0,28.896666666666665,24.663333333333334,30
201705,2017,5,PE,Nordeste,Caatinga,Recife,282.2,1,27.780645161290323,24.22258064516129,31
201706,2017,6,PE,Nordeste,Caatinga,Recife,318.5,0,27.173333333333336,23.563333333333333,30
201707,2017,7,PE,Nordeste,Caatinga,Recife,281.1,0,25.883870967741935,22.748387096774195,31
201708,2017,8,PE,Nordeste,Caatinga,Recife,126.0,1,26.34193548387097,22.44516129032258,31
201709,2017,9,PE,Nordeste,Caatinga,Recife,97.9,0,26.653333333333332,23.046666666666667,30
201710,2017,10,PE,Nordeste,Caatinga,Recife,72.5,1,27.483870967741936,23.85483870967742,31
201711,2017,11,PE,Nordeste,Caatinga,Recife,46.7,1,28.57,24.34333333333333,30
201712,2017,12,PE,Nordeste,Caatinga,Recife,55.8,0,29.041935483870965,24.98709677419355,31
201801,2018,1,PE,Nordeste,Caatinga,Recife,115.7,1,28.57741935483871,24.748387096774195,31
201802,2018,2,PE,Nordeste,Caatinga,Recife,139.8,0,28.5,24.660714285714285,28
201803,2018,3,PE,Nordeste,Caatinga,Recife,127.2,0,28.822580645161292,24.73225806451613,31
201804,2018,4,PE,Nordeste,Caatinga,Recife,268.8,0,27.676666666666666,23.96333333333333,30
201805,2018,5,PE,Nordeste,Caatinga,Recife,150.1,0,27.674193548387095,23.664516129032258,31
201806,2018,6,PE,Nordeste,Caatinga,Recife,103.5,0,27.15666666666667,23.166666666666668,30
201807,2018,7,PE,Nordeste,Caatinga,Recife,108.3,0,26.496774193548386,22.748387096774195,31
201808,2018,8,PE,Nordeste,Caatinga,Recife,84.8,0,26.490322580645163,23.019354838709678,31
201809,2018,9,PE,Nordeste,Caatinga,Recife,74.7,0,26.866666666666667,23.259999999999998,30
201810,2018,10,PE,Nordeste,Caatinga,Recife,57.6,2,27.970967741935485,23.97741935483871,31
201811,2018,11,PE,Nordeste,Caatinga,Recife,111.0,0,28.173333333333336,24.403333333333332,30
201812,2018,12,PE,Nordeste,Caatinga,Recife,70.9,2,28.606451612903225,24.5258064516129,31
201901,2019,1,PE,Nordeste,Caatinga,Recife,114.3,0,28.616129032258065,24.603225806451615,31
201902,2019,2,PE,Nordeste,Caatinga,Recife,119.7,2,28.86785714285714,24.907142857142855,28
201903,2019,3,PE,Nordeste,Caatinga,Recife,136.6,1,29.219354838709677,24.812903225806455,31
201904,2019,4,PE,Nordeste,Caatinga,Recife,121.3,2,28.926666666666666,24.766666666666666,30
201905,2019,5,PE,Nordeste,Caatinga,Recife,125.7,1,28.561290322580643,24.480645161290322,31
201906,2019,6,PE,Nordeste,Caatinga,Recife,284.2,0,27.503333333333334,23.529999999999998,30
201907,2019,7,PE,Nordeste,Caatinga,Recife,229.0,0,26.519354838709678,22.616129032258065,31
201908,2019,8,PE,Nordeste,Caatinga,Recife,109.7,2,26.44193548387097,22.816129032258065,31
201909,2019,9,PE,Nordeste,Caatinga,Recife,82.4,1,26.82,23.303333333333335,30
201910,2019,10,PE,Nordeste,Caatinga,Recife,71.5,3,27.56451612903226,23.403225806451612,31
201911,2019,11,PE,Nordeste,Caatinga,Recife,28.4,6,29.16,24.553333333333335,30
201912,2019,12,PE,Nordeste,Caatinga,Recife,40.6,3,29.490322580645163,24.993548387096773,31
202001,2020,1,PE,Nordeste,Caatinga,Recife,45.4,2,29.990322580645163,25.483870967741936,31
202002,2020,2,PE,Nordeste,Caatinga,Recife,106.9,1,29.851724137931036,25.272413793103446,29
202003,2020,3,PE,Nordeste,Caatinga,Recife,101.2,0,30.061290322580643,25.135483870967743,31
202004,2020,4,PE,Nordeste,Caatinga,Recife,130.5,2,29.086666666666666,24.976666666666667,30
202005,2020,5,PE,Nordeste,Caatinga,Recife,226.8,1,28.229032258064517,24.47741935483871,31
202006,2020,6,PE,Nordeste,Caatinga,Recife,186.6,1,27.416666666666668,23.56,30
202007,2020,7,PE,Nordeste,Caatinga,Recife,142.6,1,26.62258064516129,22.503225806451614,31
202008,2020,8,PE,Nordeste,Caatinga,Recife,76.8,1,26.693548387096776,22.387096774193548,31
202009,2020,9,PE,Nordeste,Caatinga,Recife,66.5,2,27.116666666666667,22.71333333333333,30
202010,2020,10,PE,Nordeste,Caatinga,Recife,57.2,1,28.322580645161292,23.82903225806452,31
202011,2020,11,PE,Nordeste,Caatinga,Recife,67.1,1,28.87,24.523333333333333,30
202012,2020,12,PE,Nordeste,Caatinga,Recife,69.2,1,28.84193548387097,24.470967741935485,31
202101,2021,1,PE,Nordeste,Caatinga,Recife,59.6,1,29.048387096774192,24.629032258064516,31
202102,2021,2,PE,Nordeste,Caatinga,Recife,61.9,5,29.439285714285713,24.917857142857144,28
202103,2021,3,PE,Nordeste,Caatinga,Recife,95.4,2,28.874193548387098,24.40967741935484,31
202104,2021,4,PE,Nordeste,Caatinga,Recife,120.1,1,28.396666666666665,24.30666666666667,30
202105,2021,5,PE,Nordeste,Caatinga,Recife,164.2,0,27.503225806451614,23.580645161290324,31
202106,2021,6,PE,Nordeste,Caatinga,Recife,128.6,4,26.91,22.40666666666667,30
202107,2021,7,PE,Nordeste,Caatinga,Recife,110.8,0,26.567741935483873,22.69677419354839,31
202108,2021,8,PE,Nordeste,Caatinga,Recife,161.9,0,25.94516129032258,22.38064516129032,31
202109,2021,9,PE,Nordeste,Caatinga,Recife,98.3,2,27.233333333333334,23.226666666666667,30
202110,2021,10,PE,Nordeste,Caatinga,Recife,70.8,3,28.27741935483871,24.02258064516129,31
202111,2021,11,PE,Nordeste,Caatinga,Recife,62.9,0,29.509999999999998,24.833333333333332,30
202112,2021,12,PE,Nordeste,Caatinga,Recife,97.8,0,29.15806451612903,24.467741935483872,31
202201,2022,1,PE,Nordeste,Caatinga,Recife,161.1,0,28.825806451612905,24.067741935483873,31
202202,2022,2,PE,Nordeste,Caatinga,Recife,41.6,3,29.57857142857143,24.689285714285713,28
202203,2022,3,PE,Nordeste,Caatinga,Recife,192.5,0,28.651612903225807,24.11935483870968,31
202204,2022,4,PE,Nordeste,Caatinga,Recife,119.4,0,28.773333333333333,23.81,30
202205,2022,5,PE,Nordeste,Caatinga,Recife,437.4,1,27.616129032258065,23.516129032258064,31
202206,2022,6,PE,Nordeste,Caatinga,Recife,254.20000000000002,2,26.83,22.283333333333335,30
202207,2022,7,PE,Nordeste,Caatinga,Recife,214.3,0,26.47741935483871,22.493548387096773,31
202208,2022,8,PE,Nordeste,Caatinga,Recife,183.6,0,26.51290322580645,22.04516129032258,31
202209,2022,9,PE,Nordeste,Caatinga,Recife,59.0,2,27.09,22.526666666666664,30
202210,2022,10,PE,Nordeste,Caatinga,Recife,67.2,0,28.061290322580643,23.635483870967743,31
202211,2022,11,PE,Nordeste,Caatinga,Recife,63.7,2,28.866666666666667,23.94333333333333,30
202212,2022,12,PE,Nordeste,Caatinga,Recife,64.8,2,29.112903225806452,24.174193548387095,31
202301,2023,1,PE,Nordeste,Caatinga,Recife,80.3,3,28.86774193548387,24.116129032258065,31
202302,2023,2,PE,Nordeste,Caatinga,Recife,99.5,0,29.09642857142857,24.478571428571428,28
202303,2023,3,PE,Nordeste,Caatinga,Recife,115.3,0,29.01290322580645,24.16774193548387,31
202304,2023,4,PE,Nordeste,Caatinga,Recife,96.9,1,28.803333333333335,24.03666666666667,30
202305,2023,5,PE,Nordeste,Caatinga,Recife,125.5,1,28.483870967741936,23.84193548387097,31
202306,2023,6,PE,Nordeste,Caatinga,Recife,277.8,0,27.006666666666668,23.2,30
202307,2023,7,PE,Nordeste,Caatinga,Recife,120.7,1,26.812903225806455,22.48709677419355,31
202308,2023,8,PE,Nordeste,Caatinga,Recife,117.9,0,27.09032258064516,22.596774193548388,31
202309,2023,9,PE,Nordeste,Caatinga,Recife,108.4,2,27.366666666666667,23.03666666666667,30
202310,2023,10,PE,Nordeste,Caatinga,Recife,60.8,1,28.64516129032258,23.532258064516128,31
202311,2023,11,PE,Nordeste,Caatinga,Recife,58.4,3,29.523333333333333,24.613333333333333,30
202312,2023,12,PE,Nordeste,Caatinga,Recife,136.4,3,29.212903225806453,24.451612903225808,31
202401,2024,1,PE,Nordeste,Caatinga,Recife,41.9,2,30.383870967741935,24.66774193548387,31
202402,2024,2,PE,Nordeste,Caatinga,Recife,143.9,0,30.03448275862069,25.07241379310345,29
202403,2024,3,PE,Nordeste,Caatinga,Recife,124.2,2,30.11935483870968,25.106451612903225,31
202404,2024,4,PE,Nordeste,Caatinga,Recife,129.2,1,29.540000000000003,24.65666666666667,30
202405,2024,5,PE,Nordeste,Caatinga,Recife,120.1,2,28.448387096774194,24.13225806451613,31
202406,2024,6,PE,Nordeste,Caatinga,Recife,196.8,1,27.683333333333334,23.123333333333335,30
202407,2024,7,PE,Nordeste,Caatinga,Recife,154.4,0,26.796774193548387,22.583870967741937,31
202408,2024,8,PE,Nordeste,Caatinga,Recife,89.3,1,26.88064516129032,22.312903225806455,31
202409,2024,9,PE,Nordeste,Caatinga,Recife,72.7,1,27.08,22.64,30
202410,2024,10,PE,Nordeste,Caatinga,Recife,34.8,3,28.648387096774194,23.654838709677417,31
202411,2024,11,PE,Nordeste,Caatinga,Recife,46.8,1,29.33,24.45,30
202412,2024,12,PE,Nordeste,Caatinga,Recife,75.3,0,29.364516129032257,24.61935483870968,31
202501,2025,1,PE,Nordeste,Caatinga,Recife,110.2,1,29.567741935483873,24.425806451612903,31
202502,2025,2,PE,Nordeste,Caatinga,Recife,111.3,0,29.282142857142855,24.360714285714288,28
202503,2025,3,PE,Nordeste,Caatinga,Recife,103.2,0,29.796774193548387,24.641935483870967,31
202504,2025,4,PE,Nordeste,Caatinga,Recife,63.3,4,30.38,24.89333333333333,30
202505,2025,5,PE,Nordeste,Caatinga,Recife,272.7,0,28.796774193548387,23.92258064516129,31
202506,2025,6,PE,Nordeste,Caatinga,Recife,195.7,0,27.476666666666667,22.959999999999997,30
202507,2025,7,PE,Nordeste,Caatinga,Recife,153.6,1,26.712903225806453,22.003225806451614,31
202508,2025,8,PE,Nordeste,Caatinga,Recife,175.2,0,26.66774193548387,22.200000000000003,31
202509,2025,9,PE,Nordeste,Caatinga,Recife,106.6,0,27.313333333333333,22.970000000000002,30
202510,2025,10,PE,Nordeste,Caatinga,Recife,89.0,1,27.65806451612903,23.467741935483872,31
202511,2025,11,PE,Nordeste,Caatinga,Recife,29.599999999999998,1,29.39,24.446666666666665,30
202512,2025,12,PE,Nordeste,Caatinga,Recife,49.1,1,29.506451612903227,24.748387096774195,31
202601,2026,1,PE,Nordeste,Caatinga,Recife,65.5,0,29.93548387096774,24.693548387096776,31
202602,2026,2,PE,Nordeste,Caatinga,Recife,79.5,2,30.110714285714288,24.72142857142857,28
202603,2026,3,PE,Nordeste,Caatinga,Recife,93.1,4,30.46451612903226,24.793548387096774,31
202604,2026,4,PE,Nordeste,Caatinga,Recife,225.0,0,28.826666666666664,23.89333333333333,30
202605,2026,5,PE,Nordeste,Caatinga,Recife,370.8,0,28.112903225806452,23.63225806451613,31
202606,2026,6,PE,Nordeste,Caatinga,Recife,33.0,0,27.475,23.575,4
201501,2015,1,PI,Nordeste,Caatinga,Teresina,86.0,7,32.803225806451614,23.664516129032258,31
201502,2015,2,PI,Nordeste,Caatinga,Teresina,347.3,4,30.307142857142857,23.146428571428572,28
201503,2015,3,PI,Nordeste,Caatinga,Teresina,277.3,1,29.835483870967742,22.951612903225808,31
201504,2015,4,PI,Nordeste,Caatinga,Teresina,118.5,1,30.19333333333333,22.85666666666667,30
201505,2015,5,PI,Nordeste,Caatinga,Teresina,109.4,8,31.13225806451613,23.164516129032258,31
201506,2015,6,PI,Nordeste,Caatinga,Teresina,15.8,19,32.763333333333335,23.36,30
201507,2015,7,PI,Nordeste,Caatinga,Teresina,7.5,25,33.50645161290323,23.677419354838708,31
201508,2015,8,PI,Nordeste,Caatinga,Teresina,0.1,30,35.52258064516129,23.53548387096774,31
201509,2015,9,PI,Nordeste,Caatinga,Teresina,0.8,26,37.0,23.763333333333332,30
201510,2015,10,PI,Nordeste,Caatinga,Teresina,0.7999999999999999,29,38.13225806451613,25.10967741935484,31
201511,2015,11,PI,Nordeste,Caatinga,Teresina,0.6,28,37.74666666666667,25.279999999999998,30
201512,2015,12,PI,Nordeste,Caatinga,Teresina,28.2,20,37.29354838709677,25.55483870967742,31
201601,2016,1,PI,Nordeste,Caatinga,Teresina,410.29999999999995,1,30.47741935483871,23.887096774193548,31
201602,2016,2,PI,Nordeste,Caatinga,Teresina,135.0,0,31.76551724137931,23.603448275862068,29
201603,2016,3,PI,Nordeste,Caatinga,Teresina,381.8,1,31.074193548387097,23.835483870967742,31
201604,2016,4,PI,Nordeste,Caatinga,Teresina,100.89999999999999,6,31.59333333333333,24.0,30
201605,2016,5,PI,Nordeste,Caatinga,Teresina,64.6,5,32.25806451612903,23.845161290322583,31
201606,2016,6,PI,Nordeste,Caatinga,Teresina,6.2,19,33.593333333333334,23.78666666666667,30
201607,2016,7,PI,Nordeste,Caatinga,Teresina,15.0,26,34.483870967741936,23.161290322580644,31
201608,2016,8,PI,Nordeste,Caatinga,Teresina,1.1,27,35.91290322580645,23.49032258064516,31
201609,2016,9,PI,Nordeste,Caatinga,Teresina,2.3000000000000003,23,36.89333333333333,25.12,30
201610,2016,10,PI,Nordeste,Caatinga,Teresina,6.6,26,37.70645161290323,24.87741935483871,31
201611,2016,11,PI,Nordeste,Caatinga,Teresina,11.0,22,37.769999999999996,25.946666666666665,30
201612,2016,12,PI,Nordeste,Caatinga,Teresina,105.9,10,33.932258064516134,24.932258064516127,31
201701,2017,1,PI,Nordeste,Caatinga,Teresina,203.8,2,31.593548387096774,23.825806451612905,31
201702,2017,2,PI,Nordeste,Caatinga,Teresina,288.3,0,30.203571428571426,23.478571428571428,28
201703,2017,3,PI,Nordeste,Caatinga,Teresina,349.40000000000003,0,29.883870967741935,23.154838709677417,31
201704,2017,4,PI,Nordeste,Caatinga,Teresina,197.3,0,30.58,23.48,30
201705,2017,5,PI,Nordeste,Caatinga,Teresina,48.300000000000004,7,32.13225806451613,23.89032258064516,31
201706,2017,6,PI,Nordeste,Caatinga,Teresina,2.9,22,33.66,24.43,30
201707,2017,7,PI,Nordeste,Caatinga,Teresina,1.5999999999999999,27,33.25806451612903,24.05806451612903,31
201708,2017,8,PI,Nordeste,Caatinga,Teresina,3.1,23,35.34838709677419,24.75483870967742,31
201709,2017,9,PI,Nordeste,Caatinga,Teresina,0.7,29,36.46,25.776666666666664,30
201710,2017,10,PI,Nordeste,Caatinga,Teresina,7.199999999999999,21,37.12580645161291,25.493548387096773,31
201711,2017,11,PI,Nordeste,Caatinga,Teresina,15.4,10,36.193333333333335,25.336666666666666,30
201712,2017,12,PI,Nordeste,Caatinga,Teresina,104.1,9,33.832258064516125,24.687096774193545,31
201801,2018,1,PI,Nordeste,Caatinga,Teresina,235.7,1,30.9741935483871,23.193548387096776,31
201802,2018,2,PI,Nordeste,Caatinga,Teresina,334.7,1,29.7,22.907142857142855,28
201803,2018,3,PI,Nordeste,Caatinga,Teresina,317.8,0,30.261290322580646,23.419354838709676,31
201804,2018,4,PI,Nordeste,Caatinga,Teresina,224.5,0,30.13,22.873333333333335,30
201805,2018,5,PI,Nordeste,Caatinga,Teresina,81.39999999999999,5,30.822580645161292,23.30322580645161,31
201806,2018,6,PI,Nordeste,Caatinga,Teresina,12.1,18,33.266666666666666,22.833333333333332,30
201807,2018,7,PI,Nordeste,Caatinga,Teresina,21.8,20,33.78709677419355,22.93548387096774,31
201808,2018,8,PI,Nordeste,Caatinga,Teresina,10.0,17,34.97096774193548,23.11935483870968,31
201809,2018,9,PI,Nordeste,Caatinga,Teresina,9.3,23,36.49333333333333,23.88,30
201810,2018,10,PI,Nordeste,Caatinga,Teresina,19.9,13,36.274193548387096,24.780645161290323,31
201811,2018,11,PI,Nordeste,Caatinga,Teresina,97.89999999999999,12,35.36333333333334,24.866666666666667,30
201812,2018,12,PI,Nordeste,Caatinga,Teresina,221.9,5,30.799999999999997,23.04516129032258,31
201901,2019,1,PI,Nordeste,Caatinga,Teresina,229.4,1,30.92258064516129,23.261290322580646,31
201902,2019,2,PI,Nordeste,Caatinga,Teresina,279.5,0,30.446428571428573,23.139285714285712,28
201903,2019,3,PI,Nordeste,Caatinga,Teresina,448.0,0,30.13225806451613,23.18064516129032,31
201904,2019,4,PI,Nordeste,Caatinga,Teresina,556.4,0,30.31,23.226666666666667,30
201905,2019,5,PI,Nordeste,Caatinga,Teresina,71.5,4,31.18064516129032,22.95483870967742,31
201906,2019,6,PI,Nordeste,Caatinga,Teresina,4.1,22,33.07333333333334,22.96333333333333,30
201907,2019,7,PI,Nordeste,Caatinga,Teresina,13.0,18,33.3258064516129,23.187096774193545,31
201908,2019,8,PI,Nordeste,Caatinga,Teresina,1.2000000000000002,29,35.61612903225806,23.741935483870968,31
201909,2019,9,PI,Nordeste,Caatinga,Teresina,12.2,18,36.71666666666667,23.836666666666666,30
201910,2019,10,PI,Nordeste,Caatinga,Teresina,24.599999999999998,19,36.693548387096776,24.483870967741936,31
201911,2019,11,PI,Nordeste,Caatinga,Teresina,42.6,10,36.72,25.12,30
201912,2019,12,PI,Nordeste,Caatinga,Teresina,90.3,6,35.84193548387096,24.73225806451613,31
202001,2020,1,PI,Nordeste,Caatinga,Teresina,387.09999999999997,0,30.516129032258064,23.48709677419355,31
202002,2020,2,PI,Nordeste,Caatinga,Teresina,348.3,0,30.620689655172413,23.36551724137931,29
202003,2020,3,PI,Nordeste,Caatinga,Teresina,679.9,0,30.14516129032258,23.283870967741933,31
202004,2020,4,PI,Nordeste,Caatinga,Teresina,242.7,0,30.666666666666668,23.526666666666664,30
202005,2020,5,PI,Nordeste,Caatinga,Teresina,62.5,5,31.26774193548387,23.26451612903226,31
202006,2020,6,PI,Nordeste,Caatinga,Teresina,8.7,16,32.053333333333335,22.686666666666667,30
202007,2020,7,PI,Nordeste,Caatinga,Teresina,2.2,27,33.832258064516125,23.003225806451614,31
202008,2020,8,PI,Nordeste,Caatinga,Teresina,4.4,22,35.34516129032258,22.706451612903226,31
202009,2020,9,PI,Nordeste,Caatinga,Teresina,0.7,26,36.89333333333333,23.896666666666665,30
202010,2020,10,PI,Nordeste,Caatinga,Teresina,12.700000000000001,21,37.31612903225806,24.606451612903225,31
202011,2020,11,PI,Nordeste,Caatinga,Teresina,186.5,3,32.86666666666667,24.413333333333334,30
202012,2020,12,PI,Nordeste,Caatinga,Teresina,50.1,4,33.38709677419355,24.161290322580644,31
202101,2021,1,PI,Nordeste,Caatinga,Teresina,123.2,1,31.39032258064516,23.52258064516129,31
202102,2021,2,PI,Nordeste,Caatinga,Teresina,322.4,4,30.792857142857144,22.97142857142857,28
202103,2021,3,PI,Nordeste,Caatinga,Teresina,253.6,0,30.141935483870967,22.68064516129032,31
202104,2021,4,PI,Nordeste,Caatinga,Teresina,127.2,3,31.136666666666667,22.85,30
202105,2021,5,PI,Nordeste,Caatinga,Teresina,27.2,15,31.835483870967742,22.812903225806455,31
202106,2021,6,PI,Nordeste,Caatinga,Teresina,12.3,10,33.06666666666667,23.023333333333333,30
202107,2021,7,PI,Nordeste,Caatinga,Teresina,18.2,17,33.40967741935484,22.903225806451612,31
202108,2021,8,PI,Nordeste,Caatinga,Teresina,2.0,20,35.63870967741936,23.429032258064513,31
202109,2021,9,PI,Nordeste,Caatinga,Teresina,17.8,14,36.63,24.220000000000002,30
202110,2021,10,PI,Nordeste,Caatinga,Teresina,128.8,12,35.16129032258065,23.958064516129035,31
202111,2021,11,PI,Nordeste,Caatinga,Teresina,151.5,0,32.82666666666667,23.3,30
202112,2021,12,PI,Nordeste,Caatinga,Teresina,285.8,2,32.119354838709675,23.574193548387097,31
202201,2022,1,PI,Nordeste,Caatinga,Teresina,396.2,0,30.23225806451613,22.48709677419355,31
202202,2022,2,PI,Nordeste,Caatinga,Teresina,331.5,1,31.02857142857143,22.517857142857142,28
202203,2022,3,PI,Nordeste,Caatinga,Teresina,522.0,0,30.096774193548388,22.503225806451614,31
202204,2022,4,PI,Nordeste,Caatinga,Teresina,222.0,1,30.553333333333335,22.493333333333332,30
202205,2022,5,PI,Nordeste,Caatinga,Teresina,150.8,6,31.032258064516128,22.690322580645162,31
202206,2022,6,PI,Nordeste,Caatinga,Teresina,62.9,15,31.36,21.69,30
202207,2022,7,PI,Nordeste,Caatinga,Teresina,3.0999999999999996,27,33.62580645161291,22.92258064516129,31
202208,2022,8,PI,Nordeste,Caatinga,Teresina,0.7999999999999999,28,35.619354838709675,22.983870967741936,31
202209,2022,9,PI,Nordeste,Caatinga,Teresina,2.2,23,37.11333333333334,23.736666666666668,30
202210,2022,10,PI,Nordeste,Caatinga,Teresina,44.1,22,37.55806451612903,24.248387096774195,31
202211,2022,11,PI,Nordeste,Caatinga,Teresina,206.4,5,32.593333333333334,23.23,30
202212,2022,12,PI,Nordeste,Caatinga,Teresina,217.4,2,32.19032258064516,22.825806451612905,31
202301,2023,1,PI,Nordeste,Caatinga,Teresina,220.9,0,30.48709677419355,22.322580645161292,31
202302,2023,2,PI,Nordeste,Caatinga,Teresina,200.3,0,30.864285714285717,22.432142857142857,28
202303,2023,3,PI,Nordeste,Caatinga,Teresina,344.09999999999997,2,30.396774193548385,22.432258064516127,31
202304,2023,4,PI,Nordeste,Caatinga,Teresina,249.7,2,30.740000000000002,22.503333333333334,30
202305,2023,5,PI,Nordeste,Caatinga,Teresina,45.0,8,31.870967741935484,22.84193548387097,31
202306,2023,6,PI,Nordeste,Caatinga,Teresina,5.1,23,33.14,22.723333333333336,30
202307,2023,7,PI,Nordeste,Caatinga,Teresina,0.8,26,34.4741935483871,22.683870967741935,31
202308,2023,8,PI,Nordeste,Caatinga,Teresina,1.2,25,36.36129032258064,22.88064516129032,31
202309,2023,9,PI,Nordeste,Caatinga,Teresina,0.1,29,38.28666666666666,23.63,30
202310,2023,10,PI,Nordeste,Caatinga,Teresina,1.9,26,38.79032258064516,24.780645161290323,31
202311,2023,11,PI,Nordeste,Caatinga,Teresina,14.2,17,37.71333333333334,25.253333333333334,30
202312,2023,12,PI,Nordeste,Caatinga,Teresina,76.9,11,36.170967741935485,24.72258064516129,31
202401,2024,1,PI,Nordeste,Caatinga,Teresina,179.0,7,32.906451612903226,23.98709677419355,31
202402,2024,2,PI,Nordeste,Caatinga,Teresina,357.3,2,31.599999999999998,23.648275862068964,29
202403,2024,3,PI,Nordeste,Caatinga,Teresina,375.5,0,31.35483870967742,23.42258064516129,31
202404,2024,4,PI,Nordeste,Caatinga,Teresina,313.2,0,31.243333333333332,23.423333333333336,30
202405,2024,5,PI,Nordeste,Caatinga,Teresina,32.699999999999996,14,33.10322580645161,23.316129032258065,31
202406,2024,6,PI,Nordeste,Caatinga,Teresina,10.0,22,33.29,22.983333333333334,30
202407,2024,7,PI,Nordeste,Caatinga,Teresina,3.5000000000000004,28,34.4483870967742,22.4,31
202408,2024,8,PI,Nordeste,Caatinga,Teresina,0.1,30,36.49032258064516,22.903225806451612,31
202409,2024,9,PI,Nordeste,Caatinga,Teresina,0.7999999999999999,28,37.833333333333336,23.529999999999998,30
202410,2024,10,PI,Nordeste,Caatinga,Teresina,17.700000000000003,25,37.99032258064516,24.61935483870968,31
202411,2024,11,PI,Nordeste,Caatinga,Teresina,15.9,19,37.193333333333335,25.076666666666664,30
202412,2024,12,PI,Nordeste,Caatinga,Teresina,81.7,7,34.9483870967742,24.29032258064516,31
202501,2025,1,PI,Nordeste,Caatinga,Teresina,400.3,0,31.906451612903226,22.94516129032258,31
202502,2025,2,PI,Nordeste,Caatinga,Teresina,225.4,1,31.857142857142858,23.099999999999998,28
202503,2025,3,PI,Nordeste,Caatinga,Teresina,288.1,2,31.12258064516129,23.22258064516129,31
202504,2025,4,PI,Nordeste,Caatinga,Teresina,80.4,2,32.809999999999995,23.53666666666667,30
202505,2025,5,PI,Nordeste,Caatinga,Teresina,38.8,10,33.145161290322584,23.135483870967743,31
202506,2025,6,PI,Nordeste,Caatinga,Teresina,15.5,9,33.803333333333335,23.533333333333335,30
202507,2025,7,PI,Nordeste,Caatinga,Teresina,17.7,25,35.34193548387096,24.0258064516129,31
202508,2025,8,PI,Nordeste,Caatinga,Teresina,15.899999999999999,26,35.8258064516129,23.958064516129035,31
202509,2025,9,PI,Nordeste,Caatinga,Teresina,0.5,27,37.919999999999995,25.113333333333333,30
202510,2025,10,PI,Nordeste,Caatinga,Teresina,38.099999999999994,23,37.4741935483871,24.780645161290323,31
202511,2025,11,PI,Nordeste,Caatinga,Teresina,58.5,16,37.056666666666665,25.3,30
202512,2025,12,PI,Nordeste,Caatinga,Teresina,193.4,2,34.15806451612904,23.66774193548387,31
202601,2026,1,PI,Nordeste,Caatinga,Teresina,215.7,1,34.31612903225806,23.87741935483871,31
202602,2026,2,PI,Nordeste,Caatinga,Teresina,274.4,1,31.45357142857143,23.2,28
202603,2026,3,PI,Nordeste,Caatinga,Teresina,236.29999999999998,0,31.629032258064516,23.17096774193548,31
202604,2026,4,PI,Nordeste,Caatinga,Teresina,297.6,0,31.12,23.27,30
202605,2026,5,PI,Nordeste,Caatinga,Teresina,86.5,11,32.17741935483871,23.338709677419356,31
202606,2026,6,PI,Nordeste,Caatinga,Teresina,3.2,1,32.575,23.1,4
201501,2015,1,PR,Sul,Mata Atlântica,Curitiba,239.8,2,26.37741935483871,18.64516129032258,31
201502,2015,2,PR,Sul,Mata Atlântica,Curitiba,230.4,2,24.599999999999998,17.910714285714285,28
201503,2015,3,PR,Sul,Mata Atlântica,Curitiba,164.2,4,23.200000000000003,17.11935483870968,31
201504,2015,4,PR,Sul,Mata Atlântica,Curitiba,60.0,13,21.55666666666667,15.046666666666665,30
201505,2015,5,PR,Sul,Mata Atlântica,Curitiba,101.5,15,18.993548387096773,12.896774193548387,31
201506,2015,6,PR,Sul,Mata Atlântica,Curitiba,107.2,22,19.076666666666664,10.836666666666668,30
201507,2015,7,PR,Sul,Mata Atlântica,Curitiba,203.0,14,18.509677419354837,11.729032258064517,31
201508,2015,8,PR,Sul,Mata Atlântica,Curitiba,43.8,27,22.190322580645162,12.716129032258063,31
201509,2015,9,PR,Sul,Mata Atlântica,Curitiba,155.79999999999998,12,23.016666666666666,14.263333333333332,30
201510,2015,10,PR,Sul,Mata Atlântica,Curitiba,162.4,8,22.806451612903224,15.254838709677419,31
201511,2015,11,PR,Sul,Mata Atlântica,Curitiba,221.8,2,22.28666666666667,16.066666666666666,30
201512,2015,12,PR,Sul,Mata Atlântica,Curitiba,213.8,1,24.94516129032258,18.141935483870967,31
201601,2016,1,PR,Sul,Mata Atlântica,Curitiba,128.9,7,24.43548387096774,17.51290322580645,31
201602,2016,2,PR,Sul,Mata Atlântica,Curitiba,252.2,1,25.25172413793103,19.06896551724138,29
201603,2016,3,PR,Sul,Mata Atlântica,Curitiba,82.3,8,24.06451612903226,16.9741935483871,31
201604,2016,4,PR,Sul,Mata Atlântica,Curitiba,106.8,16,25.303333333333335,17.209999999999997,30
201605,2016,5,PR,Sul,Mata Atlântica,Curitiba,166.6,11,17.551612903225806,11.712903225806452,31
201606,2016,6,PR,Sul,Mata Atlântica,Curitiba,142.9,19,15.446666666666665,7.743333333333334,30
201607,2016,7,PR,Sul,Mata Atlântica,Curitiba,70.2,25,18.529032258064515,9.561290322580644,31
201608,2016,8,PR,Sul,Mata Atlântica,Curitiba,161.8,19,19.25483870967742,9.812903225806451,31
201609,2016,9,PR,Sul,Mata Atlântica,Curitiba,74.0,17,19.993333333333332,10.986666666666668,30
201610,2016,10,PR,Sul,Mata Atlântica,Curitiba,103.7,8,21.161290322580644,13.696774193548388,31
201611,2016,11,PR,Sul,Mata Atlântica,Curitiba,71.6,7,22.69,14.796666666666669,30
201612,2016,12,PR,Sul,Mata Atlântica,Curitiba,155.9,8,24.34193548387097,16.906451612903226,31
201701,2017,1,PR,Sul,Mata Atlântica,Curitiba,252.6,3,25.293548387096774,18.370967741935484,31
201702,2017,2,PR,Sul,Mata Atlântica,Curitiba,84.9,3,26.29642857142857,18.52857142857143,28
201703,2017,3,PR,Sul,Mata Atlântica,Curitiba,93.6,1,23.30322580645161,16.94516129032258,31
201704,2017,4,PR,Sul,Mata Atlântica,Curitiba,103.89999999999999,7,21.053333333333335,14.266666666666667,30
201705,2017,5,PR,Sul,Mata Atlântica,Curitiba,130.0,11,19.951612903225808,13.338709677419354,31
201706,2017,6,PR,Sul,Mata Atlântica,Curitiba,131.2,18,18.69333333333333,10.45,30
201707,2017,7,PR,Sul,Mata Atlântica,Curitiba,12.3,25,18.4,8.745161290322581,31
201708,2017,8,PR,Sul,Mata Atlântica,Curitiba,64.39999999999999,15,19.370967741935484,10.85483870967742,31
201709,2017,9,PR,Sul,Mata Atlântica,Curitiba,47.2,21,24.78666666666667,13.639999999999999,30
201710,2017,10,PR,Sul,Mata Atlântica,Curitiba,179.4,6,22.806451612903224,14.103225806451613,31
201711,2017,11,PR,Sul,Mata Atlântica,Curitiba,129.4,7,22.543333333333333,14.053333333333335,30
201712,2017,12,PR,Sul,Mata Atlântica,Curitiba,169.9,2,23.822580645161292,16.858064516129033,31
201801,2018,1,PR,Sul,Mata Atlântica,Curitiba,229.3,3,24.516129032258064,17.42258064516129,31
201802,2018,2,PR,Sul,Mata Atlântica,Curitiba,93.6,3,23.275000000000002,16.05,28
201803,2018,3,PR,Sul,Mata Atlântica,Curitiba,144.4,1,24.9741935483871,17.883870967741935,31
201804,2018,4,PR,Sul,Mata Atlântica,Curitiba,15.0,16,23.52,14.943333333333333,30
201805,2018,5,PR,Sul,Mata Atlântica,Curitiba,27.299999999999997,14,20.932258064516127,12.693548387096774,31
201806,2018,6,PR,Sul,Mata Atlântica,Curitiba,89.7,9,18.91,10.806666666666667,30
201807,2018,7,PR,Sul,Mata Atlântica,Curitiba,15.7,19,20.916129032258063,10.638709677419355,31
201808,2018,8,PR,Sul,Mata Atlântica,Curitiba,39.3,17,19.203225806451613,9.577419354838709,31
201809,2018,9,PR,Sul,Mata Atlântica,Curitiba,85.60000000000001,11,20.94,12.816666666666666,30
201810,2018,10,PR,Sul,Mata Atlântica,Curitiba,197.3,5,20.76774193548387,13.661290322580646,31
201811,2018,11,PR,Sul,Mata Atlântica,Curitiba,77.3,3,22.483333333333334,14.886666666666667,30
201812,2018,12,PR,Sul,Mata Atlântica,Curitiba,116.10000000000001,5,26.06451612903226,16.848387096774193,31
201901,2019,1,PR,Sul,Mata Atlântica,Curitiba,158.3,3,27.496774193548386,19.03548387096774,31
201902,2019,2,PR,Sul,Mata Atlântica,Curitiba,205.9,1,24.660714285714285,17.34642857142857,28
201903,2019,3,PR,Sul,Mata Atlântica,Curitiba,93.5,3,23.806451612903224,16.893548387096775,31
201904,2019,4,PR,Sul,Mata Atlântica,Curitiba,83.9,11,23.426666666666666,15.54,30
201905,2019,5,PR,Sul,Mata Atlântica,Curitiba,228.9,6,20.638709677419353,14.17741935483871,31
201906,2019,6,PR,Sul,Mata Atlântica,Curitiba,96.10000000000001,22,20.553333333333335,11.816666666666666,30
201907,2019,7,PR,Sul,Mata Atlântica,Curitiba,28.1,18,18.980645161290322,9.22258064516129,31
201908,2019,8,PR,Sul,Mata Atlântica,Curitiba,38.5,15,19.793548387096774,9.887096774193548,31
201909,2019,9,PR,Sul,Mata Atlântica,Curitiba,171.6,13,21.21333333333333,12.51,30
201910,2019,10,PR,Sul,Mata Atlântica,Curitiba,63.8,8,24.509677419354837,14.40967741935484,31
201911,2019,11,PR,Sul,Mata Atlântica,Curitiba,123.4,7,23.416666666666668,15.116666666666667,30
201912,2019,12,PR,Sul,Mata Atlântica,Curitiba,111.1,10,24.6,16.141935483870967,31
202001,2020,1,PR,Sul,Mata Atlântica,Curitiba,169.0,3,25.019354838709678,17.30322580645161,31
202002,2020,2,PR,Sul,Mata Atlântica,Curitiba,128.6,4,23.951724137931034,16.455172413793104,29
202003,2020,3,PR,Sul,Mata Atlântica,Curitiba,56.0,13,24.438709677419357,15.412903225806453,31
202004,2020,4,PR,Sul,Mata Atlântica,Curitiba,28.299999999999997,18,22.73,12.893333333333334,30
202005,2020,5,PR,Sul,Mata Atlântica,Curitiba,57.8,24,20.10967741935484,9.951612903225806,31
202006,2020,6,PR,Sul,Mata Atlântica,Curitiba,136.0,9,19.52,12.22,30
202007,2020,7,PR,Sul,Mata Atlântica,Curitiba,34.3,19,19.283870967741933,9.932258064516128,31
202008,2020,8,PR,Sul,Mata Atlântica,Curitiba,134.9,17,19.674193548387095,10.016129032258064,31
202009,2020,9,PR,Sul,Mata Atlântica,Curitiba,14.6,19,24.423333333333336,13.28,30
202010,2020,10,PR,Sul,Mata Atlântica,Curitiba,94.3,9,23.774193548387096,14.161290322580646,31
202011,2020,11,PR,Sul,Mata Atlântica,Curitiba,142.3,7,22.873333333333335,14.136666666666667,30
202012,2020,12,PR,Sul,Mata Atlântica,Curitiba,206.9,2,24.080645161290324,17.009677419354837,31
202101,2021,1,PR,Sul,Mata Atlântica,Curitiba,228.3,0,24.048387096774192,18.141935483870967,31
202102,2021,2,PR,Sul,Mata Atlântica,Curitiba,152.29999999999998,5,24.478571428571428,16.532142857142855,28
202103,2021,3,PR,Sul,Mata Atlântica,Curitiba,139.3,1,24.712903225806453,17.11935483870968,31
202104,2021,4,PR,Sul,Mata Atlântica,Curitiba,43.8,7,20.886666666666667,13.76,30
202105,2021,5,PR,Sul,Mata Atlântica,Curitiba,60.6,14,19.6,11.029032258064515,31
202106,2021,6,PR,Sul,Mata Atlântica,Curitiba,115.2,13,17.603333333333335,10.253333333333334,30
202107,2021,7,PR,Sul,Mata Atlântica,Curitiba,28.0,24,16.95483870967742,6.664516129032258,31
202108,2021,8,PR,Sul,Mata Atlântica,Curitiba,90.9,14,19.787096774193547,11.35483870967742,31
202109,2021,9,PR,Sul,Mata Atlântica,Curitiba,51.6,13,22.790000000000003,12.886666666666667,30
202110,2021,10,PR,Sul,Mata Atlântica,Curitiba,237.1,2,19.835483870967742,12.97741935483871,31
202111,2021,11,PR,Sul,Mata Atlântica,Curitiba,82.1,7,23.733333333333334,14.44,30
202112,2021,12,PR,Sul,Mata Atlântica,Curitiba,100.4,4,24.812903225806455,15.47741935483871,31
202201,2022,1,PR,Sul,Mata Atlântica,Curitiba,212.3,5,25.225806451612904,17.141935483870967,31
202202,2022,2,PR,Sul,Mata Atlântica,Curitiba,86.7,5,25.803571428571427,17.192857142857143,28
202203,2022,3,PR,Sul,Mata Atlântica,Curitiba,193.4,1,24.67096774193548,17.103225806451615,31
202204,2022,4,PR,Sul,Mata Atlântica,Curitiba,92.7,6,21.92,14.086666666666668,30
202205,2022,5,PR,Sul,Mata Atlântica,Curitiba,109.6,15,19.003225806451614,10.261290322580646,31
202206,2022,6,PR,Sul,Mata Atlântica,Curitiba,83.6,14,18.009999999999998,9.46,30
202207,2022,7,PR,Sul,Mata Atlântica,Curitiba,26.1,22,21.538709677419355,10.609677419354838,31
202208,2022,8,PR,Sul,Mata Atlântica,Curitiba,157.5,13,18.41290322580645,9.890322580645162,31
202209,2022,9,PR,Sul,Mata Atlântica,Curitiba,260.4,6,17.733333333333334,10.266666666666667,30
202210,2022,10,PR,Sul,Mata Atlântica,Curitiba,115.0,5,22.125806451612902,13.45483870967742,31
202211,2022,11,PR,Sul,Mata Atlântica,Curitiba,126.3,7,20.86,12.646666666666667,30
202212,2022,12,PR,Sul,Mata Atlântica,Curitiba,184.7,3,23.996774193548386,16.15806451612903,31
202301,2023,1,PR,Sul,Mata Atlântica,Curitiba,179.7,5,24.61935483870968,16.690322580645162,31
202302,2023,2,PR,Sul,Mata Atlântica,Curitiba,185.6,1,24.77857142857143,17.103571428571428,28
202303,2023,3,PR,Sul,Mata Atlântica,Curitiba,129.0,4,24.83225806451613,17.054838709677416,31
202304,2023,4,PR,Sul,Mata Atlântica,Curitiba,86.5,8,21.576666666666664,13.816666666666666,30
202305,2023,5,PR,Sul,Mata Atlântica,Curitiba,31.4,16,21.219354838709677,11.793548387096775,31
202306,2023,6,PR,Sul,Mata Atlântica,Curitiba,108.1,20,19.273333333333333,10.25,30
202307,2023,7,PR,Sul,Mata Atlântica,Curitiba,77.0,15,18.641935483870967,10.274193548387096,31
202308,2023,8,PR,Sul,Mata Atlântica,Curitiba,105.1,13,20.177419354838708,10.874193548387098,31
202309,2023,9,PR,Sul,Mata Atlântica,Curitiba,121.5,9,23.956666666666667,13.856666666666666,30
202310,2023,10,PR,Sul,Mata Atlântica,Curitiba,321.1,5,22.135483870967743,14.100000000000001,31
202311,2023,11,PR,Sul,Mata Atlântica,Curitiba,112.5,7,24.813333333333333,15.546666666666665,30
202312,2023,12,PR,Sul,Mata Atlântica,Curitiba,65.89999999999999,13,27.019354838709678,17.348387096774193,31
202401,2024,1,PR,Sul,Mata Atlântica,Curitiba,156.6,1,25.716129032258067,17.338709677419356,31
202402,2024,2,PR,Sul,Mata Atlântica,Curitiba,124.7,2,25.989655172413794,18.13103448275862,29
202403,2024,3,PR,Sul,Mata Atlântica,Curitiba,105.2,5,25.770967741935483,17.461290322580645,31
202404,2024,4,PR,Sul,Mata Atlântica,Curitiba,87.8,10,24.173333333333336,16.03666666666667,30
202405,2024,5,PR,Sul,Mata Atlântica,Curitiba,169.3,14,22.183870967741935,13.883870967741935,31
202406,2024,6,PR,Sul,Mata Atlântica,Curitiba,41.5,22,21.736666666666668,11.85,30
202407,2024,7,PR,Sul,Mata Atlântica,Curitiba,135.4,16,18.6,9.503225806451614,31
202408,2024,8,PR,Sul,Mata Atlântica,Curitiba,61.2,26,21.25483870967742,9.212903225806452,31
202409,2024,9,PR,Sul,Mata Atlântica,Curitiba,111.2,18,25.09,13.196666666666665,30
202410,2024,10,PR,Sul,Mata Atlântica,Curitiba,121.9,6,22.85483870967742,14.435483870967742,31
202411,2024,11,PR,Sul,Mata Atlântica,Curitiba,138.2,2,24.173333333333336,15.806666666666667,30
202412,2024,12,PR,Sul,Mata Atlântica,Curitiba,292.7,1,24.154838709677417,16.419354838709676,31
202501,2025,1,PR,Sul,Mata Atlântica,Curitiba,227.9,2,25.90967741935484,17.532258064516128,31
202502,2025,2,PR,Sul,Mata Atlântica,Curitiba,159.1,1,27.157142857142855,18.810714285714287,28
202503,2025,3,PR,Sul,Mata Atlântica,Curitiba,111.2,7,26.661290322580644,17.238709677419354,31
202504,2025,4,PR,Sul,Mata Atlântica,Curitiba,92.3,3,22.509999999999998,14.616666666666667,30
202505,2025,5,PR,Sul,Mata Atlântica,Curitiba,47.400000000000006,17,20.95483870967742,12.55483870967742,31
202506,2025,6,PR,Sul,Mata Atlântica,Curitiba,129.0,9,18.8,10.863333333333333,30
202507,2025,7,PR,Sul,Mata Atlântica,Curitiba,31.0,21,17.85483870967742,7.819354838709677,31
202508,2025,8,PR,Sul,Mata Atlântica,Curitiba,42.7,19,19.638709677419353,9.880645161290323,31
202509,2025,9,PR,Sul,Mata Atlântica,Curitiba,86.6,11,21.453333333333333,11.663333333333332,30
202510,2025,10,PR,Sul,Mata Atlântica,Curitiba,190.79999999999998,6,21.03548387096774,13.02258064516129,31
202511,2025,11,PR,Sul,Mata Atlântica,Curitiba,137.5,8,23.553333333333335,13.936666666666667,30
202512,2025,12,PR,Sul,Mata Atlântica,Curitiba,166.1,5,27.638709677419353,17.151612903225807,31
202601,2026,1,PR,Sul,Mata Atlântica,Curitiba,149.2,1,25.625806451612902,16.503225806451614,31
202602,2026,2,PR,Sul,Mata Atlântica,Curitiba,212.4,1,26.085714285714285,17.57857142857143,28
202603,2026,3,PR,Sul,Mata Atlântica,Curitiba,133.0,9,26.038709677419355,16.73225806451613,31
202604,2026,4,PR,Sul,Mata Atlântica,Curitiba,85.4,11,24.0,15.55,30
202605,2026,5,PR,Sul,Mata Atlântica,Curitiba,190.6,11,19.43548387096774,11.561290322580644,31
202606,2026,6,PR,Sul,Mata Atlântica,Curitiba,1.0,3,17.65,10.475,4
201501,2015,1,RN,Nordeste,Caatinga,Natal,43.4,4,29.674193548387095,24.73225806451613,31
201502,2015,2,RN,Nordeste,Caatinga,Natal,78.5,3,29.539285714285715,24.95357142857143,28
201503,2015,3,RN,Nordeste,Caatinga,Natal,237.2,2,28.85483870967742,24.570967741935487,31
201504,2015,4,RN,Nordeste,Caatinga,Natal,88.8,3,29.083333333333332,24.793333333333333,30
201505,2015,5,RN,Nordeste,Caatinga,Natal,85.7,3,28.76774193548387,24.63225806451613,31
201506,2015,6,RN,Nordeste,Caatinga,Natal,139.1,0,27.60666666666667,23.616666666666667,30
201507,2015,7,RN,Nordeste,Caatinga,Natal,246.8,1,26.68064516129032,23.11935483870968,31
201508,2015,8,RN,Nordeste,Caatinga,Natal,35.800000000000004,2,27.11935483870968,22.967741935483872,31
201509,2015,9,RN,Nordeste,Caatinga,Natal,21.0,10,28.196666666666665,23.733333333333334,30
201510,2015,10,RN,Nordeste,Caatinga,Natal,17.8,13,28.858064516129033,24.212903225806453,31
201511,2015,11,RN,Nordeste,Caatinga,Natal,7.9,15,29.459999999999997,24.64,30
201512,2015,12,RN,Nordeste,Caatinga,Natal,75.2,5,29.38064516129032,24.603225806451615,31
201601,2016,1,RN,Nordeste,Caatinga,Natal,149.5,0,28.596774193548388,24.548387096774192,31
201602,2016,2,RN,Nordeste,Caatinga,Natal,158.5,5,29.020689655172415,24.720689655172414,29
201603,2016,3,RN,Nordeste,Caatinga,Natal,100.9,5,29.51290322580645,25.351612903225806,31
201604,2016,4,RN,Nordeste,Caatinga,Natal,173.2,3,28.85,25.03666666666667,30
201605,2016,5,RN,Nordeste,Caatinga,Natal,203.6,7,28.27741935483871,24.274193548387096,31
201606,2016,6,RN,Nordeste,Caatinga,Natal,101.9,6,27.716666666666665,23.720000000000002,30
201607,2016,7,RN,Nordeste,Caatinga,Natal,50.9,2,27.56451612903226,23.151612903225807,31
201608,2016,8,RN,Nordeste,Caatinga,Natal,28.1,11,28.112903225806452,23.35483870967742,31
201609,2016,9,RN,Nordeste,Caatinga,Natal,21.2,12,28.863333333333333,23.803333333333335,30
201610,2016,10,RN,Nordeste,Caatinga,Natal,22.7,6,29.4,24.448387096774194,31
201611,2016,11,RN,Nordeste,Caatinga,Natal,23.2,7,29.596666666666668,24.720000000000002,30
201612,2016,12,RN,Nordeste,Caatinga,Natal,41.0,10,29.60967741935484,24.97741935483871,31
201701,2017,1,RN,Nordeste,Caatinga,Natal,82.80000000000001,4,29.76451612903226,25.05806451612903,31
201702,2017,2,RN,Nordeste,Caatinga,Natal,67.4,2,29.646428571428572,25.04642857142857,28
201703,2017,3,RN,Nordeste,Caatinga,Natal,187.0,0,29.309677419354838,24.593548387096774,31
201704,2017,4,RN,Nordeste,Caatinga,Natal,244.4,3,29.09333333333333,24.40666666666667,30
201705,2017,5,RN,Nordeste,Caatinga,Natal,168.2,5,28.690322580645162,24.116129032258065,31
201706,2017,6,RN,Nordeste,Caatinga,Natal,155.9,1,27.779999999999998,23.456666666666667,30
201707,2017,7,RN,Nordeste,Caatinga,Natal,400.2,2,26.38064516129032,22.25483870967742,31
201708,2017,8,RN,Nordeste,Caatinga,Natal,28.1,5,27.48709677419355,22.461290322580645,31
201709,2017,9,RN,Nordeste,Caatinga,Natal,36.2,4,27.790000000000003,22.863333333333333,30
201710,2017,10,RN,Nordeste,Caatinga,Natal,45.4,2,28.654838709677417,24.003225806451614,31
201711,2017,11,RN,Nordeste,Caatinga,Natal,24.9,3,29.173333333333336,24.576666666666664,30
201712,2017,12,RN,Nordeste,Caatinga,Natal,58.8,4,29.541935483870965,24.983870967741936,31
201801,2018,1,RN,Nordeste,Caatinga,Natal,99.7,1,29.183870967741935,24.561290322580643,31
201802,2018,2,RN,Nordeste,Caatinga,Natal,214.7,0,28.728571428571428,24.12142857142857,28
201803,2018,3,RN,Nordeste,Caatinga,Natal,175.4,1,29.009677419354837,24.712903225806453,31
201804,2018,4,RN,Nordeste,Caatinga,Natal,264.9,0,28.296666666666667,23.540000000000003,30
201805,2018,5,RN,Nordeste,Caatinga,Natal,88.6,1,28.30322580645161,23.483870967741936,31
201806,2018,6,RN,Nordeste,Caatinga,Natal,101.2,3,27.416666666666668,22.68,30
201807,2018,7,RN,Nordeste,Caatinga,Natal,254.1,4,26.76774193548387,22.23548387096774,31
201808,2018,8,RN,Nordeste,Caatinga,Natal,36.8,5,27.567741935483873,22.72258064516129,31
201809,2018,9,RN,Nordeste,Caatinga,Natal,25.6,8,28.313333333333333,23.253333333333334,30
201810,2018,10,RN,Nordeste,Caatinga,Natal,28.7,4,29.296774193548387,24.270967741935483,31
201811,2018,11,RN,Nordeste,Caatinga,Natal,31.1,2,29.90666666666667,24.67,30
201812,2018,12,RN,Nordeste,Caatinga,Natal,62.4,5,29.951612903225808,24.56451612903226,31
201901,2019,1,RN,Nordeste,Caatinga,Natal,103.1,1,29.87741935483871,24.458064516129035,31
201902,2019,2,RN,Nordeste,Caatinga,Natal,199.6,0,29.54642857142857,24.439285714285713,28
201903,2019,3,RN,Nordeste,Caatinga,Natal,307.6,0,29.093548387096774,24.24516129032258,31
201904,2019,4,RN,Nordeste,Caatinga,Natal,253.5,1,28.936666666666667,24.116666666666667,30
201905,2019,5,RN,Nordeste,Caatinga,Natal,123.5,2,28.758064516129032,24.05806451612903,31
201906,2019,6,RN,Nordeste,Caatinga,Natal,226.5,1,27.846666666666668,23.026666666666664,30
201907,2019,7,RN,Nordeste,Caatinga,Natal,118.0,2,27.212903225806453,22.43548387096774,31
201908,2019,8,RN,Nordeste,Caatinga,Natal,51.8,4,27.248387096774195,22.23225806451613,31
201909,2019,9,RN,Nordeste,Caatinga,Natal,41.1,2,28.1,23.27,30
201910,2019,10,RN,Nordeste,Caatinga,Natal,28.400000000000002,2,29.067741935483873,23.706451612903226,31
201911,2019,11,RN,Nordeste,Caatinga,Natal,15.6,7,29.96333333333333,24.726666666666667,30
201912,2019,12,RN,Nordeste,Caatinga,Natal,18.3,7,30.293548387096774,25.200000000000003,31
202001,2020,1,RN,Nordeste,Caatinga,Natal,127.8,1,29.861290322580647,24.996774193548386,31
202002,2020,2,RN,Nordeste,Caatinga,Natal,149.7,0,30.141379310344828,24.951724137931034,29
202003,2020,3,RN,Nordeste,Caatinga,Natal,210.9,0,29.68064516129032,24.483870967741936,31
202004,2020,4,RN,Nordeste,Caatinga,Natal,193.9,0,29.220000000000002,24.506666666666668,30
202005,2020,5,RN,Nordeste,Caatinga,Natal,296.2,1,28.45483870967742,23.893548387096775,31
202006,2020,6,RN,Nordeste,Caatinga,Natal,167.4,1,27.636666666666667,23.066666666666666,30
202007,2020,7,RN,Nordeste,Caatinga,Natal,142.6,6,27.003225806451614,21.929032258064513,31
202008,2020,8,RN,Nordeste,Caatinga,Natal,26.8,6,27.780645161290323,22.112903225806452,31
202009,2020,9,RN,Nordeste,Caatinga,Natal,28.5,7,28.32,22.64,30
202010,2020,10,RN,Nordeste,Caatinga,Natal,36.7,3,29.36774193548387,23.725806451612904,31
202011,2020,11,RN,Nordeste,Caatinga,Natal,43.3,1,29.756666666666668,24.55,30
202012,2020,12,RN,Nordeste,Caatinga,Natal,34.3,2,29.79032258064516,24.59032258064516,31
202101,2021,1,RN,Nordeste,Caatinga,Natal,39.7,1,29.92258064516129,24.848387096774193,31
202102,2021,2,RN,Nordeste,Caatinga,Natal,57.8,1,30.275000000000002,24.82857142857143,28
202103,2021,3,RN,Nordeste,Caatinga,Natal,105.2,0,29.725806451612904,24.299999999999997,31
202104,2021,4,RN,Nordeste,Caatinga,Natal,90.7,0,29.59,24.273333333333333,30
202105,2021,5,RN,Nordeste,Caatinga,Natal,104.0,4,28.677419354838708,23.406451612903226,31
202106,2021,6,RN,Nordeste,Caatinga,Natal,37.1,7,28.863333333333333,22.709999999999997,30
202107,2021,7,RN,Nordeste,Caatinga,Natal,61.4,1,28.048387096774192,22.74516129032258,31
202108,2021,8,RN,Nordeste,Caatinga,Natal,66.89999999999999,4,28.029032258064515,22.42258064516129,31
202109,2021,9,RN,Nordeste,Caatinga,Natal,90.2,4,29.016666666666666,23.206666666666667,30
202110,2021,10,RN,Nordeste,Caatinga,Natal,37.6,2,29.874193548387098,24.19677419354839,31
202111,2021,11,RN,Nordeste,Caatinga,Natal,30.6,3,30.290000000000003,25.029999999999998,30
202112,2021,12,RN,Nordeste,Caatinga,Natal,55.199999999999996,1,30.361290322580647,25.096774193548388,31
202201,2022,1,RN,Nordeste,Caatinga,Natal,146.5,2,29.851612903225806,24.17096774193548,31
202202,2022,2,RN,Nordeste,Caatinga,Natal,32.0,6,30.260714285714283,25.039285714285715,28
202203,2022,3,RN,Nordeste,Caatinga,Natal,197.0,0,29.625806451612902,23.92258064516129,31
202204,2022,4,RN,Nordeste,Caatinga,Natal,122.0,1,29.236666666666668,23.686666666666667,30
202205,2022,5,RN,Nordeste,Caatinga,Natal,226.2,1,28.325806451612905,23.30322580645161,31
202206,2022,6,RN,Nordeste,Caatinga,Natal,146.0,4,27.470000000000002,22.163333333333334,30
202207,2022,7,RN,Nordeste,Caatinga,Natal,270.8,4,27.10967741935484,21.970967741935485,31
202208,2022,8,RN,Nordeste,Caatinga,Natal,47.5,9,27.551612903225806,21.674193548387095,31
202209,2022,9,RN,Nordeste,Caatinga,Natal,30.099999999999998,6,28.28666666666667,22.540000000000003,30
202210,2022,10,RN,Nordeste,Caatinga,Natal,27.8,7,29.309677419354838,23.65806451612903,31
202211,2022,11,RN,Nordeste,Caatinga,Natal,29.2,5,29.69333333333333,24.236666666666668,30
202212,2022,12,RN,Nordeste,Caatinga,Natal,50.7,1,29.796774193548387,24.33225806451613,31
202301,2023,1,RN,Nordeste,Caatinga,Natal,51.4,2,29.80322580645161,24.200000000000003,31
202302,2023,2,RN,Nordeste,Caatinga,Natal,48.4,3,30.267857142857142,24.839285714285715,28
202303,2023,3,RN,Nordeste,Caatinga,Natal,277.90000000000003,1,29.229032258064517,23.738709677419354,31
202304,2023,4,RN,Nordeste,Caatinga,Natal,139.8,4,29.13,23.576666666666664,30
202305,2023,5,RN,Nordeste,Caatinga,Natal,50.800000000000004,3,29.419354838709676,23.845161290322583,31
202306,2023,6,RN,Nordeste,Caatinga,Natal,175.9,5,28.133333333333333,22.95,30
202307,2023,7,RN,Nordeste,Caatinga,Natal,61.8,7,28.141935483870967,22.283870967741933,31
202308,2023,8,RN,Nordeste,Caatinga,Natal,62.1,2,28.493548387096773,22.299999999999997,31
202309,2023,9,RN,Nordeste,Caatinga,Natal,50.9,3,28.959999999999997,22.696666666666665,30
202310,2023,10,RN,Nordeste,Caatinga,Natal,15.3,5,30.161290322580644,23.948387096774194,31
202311,2023,11,RN,Nordeste,Caatinga,Natal,54.0,6,30.526666666666664,24.240000000000002,30
202312,2023,12,RN,Nordeste,Caatinga,Natal,64.8,4,30.43548387096774,24.548387096774192,31
202401,2024,1,RN,Nordeste,Caatinga,Natal,56.3,4,31.270967741935483,24.983870967741936,31
202402,2024,2,RN,Nordeste,Caatinga,Natal,208.5,1,31.02758620689655,24.393103448275863,29
202403,2024,3,RN,Nordeste,Caatinga,Natal,154.9,0,30.59032258064516,24.293548387096774,31
202404,2024,4,RN,Nordeste,Caatinga,Natal,182.3,0,30.15666666666667,24.09333333333333,30
202405,2024,5,RN,Nordeste,Caatinga,Natal,128.9,0,29.43548387096774,23.82903225806452,31
202406,2024,6,RN,Nordeste,Caatinga,Natal,197.8,1,28.376666666666665,22.84333333333333,30
202407,2024,7,RN,Nordeste,Caatinga,Natal,100.5,1,27.66774193548387,21.961290322580645,31
202408,2024,8,RN,Nordeste,Caatinga,Natal,27.1,3,28.42258064516129,21.95483870967742,31
202409,2024,9,RN,Nordeste,Caatinga,Natal,27.6,1,28.763333333333332,22.509999999999998,30
202410,2024,10,RN,Nordeste,Caatinga,Natal,14.3,9,29.70967741935484,23.4741935483871,31
202411,2024,11,RN,Nordeste,Caatinga,Natal,13.6,6,30.220000000000002,24.40666666666667,30
202412,2024,12,RN,Nordeste,Caatinga,Natal,55.0,1,30.41290322580645,24.529032258064515,31
202501,2025,1,RN,Nordeste,Caatinga,Natal,76.7,2,30.419354838709676,24.374193548387098,31
202502,2025,2,RN,Nordeste,Caatinga,Natal,149.1,4,30.24285714285714,24.00357142857143,28
202503,2025,3,RN,Nordeste,Caatinga,Natal,185.1,3,30.05806451612903,23.94516129032258,31
202504,2025,4,RN,Nordeste,Caatinga,Natal,72.89999999999999,4,30.516666666666666,24.186666666666667,30
202505,2025,5,RN,Nordeste,Caatinga,Natal,82.2,4,29.403225806451612,23.4,31
202506,2025,6,RN,Nordeste,Caatinga,Natal,151.20000000000002,1,28.509999999999998,22.66,30
202507,2025,7,RN,Nordeste,Caatinga,Natal,105.2,2,27.596774193548388,22.0258064516129,31
202508,2025,8,RN,Nordeste,Caatinga,Natal,44.1,5,28.299999999999997,21.95483870967742,31
202509,2025,9,RN,Nordeste,Caatinga,Natal,33.199999999999996,6,28.65,22.626666666666665,30
202510,2025,10,RN,Nordeste,Caatinga,Natal,26.4,5,29.067741935483873,23.258064516129032,31
202511,2025,11,RN,Nordeste,Caatinga,Natal,11.5,7,29.98,24.35666666666667,30
202512,2025,12,RN,Nordeste,Caatinga,Natal,15.2,4,30.490322580645163,24.951612903225808,31
202601,2026,1,RN,Nordeste,Caatinga,Natal,57.9,6,30.387096774193548,24.541935483870965,31
202602,2026,2,RN,Nordeste,Caatinga,Natal,120.4,3,30.185714285714287,24.2,28
202603,2026,3,RN,Nordeste,Caatinga,Natal,127.0,3,30.809677419354838,24.251612903225805,31
202604,2026,4,RN,Nordeste,Caatinga,Natal,327.7,0,29.56,23.60666666666667,30
202605,2026,5,RN,Nordeste,Caatinga,Natal,212.9,2,28.990322580645163,23.283870967741933,31
202606,2026,6,RN,Nordeste,Caatinga,Natal,5.0,1,29.4,23.1,4
201501,2015,1,RS,Sul,Pampa,Porto Alegre,215.70000000000002,6,29.361290322580647,21.335483870967742,31
201502,2015,2,RS,Sul,Pampa,Porto Alegre,96.1,4,28.428571428571427,21.025000000000002,28
201503,2015,3,RS,Sul,Pampa,Porto Alegre,83.8,15,27.51290322580645,19.574193548387097,31
201504,2015,4,RS,Sul,Pampa,Porto Alegre,39.0,14,24.926666666666666,16.656666666666666,30
201505,2015,5,RS,Sul,Pampa,Porto Alegre,147.5,14,22.038709677419355,14.148387096774194,31
201506,2015,6,RS,Sul,Pampa,Porto Alegre,179.4,15,19.676666666666666,10.773333333333333,30
201507,2015,7,RS,Sul,Pampa,Porto Alegre,192.3,13,19.225806451612904,12.180645161290323,31
201508,2015,8,RS,Sul,Pampa,Porto Alegre,81.2,18,24.76774193548387,15.63225806451613,31
201509,2015,9,RS,Sul,Pampa,Porto Alegre,169.0,12,21.459999999999997,13.273333333333333,30
201510,2015,10,RS,Sul,Pampa,Porto Alegre,218.5,7,22.94193548387097,15.380645161290323,31
201511,2015,11,RS,Sul,Pampa,Porto Alegre,137.70000000000002,13,24.396666666666665,17.279999999999998,30
201512,2015,12,RS,Sul,Pampa,Porto Alegre,295.5,6,27.53548387096774,19.76451612903226,31
201601,2016,1,RS,Sul,Pampa,Porto Alegre,70.4,17,29.887096774193548,20.996774193548386,31
201602,2016,2,RS,Sul,Pampa,Porto Alegre,73.3,11,29.920689655172417,21.54137931034483,29
201603,2016,3,RS,Sul,Pampa,Porto Alegre,274.3,12,25.719354838709677,18.932258064516127,31
201604,2016,4,RS,Sul,Pampa,Porto Alegre,124.2,14,26.376666666666665,19.029999999999998,30
201605,2016,5,RS,Sul,Pampa,Porto Alegre,66.6,18,18.345161290322583,11.606451612903227,31
201606,2016,6,RS,Sul,Pampa,Porto Alegre,2.0,28,15.29,7.069999999999999,30
201607,2016,7,RS,Sul,Pampa,Porto Alegre,62.1,23,18.574193548387097,9.774193548387096,31
201608,2016,8,RS,Sul,Pampa,Porto Alegre,125.7,15,20.758064516129032,11.051612903225807,31
201609,2016,9,RS,Sul,Pampa,Porto Alegre,67.5,18,20.426666666666666,12.003333333333334,30
201610,2016,10,RS,Sul,Pampa,Porto Alegre,164.1,13,23.593548387096774,15.09032258064516,31
201611,2016,11,RS,Sul,Pampa,Porto Alegre,98.0,19,25.873333333333335,15.443333333333333,30
201612,2016,12,RS,Sul,Pampa,Porto Alegre,116.6,12,29.05806451612903,19.69677419354839,31
201701,2017,1,RS,Sul,Pampa,Porto Alegre,108.5,6,29.870967741935484,21.42258064516129,31
201702,2017,2,RS,Sul,Pampa,Porto Alegre,166.3,6,30.210714285714285,22.25714285714286,28
201703,2017,3,RS,Sul,Pampa,Porto Alegre,107.1,8,27.148387096774194,19.425806451612903,31
201704,2017,4,RS,Sul,Pampa,Porto Alegre,114.5,14,24.383333333333333,16.486666666666668,30
201705,2017,5,RS,Sul,Pampa,Porto Alegre,231.8,9,21.97741935483871,14.938709677419354,31
201706,2017,6,RS,Sul,Pampa,Porto Alegre,202.8,20,20.4,11.533333333333333,30
201707,2017,7,RS,Sul,Pampa,Porto Alegre,29.6,26,21.751612903225805,10.503225806451614,31
201708,2017,8,RS,Sul,Pampa,Porto Alegre,96.5,19,21.94193548387097,12.26774193548387,31
201709,2017,9,RS,Sul,Pampa,Porto Alegre,176.6,15,24.903333333333332,16.3,30
201710,2017,10,RS,Sul,Pampa,Porto Alegre,241.7,12,23.97741935483871,15.641935483870967,31
201711,2017,11,RS,Sul,Pampa,Porto Alegre,129.7,16,24.82,15.573333333333332,30
201712,2017,12,RS,Sul,Pampa,Porto Alegre,77.6,13,28.419354838709676,19.074193548387097,31
201801,2018,1,RS,Sul,Pampa,Porto Alegre,116.7,9,28.783870967741933,20.66774193548387,31
201802,2018,2,RS,Sul,Pampa,Porto Alegre,67.1,14,28.50357142857143,19.289285714285715,28
201803,2018,3,RS,Sul,Pampa,Porto Alegre,164.8,6,26.90967741935484,18.845161290322583,31
201804,2018,4,RS,Sul,Pampa,Porto Alegre,58.0,16,27.209999999999997,18.903333333333332,30
201805,2018,5,RS,Sul,Pampa,Porto Alegre,76.2,18,22.219354838709677,14.229032258064517,31
201806,2018,6,RS,Sul,Pampa,Porto Alegre,133.4,15,17.473333333333336,9.26,30
201807,2018,7,RS,Sul,Pampa,Porto Alegre,195.7,9,18.27741935483871,11.058064516129033,31
201808,2018,8,RS,Sul,Pampa,Porto Alegre,149.8,15,18.503225806451614,9.338709677419354,31
201809,2018,9,RS,Sul,Pampa,Porto Alegre,177.5,11,23.05,15.253333333333334,30
201810,2018,10,RS,Sul,Pampa,Porto Alegre,78.30000000000001,8,24.074193548387097,15.558064516129033,31
201811,2018,11,RS,Sul,Pampa,Porto Alegre,136.6,17,27.2,17.526666666666664,30
201812,2018,12,RS,Sul,Pampa,Porto Alegre,58.8,13,28.919354838709676,19.5,31
201901,2019,1,RS,Sul,Pampa,Porto Alegre,116.4,7,31.358064516129033,22.616129032258065,31
201902,2019,2,RS,Sul,Pampa,Porto Alegre,98.7,13,28.964285714285715,20.214285714285715,28
201903,2019,3,RS,Sul,Pampa,Porto Alegre,102.7,13,26.848387096774193,18.835483870967742,31
201904,2019,4,RS,Sul,Pampa,Porto Alegre,142.6,9,25.30666666666667,18.05666666666667,30
201905,2019,5,RS,Sul,Pampa,Porto Alegre,194.20000000000002,8,22.338709677419356,16.006451612903227,31
201906,2019,6,RS,Sul,Pampa,Porto Alegre,51.9,19,23.053333333333335,13.296666666666665,30
201907,2019,7,RS,Sul,Pampa,Porto Alegre,107.8,19,17.91290322580645,9.254838709677419,31
201908,2019,8,RS,Sul,Pampa,Porto Alegre,59.599999999999994,21,20.051612903225806,10.348387096774195,31
201909,2019,9,RS,Sul,Pampa,Porto Alegre,86.9,16,21.636666666666667,12.043333333333333,30
201910,2019,10,RS,Sul,Pampa,Porto Alegre,247.0,13,24.870967741935484,16.483870967741936,31
201911,2019,11,RS,Sul,Pampa,Porto Alegre,134.5,13,26.8,17.323333333333334,30
201912,2019,12,RS,Sul,Pampa,Porto Alegre,27.4,23,30.57741935483871,18.635483870967743,31
202001,2020,1,RS,Sul,Pampa,Porto Alegre,130.2,12,30.316129032258065,20.77741935483871,31
202002,2020,2,RS,Sul,Pampa,Porto Alegre,61.9,9,30.113793103448273,19.910344827586208,29
202003,2020,3,RS,Sul,Pampa,Porto Alegre,36.0,21,29.932258064516127,19.625806451612902,31
202004,2020,4,RS,Sul,Pampa,Porto Alegre,37.5,17,25.2,15.623333333333333,30
202005,2020,5,RS,Sul,Pampa,Porto Alegre,169.3,21,21.370967741935484,12.02258064516129,31
202006,2020,6,RS,Sul,Pampa,Porto Alegre,197.9,16,20.403333333333332,12.3,30
202007,2020,7,RS,Sul,Pampa,Porto Alegre,227.3,20,18.16774193548387,9.135483870967741,31
202008,2020,8,RS,Sul,Pampa,Porto Alegre,73.1,18,21.225806451612904,10.641935483870967,31
202009,2020,9,RS,Sul,Pampa,Porto Alegre,194.4,8,21.316666666666666,12.96,30
202010,2020,10,RS,Sul,Pampa,Porto Alegre,112.2,16,23.593548387096774,15.09032258064516,31
202011,2020,11,RS,Sul,Pampa,Porto Alegre,113.1,12,26.279999999999998,16.62666666666667,30
202012,2020,12,RS,Sul,Pampa,Porto Alegre,96.9,11,28.690322580645162,19.312903225806455,31
202101,2021,1,RS,Sul,Pampa,Porto Alegre,111.4,8,30.274193548387096,21.016129032258064,31
202102,2021,2,RS,Sul,Pampa,Porto Alegre,47.1,7,28.849999999999998,19.82857142857143,28
202103,2021,3,RS,Sul,Pampa,Porto Alegre,146.1,10,27.24516129032258,19.996774193548386,31
202104,2021,4,RS,Sul,Pampa,Porto Alegre,26.4,16,26.176666666666666,16.853333333333335,30
202105,2021,5,RS,Sul,Pampa,Porto Alegre,158.5,19,19.993548387096773,10.703225806451613,31
202106,2021,6,RS,Sul,Pampa,Porto Alegre,149.3,12,17.9,10.97,30
202107,2021,7,RS,Sul,Pampa,Porto Alegre,47.4,24,18.75483870967742,8.361290322580645,31
202108,2021,8,RS,Sul,Pampa,Porto Alegre,114.7,20,20.932258064516127,12.22258064516129,31
202109,2021,9,RS,Sul,Pampa,Porto Alegre,191.4,10,22.013333333333332,14.370000000000001,30
202110,2021,10,RS,Sul,Pampa,Porto Alegre,57.699999999999996,13,24.32903225806452,14.59032258064516,31
202111,2021,11,RS,Sul,Pampa,Porto Alegre,73.0,17,27.2,17.013333333333332,30
202112,2021,12,RS,Sul,Pampa,Porto Alegre,79.2,17,28.490322580645163,18.64516129032258,31
202201,2022,1,RS,Sul,Pampa,Porto Alegre,87.5,15,32.54516129032258,21.76451612903226,31
202202,2022,2,RS,Sul,Pampa,Porto Alegre,100.0,14,30.767857142857142,19.97142857142857,28
202203,2022,3,RS,Sul,Pampa,Porto Alegre,141.6,10,26.88064516129032,18.94193548387097,31
202204,2022,4,RS,Sul,Pampa,Porto Alegre,99.5,9,23.756666666666668,15.373333333333333,30
202205,2022,5,RS,Sul,Pampa,Porto Alegre,171.1,13,19.26451612903226,11.725806451612904,31
202206,2022,6,RS,Sul,Pampa,Porto Alegre,151.20000000000002,15,16.81,9.146666666666667,30
202207,2022,7,RS,Sul,Pampa,Porto Alegre,144.7,15,21.335483870967742,12.358064516129033,31
202208,2022,8,RS,Sul,Pampa,Porto Alegre,84.7,14,19.62258064516129,10.087096774193547,31
202209,2022,9,RS,Sul,Pampa,Porto Alegre,64.8,17,20.903333333333332,11.47,30
202210,2022,10,RS,Sul,Pampa,Porto Alegre,121.5,6,23.26451612903226,14.238709677419354,31
202211,2022,11,RS,Sul,Pampa,Porto Alegre,52.0,15,26.043333333333333,15.613333333333333,30
202212,2022,12,RS,Sul,Pampa,Porto Alegre,92.1,12,29.448387096774194,18.97741935483871,31
202301,2023,1,RS,Sul,Pampa,Porto Alegre,45.9,9,31.703225806451613,21.038709677419355,31
202302,2023,2,RS,Sul,Pampa,Porto Alegre,67.2,12,30.389285714285712,19.785714285714285,28
202303,2023,3,RS,Sul,Pampa,Porto Alegre,92.8,7,30.125806451612902,21.02258064516129,31
202304,2023,4,RS,Sul,Pampa,Porto Alegre,24.7,15,25.21333333333333,16.083333333333332,30
202305,2023,5,RS,Sul,Pampa,Porto Alegre,95.3,19,22.5258064516129,14.196774193548388,31
202306,2023,6,RS,Sul,Pampa,Porto Alegre,184.6,17,20.68,11.879999999999999,30
202307,2023,7,RS,Sul,Pampa,Porto Alegre,222.39999999999998,17,19.674193548387095,11.254838709677419,31
202308,2023,8,RS,Sul,Pampa,Porto Alegre,125.8,20,21.306451612903224,11.154838709677419,31
202309,2023,9,RS,Sul,Pampa,Porto Alegre,427.7,8,22.66,14.633333333333333,30
202310,2023,10,RS,Sul,Pampa,Porto Alegre,169.9,13,23.067741935483873,14.851612903225806,31
202311,2023,11,RS,Sul,Pampa,Porto Alegre,288.0,10,25.823333333333334,16.86,30
202312,2023,12,RS,Sul,Pampa,Porto Alegre,104.6,8,29.306451612903224,20.080645161290324,31
202401,2024,1,RS,Sul,Pampa,Porto Alegre,130.3,4,29.029032258064515,20.096774193548388,31
202402,2024,2,RS,Sul,Pampa,Porto Alegre,109.8,12,30.93103448275862,21.403448275862072,29
202403,2024,3,RS,Sul,Pampa,Porto Alegre,89.89999999999999,16,29.287096774193547,19.94193548387097,31
202404,2024,4,RS,Sul,Pampa,Porto Alegre,238.10000000000002,8,25.793333333333333,18.259999999999998,30
202405,2024,5,RS,Sul,Pampa,Porto Alegre,356.1,10,20.13225806451613,13.52258064516129,31
202406,2024,6,RS,Sul,Pampa,Porto Alegre,160.79999999999998,18,21.64333333333333,13.346666666666666,30
202407,2024,7,RS,Sul,Pampa,Porto Alegre,101.9,17,17.874193548387098,10.148387096774194,31
202408,2024,8,RS,Sul,Pampa,Porto Alegre,86.8,13,20.335483870967742,11.37741935483871,31
202409,2024,9,RS,Sul,Pampa,Porto Alegre,189.8,15,23.9,14.413333333333332,30
202410,2024,10,RS,Sul,Pampa,Porto Alegre,82.10000000000001,15,24.835483870967742,16.016129032258064,31
202411,2024,11,RS,Sul,Pampa,Porto Alegre,86.2,10,28.173333333333336,18.8,30
202412,2024,12,RS,Sul,Pampa,Porto Alegre,152.2,9,27.55806451612903,18.451612903225808,31
202501,2025,1,RS,Sul,Pampa,Porto Alegre,79.3,6,30.458064516129035,21.009677419354837,31
202502,2025,2,RS,Sul,Pampa,Porto Alegre,43.5,10,32.74285714285714,22.32857142857143,28
202503,2025,3,RS,Sul,Pampa,Porto Alegre,59.6,14,30.774193548387096,20.848387096774193,31
202504,2025,4,RS,Sul,Pampa,Porto Alegre,121.2,13,24.333333333333332,16.27,30
202505,2025,5,RS,Sul,Pampa,Porto Alegre,204.6,19,23.125806451612902,14.341935483870966,31
202506,2025,6,RS,Sul,Pampa,Porto Alegre,205.60000000000002,15,17.413333333333334,9.96,30
202507,2025,7,RS,Sul,Pampa,Porto Alegre,110.9,22,18.332258064516132,9.396774193548387,31
202508,2025,8,RS,Sul,Pampa,Porto Alegre,111.0,17,20.41290322580645,11.67741935483871,31
202509,2025,9,RS,Sul,Pampa,Porto Alegre,149.5,15,22.506666666666668,13.666666666666666,30
202510,2025,10,RS,Sul,Pampa,Porto Alegre,110.3,11,24.432258064516127,15.406451612903227,31
202511,2025,11,RS,Sul,Pampa,Porto Alegre,95.9,14,26.46333333333333,16.586666666666666,30
202512,2025,12,RS,Sul,Pampa,Porto Alegre,163.29999999999998,9,30.23548387096774,20.44516129032258,31
202601,2026,1,RS,Sul,Pampa,Porto Alegre,130.9,11,29.725806451612904,20.20967741935484,31
202602,2026,2,RS,Sul,Pampa,Porto Alegre,73.4,6,29.732142857142858,20.65357142857143,28
202603,2026,3,RS,Sul,Pampa,Porto Alegre,83.8,10,29.758064516129032,21.029032258064515,31
202604,2026,4,RS,Sul,Pampa,Porto Alegre,109.1,13,25.476666666666667,17.826666666666664,30
202605,2026,5,RS,Sul,Pampa,Porto Alegre,108.8,12,20.325806451612905,12.125806451612902,31
202606,2026,6,RS,Sul,Pampa,Porto Alegre,1.3,3,20.15,12.15,4
201501,2015,1,SC,Sul,Mata Atlântica,Florianópolis,197.6,4,29.480645161290322,23.82903225806452,31
201502,2015,2,SC,Sul,Mata Atlântica,Florianópolis,370.7,2,27.639285714285712,22.785714285714285,28
201503,2015,3,SC,Sul,Mata Atlântica,Florianópolis,173.79999999999998,3,26.18064516129032,21.548387096774192,31
201504,2015,4,SC,Sul,Mata Atlântica,Florianópolis,49.3,8,24.233333333333334,19.483333333333334,30
201505,2015,5,SC,Sul,Mata Atlântica,Florianópolis,156.6,9,21.932258064516127,17.654838709677417,31
201506,2015,6,SC,Sul,Mata Atlântica,Florianópolis,101.9,17,21.103333333333335,14.736666666666668,30
201507,2015,7,SC,Sul,Mata Atlântica,Florianópolis,158.1,11,20.23225806451613,15.40967741935484,31
201508,2015,8,SC,Sul,Mata Atlântica,Florianópolis,48.1,19,22.870967741935484,17.416129032258063,31
201509,2015,9,SC,Sul,Mata Atlântica,Florianópolis,181.9,7,22.203333333333333,16.953333333333333,30
201510,2015,10,SC,Sul,Mata Atlântica,Florianópolis,227.3,5,22.151612903225807,17.874193548387098,31
201511,2015,11,SC,Sul,Mata Atlântica,Florianópolis,159.0,3,23.34333333333333,19.576666666666664,30
201512,2015,12,SC,Sul,Mata Atlântica,Florianópolis,223.9,1,26.719354838709677,22.019354838709678,31
201601,2016,1,SC,Sul,Mata Atlântica,Florianópolis,145.0,8,27.387096774193548,22.416129032258063,31
201602,2016,2,SC,Sul,Mata Atlântica,Florianópolis,253.1,4,28.0,23.42413793103448,29
201603,2016,3,SC,Sul,Mata Atlântica,Florianópolis,186.7,5,26.725806451612904,21.41290322580645,31
201604,2016,4,SC,Sul,Mata Atlântica,Florianópolis,105.1,15,26.98,21.823333333333334,30
201605,2016,5,SC,Sul,Mata Atlântica,Florianópolis,86.5,11,20.22258064516129,15.670967741935485,31
201606,2016,6,SC,Sul,Mata Atlântica,Florianópolis,49.9,22,17.08,11.343333333333334,30
201607,2016,7,SC,Sul,Mata Atlântica,Florianópolis,76.2,24,19.345161290322583,13.170967741935485,31
201608,2016,8,SC,Sul,Mata Atlântica,Florianópolis,133.9,17,20.509677419354837,13.86774193548387,31
201609,2016,9,SC,Sul,Mata Atlântica,Florianópolis,80.5,18,21.13,14.956666666666667,30
201610,2016,10,SC,Sul,Mata Atlântica,Florianópolis,166.1,7,22.18064516129032,17.42258064516129,31
201611,2016,11,SC,Sul,Mata Atlântica,Florianópolis,88.0,8,24.046666666666667,18.523333333333333,30
201612,2016,12,SC,Sul,Mata Atlântica,Florianópolis,214.1,5,26.25483870967742,21.138709677419353,31
201701,2017,1,SC,Sul,Mata Atlântica,Florianópolis,125.6,5,29.493548387096773,23.187096774193545,31
201702,2017,2,SC,Sul,Mata Atlântica,Florianópolis,119.7,6,29.392857142857142,23.52857142857143,28
201703,2017,3,SC,Sul,Mata Atlântica,Florianópolis,111.2,4,27.22258064516129,21.838709677419356,31
201704,2017,4,SC,Sul,Mata Atlântica,Florianópolis,94.9,6,24.486666666666668,19.426666666666666,30
201705,2017,5,SC,Sul,Mata Atlântica,Florianópolis,216.7,6,22.86774193548387,17.787096774193547,31
201706,2017,6,SC,Sul,Mata Atlântica,Florianópolis,125.2,15,21.466666666666665,14.926666666666668,30
201707,2017,7,SC,Sul,Mata Atlântica,Florianópolis,13.799999999999999,21,21.361290322580647,13.712903225806452,31
201708,2017,8,SC,Sul,Mata Atlântica,Florianópolis,68.2,17,21.677419354838708,15.506451612903225,31
201709,2017,9,SC,Sul,Mata Atlântica,Florianópolis,85.4,20,23.583333333333332,18.316666666666666,30
201710,2017,10,SC,Sul,Mata Atlântica,Florianópolis,81.0,10,24.56451612903226,18.138709677419353,31
201711,2017,11,SC,Sul,Mata Atlântica,Florianópolis,94.9,12,24.703333333333333,18.12,30
201712,2017,12,SC,Sul,Mata Atlântica,Florianópolis,173.0,6,26.538709677419355,21.048387096774192,31
201801,2018,1,SC,Sul,Mata Atlântica,Florianópolis,169.9,6,28.11935483870968,22.17096774193548,31
201802,2018,2,SC,Sul,Mata Atlântica,Florianópolis,134.7,4,27.075,21.05,28
201803,2018,3,SC,Sul,Mata Atlântica,Florianópolis,154.9,8,27.1,21.906451612903226,31
201804,2018,4,SC,Sul,Mata Atlântica,Florianópolis,25.5,10,27.19333333333333,20.21333333333333,30
201805,2018,5,SC,Sul,Mata Atlântica,Florianópolis,45.2,12,23.483870967741936,17.806451612903224,31
201806,2018,6,SC,Sul,Mata Atlântica,Florianópolis,42.0,16,20.290000000000003,14.26,30
201807,2018,7,SC,Sul,Mata Atlântica,Florianópolis,69.39999999999999,19,20.370967741935484,14.103225806451613,31
201808,2018,8,SC,Sul,Mata Atlântica,Florianópolis,64.7,18,19.541935483870965,12.716129032258063,31
201809,2018,9,SC,Sul,Mata Atlântica,Florianópolis,162.0,8,22.366666666666667,16.793333333333333,30
201810,2018,10,SC,Sul,Mata Atlântica,Florianópolis,160.29999999999998,5,23.1,18.396774193548385,31
201811,2018,11,SC,Sul,Mata Atlântica,Florianópolis,90.2,5,25.226666666666667,19.773333333333333,30
201812,2018,12,SC,Sul,Mata Atlântica,Florianópolis,97.4,5,27.741935483870968,21.135483870967743,31
201901,2019,1,SC,Sul,Mata Atlântica,Florianópolis,97.89999999999999,3,30.751612903225805,24.22258064516129,31
201902,2019,2,SC,Sul,Mata Atlântica,Florianópolis,135.0,5,28.114285714285717,21.885714285714283,28
201903,2019,3,SC,Sul,Mata Atlântica,Florianópolis,121.0,3,27.287096774193547,21.55806451612903,31
201904,2019,4,SC,Sul,Mata Atlântica,Florianópolis,125.3,8,26.333333333333332,20.236666666666668,30
201905,2019,5,SC,Sul,Mata Atlântica,Florianópolis,188.7,8,23.77741935483871,18.82903225806452,31
201906,2019,6,SC,Sul,Mata Atlântica,Florianópolis,41.4,20,23.703333333333333,16.113333333333333,30
201907,2019,7,SC,Sul,Mata Atlântica,Florianópolis,69.4,16,20.074193548387097,13.341935483870968,31
201908,2019,8,SC,Sul,Mata Atlântica,Florianópolis,23.6,17,20.461290322580645,13.858064516129033,31
201909,2019,9,SC,Sul,Mata Atlântica,Florianópolis,71.3,9,20.923333333333336,15.943333333333333,30
201910,2019,10,SC,Sul,Mata Atlântica,Florianópolis,77.1,8,24.929032258064513,18.812903225806455,31
201911,2019,11,SC,Sul,Mata Atlântica,Florianópolis,106.3,6,25.209999999999997,19.553333333333335,30
201912,2019,12,SC,Sul,Mata Atlântica,Florianópolis,61.2,11,27.258064516129032,20.822580645161292,31
202001,2020,1,SC,Sul,Mata Atlântica,Florianópolis,200.9,8,28.106451612903225,22.18064516129032,31
202002,2020,2,SC,Sul,Mata Atlântica,Florianópolis,153.2,5,27.048275862068966,21.589655172413792,29
202003,2020,3,SC,Sul,Mata Atlântica,Florianópolis,57.199999999999996,4,27.174193548387095,20.970967741935485,31
202004,2020,4,SC,Sul,Mata Atlântica,Florianópolis,35.3,14,25.28666666666667,17.723333333333336,30
202005,2020,5,SC,Sul,Mata Atlântica,Florianópolis,31.9,22,23.309677419354838,14.951612903225806,31
202006,2020,6,SC,Sul,Mata Atlântica,Florianópolis,138.7,14,22.07,15.726666666666667,30
202007,2020,7,SC,Sul,Mata Atlântica,Florianópolis,82.5,17,19.980645161290322,13.02258064516129,31
202008,2020,8,SC,Sul,Mata Atlântica,Florianópolis,74.4,19,20.690322580645162,14.23225806451613,31
202009,2020,9,SC,Sul,Mata Atlântica,Florianópolis,96.3,12,22.34,16.313333333333333,30
202010,2020,10,SC,Sul,Mata Atlântica,Florianópolis,91.0,9,23.993548387096773,17.887096774193548,31
202011,2020,11,SC,Sul,Mata Atlântica,Florianópolis,120.2,3,24.94,18.90666666666667,30
202012,2020,12,SC,Sul,Mata Atlântica,Florianópolis,232.5,1,26.719354838709677,21.251612903225805,31
202101,2021,1,SC,Sul,Mata Atlântica,Florianópolis,296.6,0,27.34193548387097,22.635483870967743,31
202102,2021,2,SC,Sul,Mata Atlântica,Florianópolis,171.4,9,28.282142857142855,21.314285714285713,28
202103,2021,3,SC,Sul,Mata Atlântica,Florianópolis,202.0,4,27.574193548387097,21.74516129032258,31
202104,2021,4,SC,Sul,Mata Atlântica,Florianópolis,73.2,8,24.623333333333335,18.970000000000002,30
202105,2021,5,SC,Sul,Mata Atlântica,Florianópolis,85.9,14,21.86774193548387,14.94516129032258,31
202106,2021,6,SC,Sul,Mata Atlântica,Florianópolis,221.0,11,20.009999999999998,14.113333333333333,30
202107,2021,7,SC,Sul,Mata Atlântica,Florianópolis,21.7,22,19.793548387096774,11.845161290322581,31
202108,2021,8,SC,Sul,Mata Atlântica,Florianópolis,55.6,12,21.048387096774192,14.654838709677419,31
202109,2021,9,SC,Sul,Mata Atlântica,Florianópolis,114.5,6,22.473333333333336,16.933333333333334,30
202110,2021,10,SC,Sul,Mata Atlântica,Florianópolis,171.7,7,22.31935483870968,17.532258064516128,31
202111,2021,11,SC,Sul,Mata Atlântica,Florianópolis,99.7,6,24.653333333333332,19.146666666666665,30
202112,2021,12,SC,Sul,Mata Atlântica,Florianópolis,59.6,3,26.56451612903226,20.287096774193547,31
202201,2022,1,SC,Sul,Mata Atlântica,Florianópolis,91.39999999999999,9,29.04516129032258,22.612903225806452,31
202202,2022,2,SC,Sul,Mata Atlântica,Florianópolis,96.0,6,29.160714285714285,21.842857142857145,28
202203,2022,3,SC,Sul,Mata Atlântica,Florianópolis,173.1,4,27.638709677419353,21.783870967741933,31
202204,2022,4,SC,Sul,Mata Atlântica,Florianópolis,82.3,5,24.663333333333334,18.766666666666666,30
202205,2022,5,SC,Sul,Mata Atlântica,Florianópolis,273.2,14,21.58709677419355,15.225806451612904,31
202206,2022,6,SC,Sul,Mata Atlântica,Florianópolis,106.1,12,19.19333333333333,13.093333333333334,30
202207,2022,7,SC,Sul,Mata Atlântica,Florianópolis,22.6,21,21.75483870967742,15.041935483870969,31
202208,2022,8,SC,Sul,Mata Atlântica,Florianópolis,230.2,16,20.061290322580643,13.948387096774193,31
202209,2022,9,SC,Sul,Mata Atlântica,Florianópolis,90.2,12,21.19333333333333,14.233333333333333,30
202210,2022,10,SC,Sul,Mata Atlântica,Florianópolis,194.6,6,23.335483870967742,17.106451612903225,31
202211,2022,11,SC,Sul,Mata Atlântica,Florianópolis,221.3,7,23.83,17.706666666666667,30
202212,2022,12,SC,Sul,Mata Atlântica,Florianópolis,301.2,8,26.664516129032258,20.593548387096774,31
202301,2023,1,SC,Sul,Mata Atlântica,Florianópolis,152.0,1,28.46451612903226,22.06451612903226,31
202302,2023,2,SC,Sul,Mata Atlântica,Florianópolis,258.1,4,28.38214285714286,21.760714285714283,28
202303,2023,3,SC,Sul,Mata Atlântica,Florianópolis,115.9,5,28.42258064516129,22.164516129032258,31
202304,2023,4,SC,Sul,Mata Atlântica,Florianópolis,88.8,12,24.916666666666668,18.553333333333335,30
202305,2023,5,SC,Sul,Mata Atlântica,Florianópolis,34.3,17,24.135483870967743,16.838709677419356,31
202306,2023,6,SC,Sul,Mata Atlântica,Florianópolis,121.1,20,22.663333333333334,14.566666666666666,30
202307,2023,7,SC,Sul,Mata Atlântica,Florianópolis,93.8,15,20.83225806451613,14.551612903225807,31
202308,2023,8,SC,Sul,Mata Atlântica,Florianópolis,75.2,18,22.070967741935487,14.919354838709678,31
202309,2023,9,SC,Sul,Mata Atlântica,Florianópolis,110.3,7,24.02,17.236666666666668,30
202310,2023,10,SC,Sul,Mata Atlântica,Florianópolis,365.7,3,22.174193548387095,17.73548387096774,31
202311,2023,11,SC,Sul,Mata Atlântica,Florianópolis,254.3,10,25.253333333333334,19.35666666666667,30
202312,2023,12,SC,Sul,Mata Atlântica,Florianópolis,62.1,6,28.39032258064516,21.86774193548387,31
202401,2024,1,SC,Sul,Mata Atlântica,Florianópolis,216.5,1,27.65483870967742,21.712903225806453,31
202402,2024,2,SC,Sul,Mata Atlântica,Florianópolis,146.5,1,29.055172413793105,22.358620689655172,29
202403,2024,3,SC,Sul,Mata Atlântica,Florianópolis,141.2,7,28.4741935483871,21.635483870967743,31
202404,2024,4,SC,Sul,Mata Atlântica,Florianópolis,262.4,6,26.490000000000002,20.653333333333332,30
202405,2024,5,SC,Sul,Mata Atlântica,Florianópolis,167.9,15,23.23225806451613,16.948387096774194,31
202406,2024,6,SC,Sul,Mata Atlântica,Florianópolis,71.2,19,23.1,15.476666666666667,30
202407,2024,7,SC,Sul,Mata Atlântica,Florianópolis,183.3,15,19.30322580645161,12.80967741935484,31
202408,2024,8,SC,Sul,Mata Atlântica,Florianópolis,28.2,20,20.958064516129035,13.35483870967742,31
202409,2024,9,SC,Sul,Mata Atlântica,Florianópolis,68.4,13,23.873333333333335,16.473333333333333,30
202410,2024,10,SC,Sul,Mata Atlântica,Florianópolis,152.4,9,24.212903225806453,18.312903225806455,31
202411,2024,11,SC,Sul,Mata Atlântica,Florianópolis,171.6,5,25.426666666666666,19.86,30
202412,2024,12,SC,Sul,Mata Atlântica,Florianópolis,180.8,0,26.287096774193547,19.932258064516127,31
202501,2025,1,SC,Sul,Mata Atlântica,Florianópolis,104.7,1,28.36774193548387,21.503225806451614,31
202502,2025,2,SC,Sul,Mata Atlântica,Florianópolis,105.0,3,30.307142857142857,23.075,28
202503,2025,3,SC,Sul,Mata Atlântica,Florianópolis,77.10000000000001,8,29.683870967741935,21.712903225806453,31
202504,2025,4,SC,Sul,Mata Atlântica,Florianópolis,121.7,11,25.486666666666668,18.42,30
202505,2025,5,SC,Sul,Mata Atlântica,Florianópolis,41.9,14,24.11935483870968,16.970967741935485,31
202506,2025,6,SC,Sul,Mata Atlântica,Florianópolis,110.5,10,20.206666666666667,13.866666666666667,30
202507,2025,7,SC,Sul,Mata Atlântica,Florianópolis,25.4,23,19.748387096774195,11.783870967741937,31
202508,2025,8,SC,Sul,Mata Atlântica,Florianópolis,115.9,15,20.309677419354838,13.393548387096773,31
202509,2025,9,SC,Sul,Mata Atlântica,Florianópolis,142.9,8,21.8,15.01,30
202510,2025,10,SC,Sul,Mata Atlântica,Florianópolis,191.1,3,22.625806451612902,17.164516129032258,31
202511,2025,11,SC,Sul,Mata Atlântica,Florianópolis,106.6,9,23.990000000000002,17.44333333333333,30
202512,2025,12,SC,Sul,Mata Atlântica,Florianópolis,203.39999999999998,9,28.690322580645162,21.26774193548387,31
202601,2026,1,SC,Sul,Mata Atlântica,Florianópolis,106.8,9,28.748387096774195,21.019354838709678,31
202602,2026,2,SC,Sul,Mata Atlântica,Florianópolis,164.7,4,28.892857142857142,22.13214285714286,28
202603,2026,3,SC,Sul,Mata Atlântica,Florianópolis,73.7,4,28.364516129032257,21.948387096774194,31
202604,2026,4,SC,Sul,Mata Atlântica,Florianópolis,93.5,10,26.65666666666667,19.456666666666667,30
202605,2026,5,SC,Sul,Mata Atlântica,Florianópolis,90.7,12,21.729032258064517,14.51290322580645,31
202606,2026,6,SC,Sul,Mata Atlântica,Florianópolis,4.800000000000001,1,20.625,14.75,4
201501,2015,1,SE,Nordeste,Mata Atlântica,Aracaju,29.7,9,28.548387096774192,24.506451612903227,31
201502,2015,2,SE,Nordeste,Mata Atlântica,Aracaju,88.10000000000001,1,29.039285714285715,24.410714285714285,28
201503,2015,3,SE,Nordeste,Mata Atlântica,Aracaju,47.3,3,29.12258064516129,24.809677419354838,31
201504,2015,4,SE,Nordeste,Mata Atlântica,Aracaju,81.3,4,29.226666666666667,24.740000000000002,30
201505,2015,5,SE,Nordeste,Mata Atlântica,Aracaju,195.2,1,27.706451612903226,23.906451612903226,31
201506,2015,6,SE,Nordeste,Mata Atlântica,Aracaju,178.2,0,26.253333333333334,22.953333333333333,30
201507,2015,7,SE,Nordeste,Mata Atlântica,Aracaju,112.0,0,25.67096774193548,22.638709677419353,31
201508,2015,8,SE,Nordeste,Mata Atlântica,Aracaju,65.0,5,25.5,22.17096774193548,31
201509,2015,9,SE,Nordeste,Mata Atlântica,Aracaju,32.5,6,26.85666666666667,22.94333333333333,30
201510,2015,10,SE,Nordeste,Mata Atlântica,Aracaju,37.1,14,27.729032258064517,23.519354838709678,31
201511,2015,11,SE,Nordeste,Mata Atlântica,Aracaju,6.5,23,29.59,24.37,30
201512,2015,12,SE,Nordeste,Mata Atlântica,Aracaju,20.8,16,29.55483870967742,24.62258064516129,31
201601,2016,1,SE,Nordeste,Mata Atlântica,Aracaju,86.7,8,29.506451612903227,24.948387096774194,31
201602,2016,2,SE,Nordeste,Mata Atlântica,Aracaju,41.0,4,29.341379310344827,25.099999999999998,29
201603,2016,3,SE,Nordeste,Mata Atlântica,Aracaju,49.1,1,29.593548387096774,25.33225806451613,31
201604,2016,4,SE,Nordeste,Mata Atlântica,Aracaju,43.9,5,28.933333333333334,25.15,30
201605,2016,5,SE,Nordeste,Mata Atlântica,Aracaju,108.0,4,27.73548387096774,24.061290322580643,31
201606,2016,6,SE,Nordeste,Mata Atlântica,Aracaju,121.69999999999999,5,26.68,23.246666666666666,30
201607,2016,7,SE,Nordeste,Mata Atlântica,Aracaju,49.8,4,26.04516129032258,22.73548387096774,31
201608,2016,8,SE,Nordeste,Mata Atlântica,Aracaju,56.5,8,26.56451612903226,22.638709677419353,31
201609,2016,9,SE,Nordeste,Mata Atlântica,Aracaju,53.8,3,26.753333333333334,22.95,30
201610,2016,10,SE,Nordeste,Mata Atlântica,Aracaju,27.3,9,28.429032258064513,23.86774193548387,31
201611,2016,11,SE,Nordeste,Mata Atlântica,Aracaju,31.2,13,28.933333333333334,24.27,30
201612,2016,12,SE,Nordeste,Mata Atlântica,Aracaju,31.4,14,29.59032258064516,24.69677419354839,31
201701,2017,1,SE,Nordeste,Mata Atlântica,Aracaju,40.0,1,29.60967741935484,25.13225806451613,31
201702,2017,2,SE,Nordeste,Mata Atlântica,Aracaju,58.4,4,29.775000000000002,25.407142857142855,28
201703,2017,3,SE,Nordeste,Mata Atlântica,Aracaju,72.2,2,29.648387096774194,25.370967741935484,31
201704,2017,4,SE,Nordeste,Mata Atlântica,Aracaju,158.6,1,28.706666666666667,24.89333333333333,30
201705,2017,5,SE,Nordeste,Mata Atlântica,Aracaju,167.2,3,27.793548387096774,24.316129032258065,31
201706,2017,6,SE,Nordeste,Mata Atlântica,Aracaju,211.6,0,26.576666666666664,23.52,30
201707,2017,7,SE,Nordeste,Mata Atlântica,Aracaju,116.10000000000001,2,25.432258064516127,22.451612903225808,31
201708,2017,8,SE,Nordeste,Mata Atlântica,Aracaju,98.7,2,25.361290322580647,22.03548387096774,31
201709,2017,9,SE,Nordeste,Mata Atlântica,Aracaju,166.5,1,25.723333333333336,22.55666666666667,30
201710,2017,10,SE,Nordeste,Mata Atlântica,Aracaju,68.5,0,26.81935483870968,23.583870967741937,31
201711,2017,11,SE,Nordeste,Mata Atlântica,Aracaju,35.7,7,28.103333333333335,24.35,30
201712,2017,12,SE,Nordeste,Mata Atlântica,Aracaju,44.6,7,29.193548387096776,24.87741935483871,31
201801,2018,1,SE,Nordeste,Mata Atlântica,Aracaju,53.0,4,29.358064516129033,24.893548387096775,31
201802,2018,2,SE,Nordeste,Mata Atlântica,Aracaju,72.8,2,29.239285714285717,24.946428571428573,28
201803,2018,3,SE,Nordeste,Mata Atlântica,Aracaju,94.3,3,29.374193548387098,24.86774193548387,31
201804,2018,4,SE,Nordeste,Mata Atlântica,Aracaju,105.5,4,28.563333333333333,24.773333333333333,30
201805,2018,5,SE,Nordeste,Mata Atlântica,Aracaju,136.0,0,27.65806451612903,23.70967741935484,31
201806,2018,6,SE,Nordeste,Mata Atlântica,Aracaju,111.19999999999999,2,26.883333333333333,23.19333333333333,30
201807,2018,7,SE,Nordeste,Mata Atlântica,Aracaju,91.6,0,26.006451612903227,22.451612903225808,31
201808,2018,8,SE,Nordeste,Mata Atlântica,Aracaju,47.7,2,26.796774193548387,22.94516129032258,31
201809,2018,9,SE,Nordeste,Mata Atlântica,Aracaju,34.9,3,27.459999999999997,23.540000000000003,30
201810,2018,10,SE,Nordeste,Mata Atlântica,Aracaju,35.8,6,28.809677419354838,24.11935483870968,31
201811,2018,11,SE,Nordeste,Mata Atlântica,Aracaju,56.6,0,29.05,24.65666666666667,30
201812,2018,12,SE,Nordeste,Mata Atlântica,Aracaju,32.2,4,29.980645161290322,24.887096774193548,31
201901,2019,1,SE,Nordeste,Mata Atlântica,Aracaju,54.9,2,30.032258064516128,25.30322580645161,31
201902,2019,2,SE,Nordeste,Mata Atlântica,Aracaju,38.9,1,30.910714285714285,25.732142857142858,28
201903,2019,3,SE,Nordeste,Mata Atlântica,Aracaju,151.6,5,30.56451612903226,25.12258064516129,31
201904,2019,4,SE,Nordeste,Mata Atlântica,Aracaju,74.9,2,29.58,25.259999999999998,30
201905,2019,5,SE,Nordeste,Mata Atlântica,Aracaju,70.6,5,29.325806451612905,24.38064516129032,31
201906,2019,6,SE,Nordeste,Mata Atlântica,Aracaju,207.7,1,27.07,23.446666666666665,30
201907,2019,7,SE,Nordeste,Mata Atlântica,Aracaju,214.2,3,26.187096774193545,22.503225806451614,31
201908,2019,8,SE,Nordeste,Mata Atlântica,Aracaju,70.8,1,26.206451612903226,22.538709677419355,31
201909,2019,9,SE,Nordeste,Mata Atlântica,Aracaju,61.6,1,26.683333333333334,22.95,30
201910,2019,10,SE,Nordeste,Mata Atlântica,Aracaju,64.3,2,28.051612903225806,23.612903225806452,31
201911,2019,11,SE,Nordeste,Mata Atlântica,Aracaju,37.5,7,29.523333333333333,24.423333333333336,30
201912,2019,12,SE,Nordeste,Mata Atlântica,Aracaju,42.3,6,30.451612903225808,24.870967741935484,31
202001,2020,1,SE,Nordeste,Mata Atlântica,Aracaju,39.5,6,30.63225806451613,25.32903225806452,31
202002,2020,2,SE,Nordeste,Mata Atlântica,Aracaju,57.8,0,31.079310344827583,25.586206896551722,29
202003,2020,3,SE,Nordeste,Mata Atlântica,Aracaju,134.1,1,30.938709677419357,25.258064516129032,31
202004,2020,4,SE,Nordeste,Mata Atlântica,Aracaju,150.8,4,29.696666666666665,24.9,30
202005,2020,5,SE,Nordeste,Mata Atlântica,Aracaju,197.8,1,27.993548387096773,24.258064516129032,31
202006,2020,6,SE,Nordeste,Mata Atlântica,Aracaju,127.5,0,26.996666666666666,23.266666666666666,30
202007,2020,7,SE,Nordeste,Mata Atlântica,Aracaju,124.4,3,26.274193548387096,22.40967741935484,31
202008,2020,8,SE,Nordeste,Mata Atlântica,Aracaju,72.3,0,26.212903225806453,22.212903225806453,31
202009,2020,9,SE,Nordeste,Mata Atlântica,Aracaju,61.2,0,26.95,22.736666666666668,30
202010,2020,10,SE,Nordeste,Mata Atlântica,Aracaju,27.3,8,29.032258064516128,23.835483870967742,31
202011,2020,11,SE,Nordeste,Mata Atlântica,Aracaju,116.1,3,29.226666666666667,24.39333333333333,30
202012,2020,12,SE,Nordeste,Mata Atlântica,Aracaju,28.6,6,29.674193548387095,24.616129032258065,31
202101,2021,1,SE,Nordeste,Mata Atlântica,Aracaju,57.4,2,29.574193548387097,24.59032258064516,31
202102,2021,2,SE,Nordeste,Mata Atlântica,Aracaju,19.599999999999998,10,30.914285714285715,25.12142857142857,28
202103,2021,3,SE,Nordeste,Mata Atlântica,Aracaju,72.7,7,30.274193548387096,24.79032258064516,31
202104,2021,4,SE,Nordeste,Mata Atlântica,Aracaju,121.0,2,29.043333333333333,24.59,30
202105,2021,5,SE,Nordeste,Mata Atlântica,Aracaju,202.4,1,27.312903225806455,23.541935483870965,31
202106,2021,6,SE,Nordeste,Mata Atlântica,Aracaju,87.8,2,26.726666666666667,22.81,30
202107,2021,7,SE,Nordeste,Mata Atlântica,Aracaju,214.2,3,25.816129032258065,22.480645161290322,31
202108,2021,8,SE,Nordeste,Mata Atlântica,Aracaju,68.4,1,25.85483870967742,22.322580645161292,31
202109,2021,9,SE,Nordeste,Mata Atlântica,Aracaju,41.9,4,27.623333333333335,23.17,30
202110,2021,10,SE,Nordeste,Mata Atlântica,Aracaju,54.0,4,28.993548387096777,24.141935483870967,31
202111,2021,11,SE,Nordeste,Mata Atlântica,Aracaju,46.3,3,29.596666666666668,24.813333333333333,30
202112,2021,12,SE,Nordeste,Mata Atlântica,Aracaju,97.0,1,29.270967741935483,24.719354838709677,31
202201,2022,1,SE,Nordeste,Mata Atlântica,Aracaju,116.7,2,28.96451612903226,24.151612903225807,31
202202,2022,2,SE,Nordeste,Mata Atlântica,Aracaju,37.9,1,30.071428571428573,24.87857142857143,28
202203,2022,3,SE,Nordeste,Mata Atlântica,Aracaju,176.9,1,29.10967741935484,24.364516129032257,31
202204,2022,4,SE,Nordeste,Mata Atlântica,Aracaju,149.2,2,29.53666666666667,24.083333333333332,30
202205,2022,5,SE,Nordeste,Mata Atlântica,Aracaju,216.1,2,28.29032258064516,23.75483870967742,31
202206,2022,6,SE,Nordeste,Mata Atlântica,Aracaju,191.6,0,26.21333333333333,22.553333333333335,30
202207,2022,7,SE,Nordeste,Mata Atlântica,Aracaju,160.6,0,25.84193548387097,22.216129032258067,31
202208,2022,8,SE,Nordeste,Mata Atlântica,Aracaju,121.7,4,26.067741935483873,21.883870967741935,31
202209,2022,9,SE,Nordeste,Mata Atlântica,Aracaju,80.6,4,26.496666666666666,22.013333333333332,30
202210,2022,10,SE,Nordeste,Mata Atlântica,Aracaju,74.6,6,28.03548387096774,23.44193548387097,31
202211,2022,11,SE,Nordeste,Mata Atlântica,Aracaju,188.6,1,28.326666666666664,23.720000000000002,30
202212,2022,12,SE,Nordeste,Mata Atlântica,Aracaju,63.3,6,28.77741935483871,23.95483870967742,31
202301,2023,1,SE,Nordeste,Mata Atlântica,Aracaju,60.5,3,29.05806451612903,24.24516129032258,31
202302,2023,2,SE,Nordeste,Mata Atlântica,Aracaju,73.89999999999999,4,29.464285714285715,24.417857142857144,28
202303,2023,3,SE,Nordeste,Mata Atlântica,Aracaju,140.0,2,29.074193548387097,24.070967741935487,31
202304,2023,4,SE,Nordeste,Mata Atlântica,Aracaju,125.4,3,28.673333333333336,23.836666666666666,30
202305,2023,5,SE,Nordeste,Mata Atlântica,Aracaju,217.6,1,27.80322580645161,23.703225806451613,31
202306,2023,6,SE,Nordeste,Mata Atlântica,Aracaju,235.0,0,26.57,22.976666666666667,30
202307,2023,7,SE,Nordeste,Mata Atlântica,Aracaju,106.7,2,26.47741935483871,22.451612903225808,31
202308,2023,8,SE,Nordeste,Mata Atlântica,Aracaju,102.5,2,26.79032258064516,22.496774193548386,31
202309,2023,9,SE,Nordeste,Mata Atlântica,Aracaju,59.3,2,27.64,23.003333333333334,30
202310,2023,10,SE,Nordeste,Mata Atlântica,Aracaju,46.1,3,28.887096774193548,23.4741935483871,31
202311,2023,11,SE,Nordeste,Mata Atlântica,Aracaju,37.6,5,29.683333333333334,24.10666666666667,30
202312,2023,12,SE,Nordeste,Mata Atlântica,Aracaju,74.8,4,29.700000000000003,24.56451612903226,31
202401,2024,1,SE,Nordeste,Mata Atlântica,Aracaju,80.5,7,30.496774193548386,24.638709677419353,31
202402,2024,2,SE,Nordeste,Mata Atlântica,Aracaju,116.3,3,30.220689655172414,25.279310344827586,29
202403,2024,3,SE,Nordeste,Mata Atlântica,Aracaju,117.2,6,31.193548387096776,25.493548387096773,31
202404,2024,4,SE,Nordeste,Mata Atlântica,Aracaju,111.1,1,30.10666666666667,24.666666666666668,30
202405,2024,5,SE,Nordeste,Mata Atlântica,Aracaju,223.7,1,28.396774193548385,23.916129032258063,31
202406,2024,6,SE,Nordeste,Mata Atlântica,Aracaju,172.6,1,26.913333333333334,22.733333333333334,30
202407,2024,7,SE,Nordeste,Mata Atlântica,Aracaju,96.6,0,26.648387096774194,22.664516129032258,31
202408,2024,8,SE,Nordeste,Mata Atlântica,Aracaju,57.0,3,26.893548387096775,22.299999999999997,31
202409,2024,9,SE,Nordeste,Mata Atlântica,Aracaju,42.7,3,27.7,22.67,30
202410,2024,10,SE,Nordeste,Mata Atlântica,Aracaju,27.3,6,28.929032258064513,23.438709677419357,31
202411,2024,11,SE,Nordeste,Mata Atlântica,Aracaju,36.9,2,29.09333333333333,24.576666666666664,30
202412,2024,12,SE,Nordeste,Mata Atlântica,Aracaju,28.7,4,29.51290322580645,25.06451612903226,31
202501,2025,1,SE,Nordeste,Mata Atlântica,Aracaju,117.7,1,29.84193548387097,24.94193548387097,31
202502,2025,2,SE,Nordeste,Mata Atlântica,Aracaju,76.4,0,29.514285714285712,24.607142857142858,28
202503,2025,3,SE,Nordeste,Mata Atlântica,Aracaju,70.0,1,29.674193548387095,24.97741935483871,31
202504,2025,4,SE,Nordeste,Mata Atlântica,Aracaju,32.2,4,30.4,25.453333333333333,30
202505,2025,5,SE,Nordeste,Mata Atlântica,Aracaju,315.7,0,27.851612903225806,23.748387096774195,31
202506,2025,6,SE,Nordeste,Mata Atlântica,Aracaju,287.7,0,26.71333333333333,23.1,30
202507,2025,7,SE,Nordeste,Mata Atlântica,Aracaju,97.6,2,26.190322580645162,22.074193548387097,31
202508,2025,8,SE,Nordeste,Mata Atlântica,Aracaju,130.0,0,26.148387096774194,22.374193548387098,31
202509,2025,9,SE,Nordeste,Mata Atlântica,Aracaju,90.7,1,26.383333333333333,22.913333333333334,30
202510,2025,10,SE,Nordeste,Mata Atlântica,Aracaju,66.8,3,27.47741935483871,23.358064516129033,31
202511,2025,11,SE,Nordeste,Mata Atlântica,Aracaju,39.300000000000004,3,29.16,24.3,30
202512,2025,12,SE,Nordeste,Mata Atlântica,Aracaju,24.0,4,29.490322580645163,24.95483870967742,31
202601,2026,1,SE,Nordeste,Mata Atlântica,Aracaju,42.8,1,29.693548387096776,24.82903225806452,31
202602,2026,2,SE,Nordeste,Mata Atlântica,Aracaju,87.9,4,29.849999999999998,24.675,28
202603,2026,3,SE,Nordeste,Mata Atlântica,Aracaju,124.5,2,30.093548387096774,25.048387096774192,31
202604,2026,4,SE,Nordeste,Mata Atlântica,Aracaju,168.0,1,28.626666666666665,24.240000000000002,30
202605,2026,5,SE,Nordeste,Mata Atlântica,Aracaju,124.5,0,28.212903225806453,23.56451612903226,31
202606,2026,6,SE,Nordeste,Mata Atlântica,Aracaju,13.200000000000001,1,28.2,23.125,4
